R_Wrist_PosX,R_Wrist_PosY,R_Wrist_PosZ,R_Wrist_RotX,R_Wrist_RotY,R_Wrist_RotZ,R_Wrist_RotW,R_IndexMetacarpal_PosX,R_IndexMetacarpal_PosY,R_IndexMetacarpal_PosZ,R_IndexMetacarpal_RotX,R_IndexMetacarpal_RotY,R_IndexMetacarpal_RotZ,R_IndexMetacarpal_RotW,R_IndexProximal_PosX,R_IndexProximal_PosY,R_IndexProximal_PosZ,R_IndexProximal_RotX,R_IndexProximal_RotY,R_IndexProximal_RotZ,R_IndexProximal_RotW,R_IndexIntermediate_PosX,R_IndexIntermediate_PosY,R_IndexIntermediate_PosZ,R_IndexIntermediate_RotX,R_IndexIntermediate_RotY,R_IndexIntermediate_RotZ,R_IndexIntermediate_RotW,R_IndexDistal_PosX,R_IndexDistal_PosY,R_IndexDistal_PosZ,R_IndexDistal_RotX,R_IndexDistal_RotY,R_IndexDistal_RotZ,R_IndexDistal_RotW,R_LittleMetacarpal_PosX,R_LittleMetacarpal_PosY,R_LittleMetacarpal_PosZ,R_LittleMetacarpal_RotX,R_LittleMetacarpal_RotY,R_LittleMetacarpal_RotZ,R_LittleMetacarpal_RotW,R_LittleProximal_PosX,R_LittleProximal_PosY,R_LittleProximal_PosZ,R_LittleProximal_RotX,R_LittleProximal_RotY,R_LittleProximal_RotZ,R_LittleProximal_RotW,R_LittleIntermediate_PosX,R_LittleIntermediate_PosY,R_LittleIntermediate_PosZ,R_LittleIntermediate_RotX,R_LittleIntermediate_RotY,R_LittleIntermediate_RotZ,R_LittleIntermediate_RotW,R_LittleDistal_PosX,R_LittleDistal_PosY,R_LittleDistal_PosZ,R_LittleDistal_RotX,R_LittleDistal_RotY,R_LittleDistal_RotZ,R_LittleDistal_RotW,R_MiddleMetacarpal_PosX,R_MiddleMetacarpal_PosY,R_MiddleMetacarpal_PosZ,R_MiddleMetacarpal_RotX,R_MiddleMetacarpal_RotY,R_MiddleMetacarpal_RotZ,R_MiddleMetacarpal_RotW,R_MiddleProximal_PosX,R_MiddleProximal_PosY,R_MiddleProximal_PosZ,R_MiddleProximal_RotX,R_MiddleProximal_RotY,R_MiddleProximal_RotZ,R_MiddleProximal_RotW,R_MiddleIntermediate_PosX,R_MiddleIntermediate_PosY,R_MiddleIntermediate_PosZ,R_MiddleIntermediate_RotX,R_MiddleIntermediate_RotY,R_MiddleIntermediate_RotZ,R_MiddleIntermediate_RotW,R_MiddleDistal_PosX,R_MiddleDistal_PosY,R_MiddleDistal_PosZ,R_MiddleDistal_RotX,R_MiddleDistal_RotY,R_MiddleDistal_RotZ,R_MiddleDistal_RotW,R_Palm_PosX,R_Palm_PosY,R_Palm_PosZ,R_Palm_RotX,R_Palm_RotY,R_Palm_RotZ,R_Palm_RotW,R_RingMetacarpal_PosX,R_RingMetacarpal_PosY,R_RingMetacarpal_PosZ,R_RingMetacarpal_RotX,R_RingMetacarpal_RotY,R_RingMetacarpal_RotZ,R_RingMetacarpal_RotW,R_RingProximal_PosX,R_RingProximal_PosY,R_RingProximal_PosZ,R_RingProximal_RotX,R_RingProximal_RotY,R_RingProximal_RotZ,R_RingProximal_RotW,R_RingIntermediate_PosX,R_RingIntermediate_PosY,R_RingIntermediate_PosZ,R_RingIntermediate_RotX,R_RingIntermediate_RotY,R_RingIntermediate_RotZ,R_RingIntermediate_RotW,R_RingDistal_PosX,R_RingDistal_PosY,R_RingDistal_PosZ,R_RingDistal_RotX,R_RingDistal_RotY,R_RingDistal_RotZ,R_RingDistal_RotW,R_ThumbMetacarpal_PosX,R_ThumbMetacarpal_PosY,R_ThumbMetacarpal_PosZ,R_ThumbMetacarpal_RotX,R_ThumbMetacarpal_RotY,R_ThumbMetacarpal_RotZ,R_ThumbMetacarpal_RotW,R_ThumbProximal_PosX,R_ThumbProximal_PosY,R_ThumbProximal_PosZ,R_ThumbProximal_RotX,R_ThumbProximal_RotY,R_ThumbProximal_RotZ,R_ThumbProximal_RotW,R_ThumbDistal_PosX,R_ThumbDistal_PosY,R_ThumbDistal_PosZ,R_ThumbDistal_RotX,R_ThumbDistal_RotY,R_ThumbDistal_RotZ,R_ThumbDistal_RotW,Letter
0.066668,0.775742,0.240489,-0.514066,-0.219060,-0.190240,0.807191,-0.016421,-0.013313,0.038443,0.000000,0.000000,0.000000,1.000000,-0.007332,0.005934,0.058375,0.250078,0.009277,0.035630,0.967526,0.000000,0.000000,0.038252,0.272322,-0.000109,-0.026270,0.961848,0.000000,0.000000,0.024512,0.097746,0.024299,-0.016852,0.994772,0.023195,-0.009501,0.034365,0.018312,0.140343,-0.207036,0.968042,-0.000002,-0.000001,0.046041,-0.063429,0.036374,0.098206,0.992476,0.000000,0.000000,0.030983,0.288842,0.029356,-0.062465,0.954886,0.000000,0.000000,0.020485,0.082534,-0.048940,0.001010,0.995385,-0.000073,-0.009576,0.036262,0.000000,0.000000,0.000000,1.000000,-0.001668,0.007011,0.060203,0.163001,0.025508,-0.011196,0.986233,0.000000,0.000000,0.043294,0.294222,0.000856,-0.012638,0.955653,0.000000,0.000000,0.027785,0.087643,-0.003277,-0.052044,0.994786,-0.000907,-0.006071,0.066364,0.000000,0.000000,0.000000,1.000000,0.015121,-0.006067,0.035073,0.000000,0.000000,0.000000,1.000000,0.002494,-0.000518,0.054380,0.080902,0.077638,-0.055644,0.992135,0.000000,0.000000,0.039330,0.299953,-0.007209,-0.039525,0.953107,0.000000,0.000000,0.026801,0.131037,-0.029660,-0.010760,0.990875,-0.023341,-0.023675,0.038159,0.166286,-0.399231,0.694843,0.574594,0.000000,0.000000,0.032791,0.143946,0.057485,-0.082649,0.984451,0.000000,0.000000,0.034082,-0.082842,-0.066933,0.083927,0.990764,A
0.067748,0.777639,0.240665,-0.509457,-0.208494,-0.189326,0.813105,-0.017162,-0.012780,0.038225,0.000000,0.000000,0.000000,1.000000,-0.006590,0.005401,0.058593,0.181009,0.011866,0.033479,0.982840,0.000000,0.000000,0.038252,0.254928,0.000375,-0.026303,0.966602,0.000000,0.000000,0.024512,0.070731,0.024803,-0.016757,0.997046,0.023195,-0.009500,0.034365,0.018312,0.140343,-0.207036,0.968042,-0.000002,-0.000001,0.046041,-0.050769,0.038705,0.097184,0.993217,0.000000,0.000000,0.030983,0.284643,0.029573,-0.062146,0.956160,0.000000,0.000000,0.020485,0.073497,-0.048981,0.000979,0.996091,-0.000814,-0.009310,0.036044,0.000000,0.000000,0.000000,1.000000,-0.000927,0.006745,0.060422,0.148359,0.030967,-0.011453,0.988382,0.000000,0.000000,0.043294,0.280114,0.001033,-0.012594,0.959884,0.000000,0.000000,0.027785,0.078548,-0.002879,-0.051186,0.995591,-0.001277,-0.005937,0.066254,0.000000,0.000000,0.000000,1.000000,0.015121,-0.006067,0.035073,0.000000,0.000000,0.000000,1.000000,0.002494,-0.000518,0.054380,0.087715,0.080706,-0.056236,0.991277,0.000000,0.000000,0.039330,0.296698,-0.007097,-0.039477,0.954129,0.000000,0.000000,0.026801,0.123268,-0.029654,-0.010400,0.991876,-0.024823,-0.022608,0.037722,0.149784,-0.425329,0.676803,0.581892,0.000000,0.000000,0.032791,0.125994,0.059153,-0.082813,0.986797,0.000000,0.000000,0.034082,-0.099787,-0.068233,0.084187,0.989090,A
0.069482,0.781012,0.239973,-0.502349,-0.206800,-0.215794,0.811365,-0.017684,-0.012350,0.038041,0.000000,0.000000,0.000000,1.000000,-0.006068,0.004971,0.058777,0.133792,-0.001052,0.033442,0.990445,0.000000,0.000000,0.038252,0.240570,0.000772,-0.026324,0.970274,0.000000,0.000000,0.024512,0.062598,0.024950,-0.016726,0.997587,0.023195,-0.009500,0.034365,0.018312,0.140343,-0.207036,0.968042,-0.000002,-0.000001,0.046041,-0.051637,0.044204,0.097546,0.992907,0.000000,0.000000,0.030983,0.278151,0.029907,-0.061651,0.958090,0.000000,0.000000,0.020485,0.065152,-0.049016,0.000951,0.996670,-0.001336,-0.009095,0.035860,0.000000,0.000000,0.000000,1.000000,-0.000405,0.006530,0.060606,0.142353,0.039245,-0.012111,0.988964,0.000000,0.000000,0.043294,0.273982,0.001110,-0.012575,0.961652,0.000000,0.000000,0.027785,0.071825,-0.002585,-0.050550,0.996132,-0.001538,-0.005830,0.066163,0.000000,0.000000,0.000000,1.000000,0.015121,-0.006067,0.035073,0.000000,0.000000,0.000000,1.000000,0.002494,-0.000518,0.054380,0.090153,0.091504,-0.056808,0.990087,0.000000,0.000000,0.039330,0.292409,-0.006949,-0.039413,0.955456,0.000000,0.000000,0.026801,0.118193,-0.029648,-0.010165,0.992496,-0.025867,-0.021748,0.037355,0.134449,-0.442346,0.663581,0.588144,0.000000,0.000000,0.032791,0.108212,0.060783,-0.082948,0.988795,0.000000,0.000000,0.034082,-0.102448,-0.068436,0.084226,0.988801,A
0.072732,0.785795,0.239365,-0.498048,-0.208377,-0.231608,0.809250,-0.018354,-0.011717,0.037761,0.000000,0.000000,0.000000,1.000000,-0.005398,0.004338,0.059057,0.122269,-0.001794,0.033095,0.991944,0.000000,0.000000,0.038252,0.245483,0.000636,-0.026317,0.969043,0.000000,0.000000,0.024512,0.065056,0.024906,-0.016736,0.997430,0.023195,-0.009500,0.034365,0.018312,0.140343,-0.207036,0.968042,-0.000002,-0.000001,0.046041,-0.062905,0.048218,0.098898,0.991936,0.000000,0.000000,0.030983,0.270257,0.030311,-0.061046,0.960373,0.000000,0.000000,0.020485,0.064032,-0.049020,0.000947,0.996743,-0.002006,-0.008778,0.035580,0.000000,0.000000,0.000000,1.000000,0.000266,0.006213,0.060885,0.133832,0.045532,-0.012378,0.989880,0.000000,0.000000,0.043294,0.274308,0.001106,-0.012576,0.961559,0.000000,0.000000,0.027785,0.072188,-0.002601,-0.050584,0.996104,-0.001874,-0.005672,0.066023,0.000000,0.000000,0.000000,1.000000,0.015121,-0.006067,0.035073,0.000000,0.000000,0.000000,1.000000,0.002494,-0.000518,0.054380,0.091459,0.098033,-0.057156,0.989322,0.000000,0.000000,0.039330,0.292281,-0.006945,-0.039411,0.955495,0.000000,0.000000,0.026801,0.118283,-0.029648,-0.010169,0.992485,-0.027208,-0.020482,0.036795,0.086941,-0.439291,0.647163,0.616965,0.000000,0.000000,0.032791,0.078062,0.063493,-0.083115,0.991447,0.000000,0.000000,0.034082,-0.101446,-0.068360,0.084212,0.988911,A
0.076784,0.790831,0.237628,-0.482009,-0.233247,-0.297004,0.790602,-0.018716,-0.011330,0.037586,0.000000,0.000000,0.000000,1.000000,-0.005037,0.003951,0.059232,0.116275,-0.002669,0.032938,0.992667,0.000000,0.000000,0.038252,0.245837,0.000627,-0.026317,0.968954,0.000000,0.000000,0.024512,0.069874,0.024818,-0.016754,0.997106,0.023195,-0.009500,0.034365,0.018312,0.140343,-0.207036,0.968042,-0.000002,-0.000001,0.046041,-0.066406,0.050383,0.099396,0.991550,0.000000,0.000000,0.030983,0.271073,0.030270,-0.061109,0.960140,0.000000,0.000000,0.020485,0.065109,-0.049016,0.000951,0.996673,-0.002367,-0.008585,0.035405,0.000000,0.000000,0.000000,1.000000,0.000627,0.006020,0.061060,0.129441,0.064645,-0.013835,0.989381,0.000000,0.000000,0.043294,0.275355,0.001093,-0.012579,0.961260,0.000000,0.000000,0.027785,0.075343,-0.002739,-0.050883,0.995855,-0.002054,-0.005575,0.065935,0.000000,0.000000,0.000000,1.000000,0.015121,-0.006067,0.035073,0.000000,0.000000,0.000000,1.000000,0.002494,-0.000518,0.054380,0.092220,0.105664,-0.057500,0.988446,0.000000,0.000000,0.039330,0.293092,-0.006973,-0.039423,0.955246,0.000000,0.000000,0.026801,0.121956,-0.029652,-0.010339,0.992039,-0.027930,-0.019709,0.036444,0.029421,-0.403771,0.635594,0.657362,0.000000,0.000000,0.032791,0.069564,0.064245,-0.083148,0.992028,0.000000,0.000000,0.034082,-0.097639,-0.068069,0.084156,0.989319,A
0.082996,0.798733,0.231914,-0.423064,-0.263984,-0.414862,0.761064,-0.019319,-0.010593,0.037243,0.000000,0.000000,0.000000,1.000000,-0.004433,0.003214,0.059575,0.119173,-0.009087,0.033441,0.992269,0.000000,0.000000,0.038252,0.245764,0.000628,-0.026317,0.968972,0.000000,0.000000,0.024512,0.071212,0.024794,-0.016759,0.997012,0.023195,-0.009500,0.034365,0.018312,0.140343,-0.207036,0.968042,-0.000002,-0.000001,0.046041,-0.065318,0.050134,0.099267,0.991648,0.000000,0.000000,0.030983,0.293818,0.029097,-0.062843,0.953350,0.000000,0.000000,0.020485,0.086286,-0.048921,0.001023,0.995068,-0.002971,-0.008216,0.035062,0.000000,0.000000,0.000000,1.000000,0.001230,0.005651,0.061403,0.130054,0.065171,-0.013918,0.989265,0.000000,0.000000,0.043294,0.275565,0.001090,-0.012580,0.961200,0.000000,0.000000,0.027785,0.080795,-0.002977,-0.051399,0.995400,-0.002356,-0.005391,0.065764,0.000000,0.000000,0.000000,1.000000,0.015121,-0.006067,0.035073,0.000000,0.000000,0.000000,1.000000,0.002494,-0.000518,0.054380,0.091281,0.106040,-0.057419,0.988497,0.000000,0.000000,0.039330,0.292884,-0.006966,-0.039420,0.955310,0.000000,0.000000,0.026801,0.128876,-0.029659,-0.010660,0.991160,-0.029137,-0.018235,0.035759,-0.081772,-0.317734,0.597867,0.731378,0.000000,0.000000,0.032791,0.110500,0.060574,-0.082932,0.988556,0.000000,0.000000,0.034082,-0.077052,-0.066484,0.083832,0.991269,A
0.087450,0.802245,0.230887,-0.402207,-0.291839,-0.470856,0.728940,-0.020223,-0.009166,0.036554,0.000000,0.000000,0.000000,1.000000,-0.003529,0.001787,0.060264,0.121258,-0.009952,0.033585,0.992003,0.000000,0.000000,0.038252,0.245629,0.000632,-0.026317,0.969006,0.000000,0.000000,0.024512,0.071592,0.024787,-0.016760,0.996985,0.023195,-0.009500,0.034365,0.018312,0.140343,-0.207036,0.968042,-0.000002,-0.000001,0.046041,-0.064075,0.047359,0.098965,0.991896,0.000000,0.000000,0.030983,0.294254,0.029075,-0.062876,0.953214,0.000000,0.000000,0.020485,0.088026,-0.048912,0.001029,0.994916,-0.003875,-0.007503,0.034373,0.000000,0.000000,0.000000,1.000000,0.002134,0.004938,0.062093,0.132815,0.064185,-0.014000,0.988961,0.000000,0.000000,0.043294,0.275946,0.001085,-0.012581,0.961090,0.000000,0.000000,0.027785,0.084418,-0.003136,-0.051741,0.995081,-0.002808,-0.005034,0.065419,0.000000,0.000000,0.000000,1.000000,0.015121,-0.006067,0.035073,0.000000,0.000000,0.000000,1.000000,0.002494,-0.000518,0.054380,0.089063,0.105349,-0.057174,0.988787,0.000000,0.000000,0.039330,0.292162,-0.006941,-0.039409,0.955531,0.000000,0.000000,0.026801,0.130712,-0.029660,-0.010745,0.990919,-0.030945,-0.015380,0.034380,-0.163229,-0.285448,0.531468,0.780652,0.000000,0.000000,0.032791,0.093406,0.062122,-0.083040,0.990212,0.000000,0.000000,0.034082,-0.076624,-0.066451,0.083825,0.991305,A
0.091323,0.808800,0.236337,-0.377822,-0.313431,-0.517403,0.700932,-0.020850,-0.007702,0.035818,0.000000,0.000000,0.000000,1.000000,-0.002902,0.000323,0.061000,0.124332,-0.009421,0.033682,0.991624,0.000000,0.000000,0.038252,0.245609,0.000633,-0.026317,0.969012,0.000000,0.000000,0.024512,0.071930,0.024781,-0.016762,0.996961,0.023195,-0.009500,0.034365,0.018312,0.140343,-0.207036,0.968042,-0.000002,-0.000001,0.046041,-0.059998,0.029181,0.097449,0.993002,0.000000,0.000000,0.030983,0.301942,0.028672,-0.063456,0.950780,0.000000,0.000000,0.020485,0.107428,-0.048805,0.001094,0.993014,-0.004502,-0.006771,0.033637,0.000000,0.000000,0.000000,1.000000,0.002762,0.004206,0.062828,0.133262,0.061690,-0.013804,0.989063,0.000000,0.000000,0.043294,0.275703,0.001088,-0.012580,0.961160,0.000000,0.000000,0.027785,0.085456,-0.003181,-0.051838,0.994987,-0.003121,-0.004668,0.065051,0.000000,0.000000,0.000000,1.000000,0.015121,-0.006067,0.035073,0.000000,0.000000,0.000000,1.000000,0.002494,-0.000518,0.054380,0.087817,0.104478,-0.057023,0.989000,0.000000,0.000000,0.039330,0.292910,-0.006967,-0.039420,0.955302,0.000000,0.000000,0.026801,0.141413,-0.029667,-0.011240,0.989442,-0.032200,-0.012453,0.032909,-0.221188,-0.270304,0.464730,0.813657,0.000000,0.000000,0.032791,0.072632,0.063974,-0.083137,0.991827,0.000000,0.000000,0.034082,-0.070175,-0.065949,0.083716,0.991826,A
0.102813,0.821210,0.235903,-0.313956,-0.360677,-0.570600,0.667653,-0.021233,-0.006147,0.035009,0.000000,0.000000,0.000000,1.000000,-0.002519,-0.001232,0.061809,0.097563,-0.009123,0.032537,0.994656,0.000000,0.000000,0.038252,0.246169,0.000617,-0.026316,0.968869,0.000000,0.000000,0.024512,0.072811,0.024764,-0.016765,0.996897,0.023195,-0.009500,0.034365,0.018312,0.140343,-0.207036,0.968042,-0.000002,-0.000001,0.046041,0.043314,0.074209,0.087293,0.992470,0.000000,0.000000,0.030983,0.342141,0.026522,-0.066448,0.936921,0.000000,0.000000,0.020485,0.132270,-0.048639,0.001178,0.990019,-0.004885,-0.005993,0.032828,0.000000,0.000000,0.000000,1.000000,0.003144,0.003428,0.063637,0.134382,0.062126,-0.013908,0.988883,0.000000,0.000000,0.043294,0.274103,0.001108,-0.012575,0.961617,0.000000,0.000000,0.027785,0.082595,-0.003056,-0.051569,0.995243,-0.003313,-0.004279,0.064647,0.000000,0.000000,0.000000,1.000000,0.015121,-0.006067,0.035073,0.000000,0.000000,0.000000,1.000000,0.002494,-0.000518,0.054380,0.142986,0.112643,-0.063299,0.981254,0.000000,0.000000,0.039330,0.292932,-0.006967,-0.039421,0.955295,0.000000,0.000000,0.026801,0.142332,-0.029667,-0.011283,0.989310,-0.032965,-0.009343,0.031292,-0.253315,-0.297257,0.409022,0.824725,0.000000,0.000000,0.032791,-0.038977,0.073403,-0.083040,0.993075,0.000000,0.000000,0.034082,-0.119394,-0.069716,0.084459,0.986789,A
0.114681,0.825434,0.222773,-0.237770,-0.368508,-0.610249,0.659745,-0.021238,-0.006113,0.034991,0.000000,0.000000,0.000000,1.000000,-0.002514,-0.001266,0.061827,0.021267,-0.014126,0.029267,0.999246,0.000000,0.000000,0.038252,0.242148,0.000729,-0.026322,0.969882,0.000000,0.000000,0.024512,0.080155,0.024629,-0.016792,0.996337,0.023195,-0.009500,0.034365,0.018312,0.140343,-0.207036,0.968042,-0.000002,-0.000001,0.046041,0.043200,0.119892,0.084626,0.988230,0.000000,0.000000,0.030983,0.339918,0.026643,-0.066285,0.937738,0.000000,0.000000,0.020485,0.155973,-0.048452,0.001257,0.986572,-0.004890,-0.005976,0.032810,0.000000,0.000000,0.000000,1.000000,0.003150,0.003411,0.063655,0.146555,0.064226,-0.014843,0.987004,0.000000,0.000000,0.043294,0.213445,0.001857,-0.012356,0.976875,0.000000,0.000000,0.027785,0.065304,-0.002300,-0.049931,0.996613,-0.003315,-0.004271,0.064638,0.000000,0.000000,0.000000,1.000000,0.015121,-0.006067,0.035073,0.000000,0.000000,0.000000,1.000000,0.002494,-0.000518,0.054380,0.217353,0.134171,-0.075429,0.963881,0.000000,0.000000,0.039330,0.266799,-0.006069,-0.039016,0.962943,0.000000,0.000000,0.026801,0.141744,-0.029667,-0.011255,0.989395,-0.032976,-0.009275,0.031256,-0.252735,-0.300519,0.408897,0.823782,0.000000,0.000000,0.032791,-0.062969,0.075315,-0.082882,0.991712,0.000000,0.000000,0.034082,-0.151709,-0.072107,0.084835,0.982134,A
0.120777,0.830942,0.214665,-0.193314,-0.363228,-0.644097,0.644853,-0.021259,-0.005974,0.034917,0.000000,0.000000,0.000000,1.000000,-0.002493,-0.001406,0.061901,-0.000657,-0.015923,0.028196,0.999475,0.000000,0.000000,0.038252,0.217337,0.001412,-0.026344,0.975740,0.000000,0.000000,0.024512,0.080685,0.024619,-0.016793,0.996294,0.023195,-0.009500,0.034365,0.018312,0.140343,-0.207036,0.968042,-0.000002,-0.000001,0.046041,0.025399,0.135313,0.086798,0.986667,0.000000,0.000000,0.030983,0.323092,0.027551,-0.065040,0.943728,0.000000,0.000000,0.020485,0.157248,-0.048441,0.001261,0.986370,-0.004911,-0.005906,0.032736,0.000000,0.000000,0.000000,1.000000,0.003170,0.003342,0.063729,0.188314,0.062983,-0.017250,0.979936,0.000000,0.000000,0.043294,0.162992,0.002466,-0.012140,0.986550,0.000000,0.000000,0.027785,0.038215,-0.001117,-0.047338,0.998147,-0.003326,-0.004236,0.064601,0.000000,0.000000,0.000000,1.000000,0.015121,-0.006067,0.035073,0.000000,0.000000,0.000000,1.000000,0.002494,-0.000518,0.054380,0.254517,0.132473,-0.080522,0.954562,0.000000,0.000000,0.039330,0.238861,-0.005111,-0.038555,0.970275,0.000000,0.000000,0.026801,0.134178,-0.029663,-0.010905,0.990453,-0.033017,-0.008995,0.031108,-0.252873,-0.308726,0.406302,0.821987,0.000000,0.000000,0.032791,-0.066747,0.075612,-0.082853,0.991445,0.000000,0.000000,0.034082,-0.162344,-0.072880,0.084939,0.980366,A
0.124352,0.832073,0.217524,-0.182209,-0.355968,-0.679354,0.615276,-0.021248,-0.006051,0.034958,0.000000,0.000000,0.000000,1.000000,-0.002504,-0.001328,0.061860,0.115314,-0.014039,0.033566,0.992663,0.000000,0.000000,0.038252,0.206576,0.001707,-0.026349,0.978074,0.000000,0.000000,0.024512,0.078320,0.024663,-0.016785,0.996482,0.023195,-0.009500,0.034365,0.018312,0.140343,-0.207036,0.968042,-0.000002,-0.000001,0.046041,0.000703,0.131884,0.091399,0.987042,0.000000,0.000000,0.030983,0.315219,0.027971,-0.064453,0.946414,0.000000,0.000000,0.020485,0.159378,-0.048423,0.001268,0.986029,-0.004900,-0.005945,0.032777,0.000000,0.000000,0.000000,1.000000,0.003159,0.003380,0.063688,0.236291,0.049536,-0.017603,0.970259,0.000000,0.000000,0.043294,0.147188,0.002654,-0.012066,0.989031,0.000000,0.000000,0.027785,0.026038,-0.000585,-0.046162,0.998595,-0.003320,-0.004255,0.064621,0.000000,0.000000,0.000000,1.000000,0.015121,-0.006067,0.035073,0.000000,0.000000,0.000000,1.000000,0.002494,-0.000518,0.054380,0.280434,0.131633,-0.084213,0.947068,0.000000,0.000000,0.039330,0.232472,-0.004892,-0.038445,0.971831,0.000000,0.000000,0.026801,0.133264,-0.029662,-0.010863,0.990577,-0.032995,-0.009150,0.031189,-0.252116,-0.305603,0.408304,0.822394,0.000000,0.000000,0.032791,-0.068459,0.075747,-0.082839,0.991319,0.000000,0.000000,0.034082,-0.165538,-0.073111,0.084969,0.979813,A
0.127776,0.829796,0.222916,-0.174321,-0.355854,-0.705209,0.587929,-0.021243,-0.006083,0.034975,0.000000,0.000000,0.000000,1.000000,-0.002509,-0.001296,0.061843,0.209672,-0.011786,0.037825,0.976969,0.000000,0.000000,0.038252,0.249492,0.000525,-0.026312,0.968019,0.000000,0.000000,0.024512,0.077798,0.024672,-0.016783,0.996523,0.023195,-0.009500,0.034365,0.018312,0.140343,-0.207036,0.968042,-0.000002,-0.000001,0.046041,-0.029044,0.123175,0.096756,0.987230,0.000000,0.000000,0.030983,0.316169,0.027921,-0.064524,0.946094,0.000000,0.000000,0.020485,0.159488,-0.048422,0.001269,0.986011,-0.004895,-0.005961,0.032794,0.000000,0.000000,0.000000,1.000000,0.003154,0.003396,0.063671,0.304088,0.027922,-0.015199,0.952113,0.000000,0.000000,0.043294,0.144180,0.002690,-0.012052,0.989475,0.000000,0.000000,0.027785,0.024294,-0.000508,-0.045993,0.998646,-0.003318,-0.004263,0.064630,0.000000,0.000000,0.000000,1.000000,0.015121,-0.006067,0.035073,0.000000,0.000000,0.000000,1.000000,0.002494,-0.000518,0.054380,0.301092,0.130905,-0.087197,0.940534,0.000000,0.000000,0.039330,0.239999,-0.005150,-0.038574,0.969993,0.000000,0.000000,0.026801,0.134080,-0.029663,-0.010901,0.990467,-0.032985,-0.009214,0.031223,-0.273328,-0.257905,0.389952,0.840663,0.000000,0.000000,0.032791,-0.070001,0.075867,-0.082827,0.991203,0.000000,0.000000,0.034082,-0.164967,-0.073070,0.084964,0.979912,A
0.132292,0.827418,0.227255,-0.210287,-0.330385,-0.700863,0.596168,-0.021230,-0.006170,0.035021,0.000000,0.000000,0.000000,1.000000,-0.002523,-0.001209,0.061797,0.335652,0.000050,0.040795,0.941102,0.000000,0.000000,0.038252,0.393594,-0.003553,-0.025790,0.918916,0.000000,0.000000,0.024512,0.121958,0.023831,-0.016927,0.992105,0.023195,-0.009500,0.034365,0.018312,0.140343,-0.207036,0.968042,-0.000002,-0.000001,0.046041,0.057862,0.124288,0.081867,0.987169,0.000000,0.000000,0.030983,0.397815,0.023404,-0.070465,0.914456,0.000000,0.000000,0.020485,0.163202,-0.048390,0.001281,0.985405,-0.004881,-0.006005,0.032840,0.000000,0.000000,0.000000,1.000000,0.003141,0.003440,0.063625,0.408935,0.031090,-0.019730,0.911821,0.000000,0.000000,0.043294,0.308903,0.000671,-0.012680,0.951009,0.000000,0.000000,0.027785,0.101517,-0.003883,-0.053346,0.993395,-0.003311,-0.004285,0.064653,0.000000,0.000000,0.000000,1.000000,0.015121,-0.006067,0.035073,0.000000,0.000000,0.000000,1.000000,0.002494,-0.000518,0.054380,0.389765,0.099511,-0.090459,0.911043,0.000000,0.000000,0.039330,0.378364,-0.009921,-0.040557,0.924715,0.000000,0.000000,0.026801,0.190572,-0.029652,-0.013508,0.981132,-0.032958,-0.009388,0.031316,-0.280813,-0.236108,0.384479,0.847097,0.000000,0.000000,0.032791,-0.071380,0.075975,-0.082816,0.991098,0.000000,0.000000,0.034082,-0.164007,-0.073000,0.084955,0.980079,A
0.138543,0.827847,0.228869,-0.227256,-0.313148,-0.702686,0.597098,-0.021147,-0.006614,0.035255,0.000000,0.000000,0.000000,1.000000,-0.002605,-0.000765,0.061563,0.425938,0.027882,0.033408,0.903705,0.000000,0.000000,0.038252,0.494527,-0.006522,-0.025017,0.868778,0.000000,0.000000,0.024512,0.164793,0.022964,-0.017034,0.985914,0.023195,-0.009500,0.034365,0.018312,0.140343,-0.207036,0.968042,-0.000002,-0.000001,0.046041,0.134173,0.089316,0.074652,0.984097,0.000000,0.000000,0.030983,0.476992,0.018670,-0.075903,0.875425,0.000000,0.000000,0.020485,0.232671,-0.047649,0.001510,0.971386,-0.004799,-0.006227,0.033074,0.000000,0.000000,0.000000,1.000000,0.003058,0.003662,0.063391,0.482560,0.036676,-0.025531,0.874722,0.000000,0.000000,0.043294,0.445690,-0.001111,-0.012932,0.895093,0.000000,0.000000,0.027785,0.186069,-0.007582,-0.061089,0.980607,-0.003270,-0.004396,0.064770,0.000000,0.000000,0.000000,1.000000,0.015121,-0.006067,0.035073,0.000000,0.000000,0.000000,1.000000,0.002494,-0.000518,0.054380,0.444383,0.068985,-0.085122,0.889111,0.000000,0.000000,0.039330,0.495574,-0.014019,-0.041603,0.867455,0.000000,0.000000,0.026801,0.273287,-0.029456,-0.017296,0.961326,-0.032794,-0.010277,0.031783,-0.268794,-0.237477,0.404695,0.841176,0.000000,0.000000,0.032791,-0.072627,0.076073,-0.082805,0.991000,0.000000,0.000000,0.034082,-0.163812,-0.072986,0.084953,0.980113,A
0.139578,0.831792,0.229840,-0.178088,-0.318181,-0.734164,0.572756,-0.021106,-0.006802,0.035353,0.000000,0.000000,0.000000,1.000000,-0.002646,-0.000577,0.061465,0.481809,0.038422,0.028873,0.874958,0.000000,0.000000,0.038252,0.574815,-0.008964,-0.024118,0.817879,0.000000,0.000000,0.024512,0.213238,0.021925,-0.017118,0.976604,0.023195,-0.009500,0.034365,0.018312,0.140343,-0.207036,0.968042,-0.000002,-0.000001,0.046041,0.155009,0.074917,0.074433,0.982252,0.000000,0.000000,0.030983,0.497392,0.017388,-0.077247,0.863905,0.000000,0.000000,0.020485,0.286299,-0.046901,0.001685,0.956990,-0.004758,-0.006321,0.033172,0.000000,0.000000,0.000000,1.000000,0.003017,0.003756,0.063293,0.528736,0.038379,-0.029049,0.847421,0.000000,0.000000,0.043294,0.549194,-0.002533,-0.012930,0.835591,0.000000,0.000000,0.027785,0.275583,-0.011503,-0.068923,0.958734,-0.003249,-0.004443,0.064819,0.000000,0.000000,0.000000,1.000000,0.015121,-0.006067,0.035073,0.000000,0.000000,0.000000,1.000000,0.002494,-0.000518,0.054380,0.459659,0.066996,-0.085963,0.881383,0.000000,0.000000,0.039330,0.605445,-0.017918,-0.041940,0.794580,0.000000,0.000000,0.026801,0.363645,-0.028983,-0.021393,0.930841,-0.032711,-0.010652,0.031979,-0.259499,-0.246513,0.416643,0.835644,0.000000,0.000000,0.032791,-0.073754,0.076161,-0.082796,0.990911,0.000000,0.000000,0.034082,-0.163999,-0.073000,0.084955,0.980081,A
0.138821,0.835029,0.229194,-0.155387,-0.333771,-0.753571,0.544594,-0.021083,-0.006899,0.035404,0.000000,0.000000,0.000000,1.000000,-0.002669,-0.000480,0.061414,0.493962,0.043082,0.026482,0.868012,0.000000,0.000000,0.038252,0.610589,-0.010079,-0.023622,0.791531,0.000000,0.000000,0.024512,0.248482,0.021127,-0.017153,0.968254,0.023195,-0.009500,0.034365,0.018312,0.140343,-0.207036,0.968042,-0.000002,-0.000001,0.046041,0.119544,0.073310,0.078612,0.986993,0.000000,0.000000,0.030983,0.355073,0.025812,-0.067395,0.932049,0.000000,0.000000,0.020485,0.243002,-0.047517,0.001544,0.968860,-0.004735,-0.006369,0.033223,0.000000,0.000000,0.000000,1.000000,0.002994,0.003804,0.063243,0.544449,0.041229,-0.031712,0.837180,0.000000,0.000000,0.043294,0.619825,-0.003549,-0.012812,0.784627,0.000000,0.000000,0.027785,0.338850,-0.014278,-0.074220,0.937800,-0.003238,-0.004467,0.064844,0.000000,0.000000,0.000000,1.000000,0.015121,-0.006067,0.035073,0.000000,0.000000,0.000000,1.000000,0.002494,-0.000518,0.054380,0.475710,0.067048,-0.087852,0.872632,0.000000,0.000000,0.039330,0.677116,-0.020499,-0.041737,0.734405,0.000000,0.000000,0.026801,0.425225,-0.028492,-0.024158,0.904316,-0.032665,-0.010846,0.032080,-0.255927,-0.248424,0.421648,0.833666,0.000000,0.000000,0.032791,-0.074764,0.076240,-0.082787,0.990830,0.000000,0.000000,0.034082,-0.164721,-0.073052,0.084961,0.979955,A
0.136935,0.839139,0.225053,-0.172451,-0.340454,-0.732930,0.563174,-0.020891,-0.007578,0.035754,0.000000,0.000000,0.000000,1.000000,-0.002861,0.000199,0.061064,0.476193,0.042844,0.026803,0.877888,0.000000,0.000000,0.038252,0.677724,-0.012222,-0.022506,0.734870,0.000000,0.000000,0.024512,0.360401,0.018353,-0.017112,0.932460,0.023195,-0.009500,0.034365,0.018312,0.140343,-0.207036,0.968042,-0.000002,-0.000001,0.046041,0.172049,0.143675,0.059133,0.972759,0.000000,0.000000,0.030983,0.315103,0.027977,-0.064444,0.946454,0.000000,0.000000,0.020485,0.164189,-0.048381,0.001284,0.985241,-0.004543,-0.006708,0.033573,0.000000,0.000000,0.000000,1.000000,0.002803,0.004144,0.062892,0.561080,0.041400,-0.032978,0.826068,0.000000,0.000000,0.043294,0.692783,-0.004647,-0.012566,0.721022,0.000000,0.000000,0.027785,0.415724,-0.017652,-0.080369,0.905761,-0.003142,-0.004637,0.065019,0.000000,0.000000,0.000000,1.000000,0.015121,-0.006067,0.035073,0.000000,0.000000,0.000000,1.000000,0.002494,-0.000518,0.054380,0.543486,0.065555,-0.095796,0.831353,0.000000,0.000000,0.039330,0.733048,-0.022540,-0.041280,0.678549,0.000000,0.000000,0.026801,0.472064,-0.028018,-0.026246,0.880728,-0.032282,-0.012204,0.032782,-0.234914,-0.251988,0.452530,0.822517,0.000000,0.000000,0.032791,-0.046140,0.073978,-0.082998,0.992728,0.000000,0.000000,0.034082,-0.152920,-0.072196,0.084848,0.981939,A
0.138453,0.845161,0.219936,-0.204320,-0.313832,-0.692942,0.616113,-0.020738,-0.008019,0.035980,0.000000,0.000000,0.000000,1.000000,-0.003015,0.000640,0.060838,0.428446,0.038770,0.028974,0.902270,0.000000,0.000000,0.038252,0.738500,-0.014233,-0.021242,0.673769,0.000000,0.000000,0.024512,0.443442,0.016036,-0.016918,0.896000,0.023195,-0.009500,0.034365,0.018312,0.140343,-0.207036,0.968042,-0.000002,-0.000001,0.046041,0.299349,0.189972,0.019038,0.934847,0.000000,0.000000,0.030983,0.390807,0.023806,-0.069968,0.917501,0.000000,0.000000,0.020485,0.180650,-0.048227,0.001339,0.982363,-0.004389,-0.006929,0.033799,0.000000,0.000000,0.000000,1.000000,0.002649,0.004364,0.062667,0.534860,0.048379,-0.035182,0.842821,0.000000,0.000000,0.043294,0.735811,-0.005322,-0.012349,0.677054,0.000000,0.000000,0.027785,0.471455,-0.020101,-0.084611,0.877592,-0.003065,-0.004747,0.065132,0.000000,0.000000,0.000000,1.000000,0.015121,-0.006067,0.035073,0.000000,0.000000,0.000000,1.000000,0.002494,-0.000518,0.054380,0.561825,0.076501,-0.105162,0.816971,0.000000,0.000000,0.039330,0.756078,-0.023389,-0.040999,0.652778,0.000000,0.000000,0.026801,0.502442,-0.027661,-0.027592,0.863728,-0.031974,-0.013087,0.033232,-0.216482,-0.261317,0.475007,0.811922,0.000000,0.000000,0.032791,-0.009165,0.070971,-0.083168,0.993963,0.000000,0.000000,0.034082,-0.140486,-0.071284,0.084715,0.983873,A
0.140037,0.851783,0.217254,-0.211595,-0.301872,-0.680499,0.633263,-0.020640,-0.008269,0.036106,0.000000,0.000000,0.000000,1.000000,-0.003113,0.000890,0.060712,0.393282,0.028942,0.032719,0.918380,0.000000,0.000000,0.038252,0.789013,-0.015970,-0.019955,0.613845,0.000000,0.000000,0.024512,0.511902,0.013940,-0.016640,0.858769,0.023195,-0.009500,0.034365,0.018312,0.140343,-0.207036,0.968042,-0.000002,-0.000001,0.046041,0.377467,0.124795,0.029947,0.917087,0.000000,0.000000,0.030983,0.541750,0.014503,-0.080081,0.836590,0.000000,0.000000,0.020485,0.370139,-0.045406,0.001953,0.927864,-0.004292,-0.007054,0.033925,0.000000,0.000000,0.000000,1.000000,0.002551,0.004489,0.062540,0.483164,0.054240,-0.034305,0.873174,0.000000,0.000000,0.043294,0.769833,-0.005874,-0.012130,0.638104,0.000000,0.000000,0.027785,0.534306,-0.022867,-0.089152,0.840266,-0.003016,-0.004810,0.065195,0.000000,0.000000,0.000000,1.000000,0.015121,-0.006067,0.035073,0.000000,0.000000,0.000000,1.000000,0.002494,-0.000518,0.054380,0.519113,0.085789,-0.103496,0.844068,0.000000,0.000000,0.039330,0.758459,-0.023477,-0.040967,0.650008,0.000000,0.000000,0.026801,0.552486,-0.026981,-0.029795,0.832552,-0.031779,-0.013587,0.033485,-0.218053,-0.245182,0.479925,0.813640,0.000000,0.000000,0.032791,0.036167,0.067152,-0.083220,0.993608,0.000000,0.000000,0.034082,-0.093325,-0.067739,0.084091,0.989763,A
0.141673,0.856722,0.216818,-0.220089,-0.311611,-0.686853,0.618621,-0.020043,-0.009494,0.036715,0.000000,0.000000,0.000000,1.000000,-0.003710,0.002115,0.060103,0.348686,0.026839,0.033031,0.936273,0.000000,0.000000,0.038252,0.798602,-0.016308,-0.019681,0.601317,0.000000,0.000000,0.024512,0.555666,0.012500,-0.016400,0.831150,0.023195,-0.009500,0.034365,0.018312,0.140343,-0.207036,0.968042,-0.000002,-0.000001,0.046041,0.434324,0.069535,0.048328,0.896768,0.000000,0.000000,0.030983,0.665392,0.005653,-0.087240,0.741357,0.000000,0.000000,0.020485,0.524343,-0.041485,0.002428,0.850493,-0.003694,-0.007667,0.034534,0.000000,0.000000,0.000000,1.000000,0.001954,0.005102,0.061931,0.414231,0.057060,-0.030430,0.907872,0.000000,0.000000,0.043294,0.790276,-0.006215,-0.011975,0.612602,0.000000,0.000000,0.027785,0.563650,-0.024159,-0.091175,0.820611,-0.002718,-0.005116,0.065500,0.000000,0.000000,0.000000,1.000000,0.015121,-0.006067,0.035073,0.000000,0.000000,0.000000,1.000000,0.002494,-0.000518,0.054380,0.465015,0.091840,-0.098101,0.875045,0.000000,0.000000,0.039330,0.790716,-0.024676,-0.040454,0.610347,0.000000,0.000000,0.026801,0.597607,-0.026258,-0.031763,0.800729,-0.030584,-0.016037,0.034703,-0.184267,-0.235905,0.529981,0.793420,0.000000,0.000000,0.032791,0.042771,0.066584,-0.083213,0.993385,0.000000,0.000000,0.034082,-0.042718,-0.063783,0.083214,0.993571,A
0.140097,0.860260,0.212711,-0.271771,-0.306542,-0.663931,0.625594,-0.018389,-0.011681,0.037745,0.000000,0.000000,0.000000,1.000000,-0.005363,0.004302,0.059073,0.338290,0.032239,0.031314,0.939968,0.000000,0.000000,0.038252,0.799662,-0.016346,-0.019650,0.599907,0.000000,0.000000,0.024512,0.557834,0.012427,-0.016387,0.829698,0.023195,-0.009500,0.034365,0.018312,0.140343,-0.207036,0.968042,-0.000002,-0.000001,0.046041,0.446255,0.045643,0.059120,0.891784,0.000000,0.000000,0.030983,0.707411,0.002311,-0.089367,0.701126,0.000000,0.000000,0.020485,0.564578,-0.040171,0.002548,0.824398,-0.002041,-0.008760,0.035564,0.000000,0.000000,0.000000,1.000000,0.000300,0.006195,0.060901,0.415595,0.057090,-0.030540,0.907243,0.000000,0.000000,0.043294,0.791378,-0.006234,-0.011966,0.611178,0.000000,0.000000,0.027785,0.566263,-0.024274,-0.091351,0.818787,-0.001891,-0.005663,0.066015,0.000000,0.000000,0.000000,1.000000,0.015121,-0.006067,0.035073,0.000000,0.000000,0.000000,1.000000,0.002494,-0.000518,0.054380,0.437982,0.094031,-0.095094,0.888981,0.000000,0.000000,0.039330,0.790833,-0.024680,-0.040451,0.610195,0.000000,0.000000,0.026801,0.595179,-0.026299,-0.031658,0.802539,-0.027277,-0.020411,0.036763,-0.033485,-0.311231,0.640073,0.701656,0.000000,0.000000,0.032791,0.089864,0.062440,-0.083059,0.990519,0.000000,0.000000,0.034082,-0.007084,-0.060903,0.082468,0.994706,A
0.138734,0.862374,0.210282,-0.343199,-0.289018,-0.628129,0.635718,-0.017127,-0.012807,0.038236,0.000000,0.000000,0.000000,1.000000,-0.006625,0.005428,0.058582,0.318352,0.039145,0.029331,0.946710,0.000000,0.000000,0.038252,0.752730,-0.014715,-0.020904,0.657834,0.000000,0.000000,0.024512,0.519661,0.013691,-0.016601,0.854101,0.023195,-0.009500,0.034365,0.018312,0.140343,-0.207036,0.968042,-0.000002,-0.000001,0.046041,0.443973,0.035879,0.063978,0.893033,0.000000,0.000000,0.030983,0.710541,0.002054,-0.089518,0.697935,0.000000,0.000000,0.020485,0.579789,-0.039638,0.002593,0.813798,-0.000779,-0.009323,0.036055,0.000000,0.000000,0.000000,1.000000,-0.000962,0.006758,0.060411,0.427002,0.061512,-0.033237,0.901544,0.000000,0.000000,0.043294,0.786470,-0.006151,-0.012006,0.617482,0.000000,0.000000,0.027785,0.567608,-0.024333,-0.091442,0.817843,-0.001260,-0.005944,0.066260,0.000000,0.000000,0.000000,1.000000,0.015121,-0.006067,0.035073,0.000000,0.000000,0.000000,1.000000,0.002494,-0.000518,0.054380,0.449756,0.086851,-0.093638,0.883973,0.000000,0.000000,0.039330,0.776745,-0.024155,-0.040693,0.628035,0.000000,0.000000,0.026801,0.574898,-0.026635,-0.030775,0.817212,-0.024753,-0.022662,0.037744,0.078079,-0.355009,0.684605,0.631814,0.000000,0.000000,0.032791,0.161069,0.055872,-0.082467,0.981904,0.000000,0.000000,0.034082,0.045080,-0.056549,0.081186,0.994072,A
0.139683,0.862430,0.210373,-0.373743,-0.274567,-0.597061,0.654559,-0.016280,-0.013406,0.038480,0.000000,0.000000,0.000000,1.000000,-0.007473,0.006027,0.058338,0.280104,0.041999,0.028831,0.958617,0.000000,0.000000,0.038252,0.703186,-0.013055,-0.022009,0.710546,0.000000,0.000000,0.024512,0.469313,0.015265,-0.016826,0.882740,0.023195,-0.009500,0.034365,0.018312,0.140343,-0.207036,0.968042,-0.000002,-0.000001,0.046041,0.401481,0.045501,0.061754,0.912650,0.000000,0.000000,0.030983,0.611420,0.009679,-0.084264,0.786748,0.000000,0.000000,0.020485,0.558704,-0.040372,0.002531,0.828380,0.000069,-0.009623,0.036299,0.000000,0.000000,0.000000,1.000000,-0.001809,0.007058,0.060166,0.354510,0.070861,-0.030898,0.931851,0.000000,0.000000,0.043294,0.722890,-0.005117,-0.012421,0.690833,0.000000,0.000000,0.027785,0.541494,-0.023183,-0.089653,0.835589,-0.000836,-0.006094,0.066382,0.000000,0.000000,0.000000,1.000000,0.015121,-0.006067,0.035073,0.000000,0.000000,0.000000,1.000000,0.002494,-0.000518,0.054380,0.413570,0.091122,-0.090510,0.901368,0.000000,0.000000,0.039330,0.722624,-0.022158,-0.041388,0.689645,0.000000,0.000000,0.026801,0.544925,-0.027091,-0.029463,0.837529,-0.023058,-0.023860,0.038233,0.147198,-0.374789,0.701709,0.587768,0.000000,0.000000,0.032791,0.224679,0.049690,-0.081564,0.969741,0.000000,0.000000,0.034082,0.114049,-0.050537,0.079144,0.989027,A
0.137146,0.863695,0.207629,-0.433692,-0.247759,-0.527296,0.687376,-0.016462,-0.013286,0.038432,0.000000,0.000000,0.000000,1.000000,-0.007290,0.005907,0.058386,0.222117,0.039002,0.029797,0.973784,0.000000,0.000000,0.038252,0.701880,-0.013012,-0.022036,0.711836,0.000000,0.000000,0.024512,0.461087,0.015513,-0.016857,0.887059,0.023195,-0.009500,0.034365,0.018312,0.140343,-0.207036,0.968042,-0.000002,-0.000001,0.046041,0.373134,0.044302,0.063959,0.924509,0.000000,0.000000,0.030983,0.560023,0.013275,-0.081212,0.824380,0.000000,0.000000,0.020485,0.542026,-0.040924,0.002481,0.839361,-0.000114,-0.009563,0.036251,0.000000,0.000000,0.000000,1.000000,-0.001627,0.006998,0.060214,0.293712,0.060807,-0.023460,0.953669,0.000000,0.000000,0.043294,0.700282,-0.004763,-0.012533,0.713741,0.000000,0.000000,0.027785,0.490974,-0.020960,-0.086050,0.866661,-0.000927,-0.006064,0.066358,0.000000,0.000000,0.000000,1.000000,0.015121,-0.006067,0.035073,0.000000,0.000000,0.000000,1.000000,0.002494,-0.000518,0.054380,0.371717,0.094631,-0.086346,0.919465,0.000000,0.000000,0.039330,0.702940,-0.021438,-0.041563,0.709710,0.000000,0.000000,0.026801,0.531766,-0.027277,-0.028885,0.845959,-0.023423,-0.023620,0.038137,0.183585,-0.416795,0.690403,0.562070,0.000000,0.000000,0.032791,0.229124,0.049246,-0.081487,0.968730,0.000000,0.000000,0.034082,0.061827,-0.055116,0.080727,0.993289,A
0.138472,0.862072,0.204586,-0.510277,-0.250712,-0.405599,0.715717,-0.017285,-0.012683,0.038184,0.000000,0.000000,0.000000,1.000000,-0.006467,0.005304,0.058634,0.203291,0.038743,0.029928,0.977894,0.000000,0.000000,0.038252,0.566195,-0.008698,-0.024228,0.823870,0.000000,0.000000,0.024512,0.328669,0.019178,-0.017148,0.944095,0.023195,-0.009500,0.034365,0.018312,0.140343,-0.207036,0.968042,-0.000002,-0.000001,0.046041,0.176834,0.026565,0.080719,0.980565,0.000000,0.000000,0.030983,0.428921,0.021588,-0.072641,0.900158,0.000000,0.000000,0.020485,0.361452,-0.045580,0.001925,0.931274,-0.000937,-0.009261,0.036003,0.000000,0.000000,0.000000,1.000000,-0.000804,0.006696,0.060463,0.064250,0.052173,-0.009655,0.996522,0.000000,0.000000,0.043294,0.497070,-0.001808,-0.012954,0.867612,0.000000,0.000000,0.027785,0.342378,-0.014432,-0.074509,0.936492,-0.001339,-0.005913,0.066234,0.000000,0.000000,0.000000,1.000000,0.015121,-0.006067,0.035073,0.000000,0.000000,0.000000,1.000000,0.002494,-0.000518,0.054380,0.123328,0.096436,-0.060031,0.985843,0.000000,0.000000,0.039330,0.509146,-0.014498,-0.041682,0.859548,0.000000,0.000000,0.026801,0.366886,-0.028961,-0.021539,0.929566,-0.025069,-0.022414,0.037640,0.154361,-0.436839,0.672482,0.577159,0.000000,0.000000,0.032791,0.224011,0.049756,-0.081575,0.969891,0.000000,0.000000,0.034082,0.060313,-0.055246,0.080769,0.993371,A
0.137838,0.860602,0.204988,-0.544276,-0.236703,-0.334508,0.732011,-0.017473,-0.012530,0.038118,0.000000,0.000000,0.000000,1.000000,-0.006280,0.005151,0.058700,0.234875,0.025302,0.032273,0.971160,0.000000,0.000000,0.038252,0.501407,-0.006729,-0.024951,0.864825,0.000000,0.000000,0.024512,0.265535,0.020728,-0.017162,0.963726,0.023195,-0.009500,0.034365,0.018312,0.140343,-0.207036,0.968042,-0.000002,-0.000001,0.046041,0.099610,0.019731,0.086208,0.991089,0.000000,0.000000,0.030983,0.353093,0.025921,-0.067250,0.932808,0.000000,0.000000,0.020485,0.233581,-0.047638,0.001513,0.971169,-0.001125,-0.009185,0.035937,0.000000,0.000000,0.000000,1.000000,-0.000616,0.006620,0.060528,0.000367,0.052880,-0.006637,0.998579,0.000000,0.000000,0.043295,0.376356,-0.000195,-0.012838,0.926386,0.000000,0.000000,0.027785,0.221661,-0.009141,-0.064250,0.972962,-0.001433,-0.005875,0.066201,0.000000,0.000000,0.000000,1.000000,0.015121,-0.006067,0.035073,0.000000,0.000000,0.000000,1.000000,0.002494,-0.000518,0.054380,0.052094,0.099350,-0.053565,0.992243,0.000000,0.000000,0.039330,0.401009,-0.010709,-0.040808,0.915102,0.000000,0.000000,0.026801,0.255167,-0.029518,-0.016469,0.966306,-0.025444,-0.022108,0.037510,0.142445,-0.436933,0.668797,0.584388,0.000000,0.000000,0.032791,0.217038,0.050449,-0.081691,0.971430,0.000000,0.000000,0.034082,0.054075,-0.055781,0.080942,0.993686,A
0.136120,0.855824,0.214005,-0.586160,-0.253218,-0.278083,0.717612,-0.017455,-0.012544,0.038125,0.000000,0.000000,0.000000,1.000000,-0.006297,0.005165,0.058693,0.259987,0.000123,0.037821,0.964871,0.000000,0.000000,0.038252,0.446368,-0.005093,-0.025431,0.894474,0.000000,0.000000,0.024512,0.210262,0.021990,-0.017114,0.977248,0.023195,-0.009500,0.034365,0.018312,0.140343,-0.207036,0.968042,-0.000002,-0.000001,0.046041,0.056048,0.015983,0.089062,0.994319,0.000000,0.000000,0.030983,0.290679,0.029261,-0.062605,0.954322,0.000000,0.000000,0.020485,0.131175,-0.048647,0.001174,0.990164,-0.001107,-0.009192,0.035944,0.000000,0.000000,0.000000,1.000000,-0.000633,0.006627,0.060522,-0.043688,0.043675,-0.005375,0.998076,0.000000,0.000000,0.043294,0.261787,0.001262,-0.012534,0.965043,0.000000,0.000000,0.027785,0.105700,-0.004066,-0.053736,0.992937,-0.001424,-0.005878,0.066205,0.000000,0.000000,0.000000,1.000000,0.015121,-0.006067,0.035073,0.000000,0.000000,0.000000,1.000000,0.002494,-0.000518,0.054380,0.019355,0.099705,-0.050598,0.993541,0.000000,0.000000,0.039330,0.327683,-0.008166,-0.039918,0.943909,0.000000,0.000000,0.026801,0.171106,-0.029666,-0.012611,0.984725,-0.025410,-0.022137,0.037522,0.139647,-0.433241,0.669708,0.586764,0.000000,0.000000,0.032791,0.209892,0.051154,-0.081806,0.972952,0.000000,0.000000,0.034082,0.030114,-0.057815,0.081577,0.994533,A
0.136090,0.854536,0.216660,-0.586967,-0.265281,-0.251053,0.722543,-0.017274,-0.012691,0.038187,0.000000,0.000000,0.000000,1.000000,-0.006478,0.005312,0.058631,0.265365,-0.054231,0.049627,0.961342,0.000000,0.000000,0.038252,0.379604,-0.003149,-0.025869,0.924782,0.000000,0.000000,0.024512,0.158709,0.023090,-0.017021,0.986909,0.023195,-0.009500,0.034365,0.018312,0.140343,-0.207036,0.968042,-0.000002,-0.000001,0.046041,-0.004540,0.011660,0.092787,0.995607,0.000000,0.000000,0.030983,0.228961,0.032374,-0.057839,0.971176,0.000000,0.000000,0.020485,0.077287,-0.048964,0.000992,0.995805,-0.000926,-0.009265,0.036006,0.000000,0.000000,0.000000,1.000000,-0.000815,0.006700,0.060459,-0.071266,0.032635,-0.005613,0.996908,0.000000,0.000000,0.043294,0.172538,0.002352,-0.012183,0.984925,0.000000,0.000000,0.027785,0.029731,-0.000746,-0.046519,0.998475,-0.001333,-0.005915,0.066236,0.000000,0.000000,0.000000,1.000000,0.015121,-0.006067,0.035073,0.000000,0.000000,0.000000,1.000000,0.002494,-0.000518,0.054380,-0.051873,0.102937,-0.043964,0.992361,0.000000,0.000000,0.039330,0.221342,-0.004511,-0.038251,0.974435,0.000000,0.000000,0.026801,0.097576,-0.029618,-0.009208,0.994745,-0.025048,-0.022431,0.037647,0.146398,-0.428767,0.674053,0.583420,0.000000,0.000000,0.032791,0.201883,0.051940,-0.081929,0.974594,0.000000,0.000000,0.034082,0.015225,-0.059061,0.081947,0.994769,A
0.136332,0.854505,0.218318,-0.626250,-0.284663,-0.192557,0.699786,-0.017338,-0.012640,0.038165,0.000000,0.000000,0.000000,1.000000,-0.006414,0.005261,0.058653,0.204782,-0.083740,0.048223,0.974026,0.000000,0.000000,0.038252,0.252466,0.000443,-0.026307,0.967248,0.000000,0.000000,0.024512,0.073351,0.024755,-0.016767,0.996858,0.023195,-0.009500,0.034365,0.018312,0.140343,-0.207036,0.968042,-0.000002,-0.000001,0.046041,-0.118783,0.026322,0.102180,0.987298,0.000000,0.000000,0.030983,0.149108,0.036142,-0.051434,0.986821,0.000000,0.000000,0.020485,0.032298,-0.049118,0.000839,0.998270,-0.000990,-0.009240,0.035984,0.000000,0.000000,0.000000,1.000000,-0.000751,0.006675,0.060481,-0.074491,0.032639,-0.005527,0.996672,0.000000,0.000000,0.043294,0.081935,0.003421,-0.011731,0.996563,0.000000,0.000000,0.027785,-0.027233,0.001742,-0.040940,0.998789,-0.001365,-0.005902,0.066225,0.000000,0.000000,0.000000,1.000000,0.015121,-0.006067,0.035073,0.000000,0.000000,0.000000,1.000000,0.002494,-0.000518,0.054380,-0.074582,0.102757,-0.041947,0.991019,0.000000,0.000000,0.039330,0.101225,-0.000427,-0.035875,0.994216,0.000000,0.000000,0.026801,0.028908,-0.029427,-0.006007,0.999131,-0.025175,-0.022329,0.037604,0.146014,-0.432199,0.672241,0.583075,0.000000,0.000000,0.032791,0.190798,0.053021,-0.082089,0.976753,0.000000,0.000000,0.034082,-0.005194,-0.060749,0.082426,0.994731,A
0.136128,0.853929,0.220820,-0.630723,-0.269367,-0.170932,0.707398,-0.017919,-0.012139,0.037949,0.000000,0.000000,0.000000,1.000000,-0.005833,0.004760,0.058869,0.124252,-0.100040,0.039489,0.986405,0.000000,0.000000,0.038252,0.119099,0.004072,-0.026269,0.992527,0.000000,0.000000,0.024512,-0.013463,0.026251,-0.016384,0.999431,0.023195,-0.009500,0.034365,0.018312,0.140343,-0.207036,0.968042,-0.000002,-0.000001,0.046041,-0.146402,0.042705,0.107049,0.982488,0.000000,0.000000,0.030983,0.108791,0.037936,-0.048101,0.992175,0.000000,0.000000,0.020485,0.008707,-0.049159,0.000758,0.998753,-0.001571,-0.008989,0.035768,0.000000,0.000000,0.000000,1.000000,-0.000170,0.006424,0.060698,-0.076189,0.033607,-0.005364,0.996512,0.000000,0.000000,0.043294,0.028335,0.004036,-0.011419,0.999525,0.000000,0.000000,0.027785,-0.061684,0.003245,-0.037496,0.997386,-0.001656,-0.005777,0.066117,0.000000,0.000000,0.000000,1.000000,0.015121,-0.006067,0.035073,0.000000,0.000000,0.000000,1.000000,0.002494,-0.000518,0.054380,-0.077284,0.103515,-0.041603,0.990748,0.000000,0.000000,0.039330,0.038832,0.001677,-0.034446,0.998651,0.000000,0.000000,0.026801,-0.002790,-0.029292,-0.004522,0.999557,-0.026337,-0.021326,0.037171,0.137516,-0.460334,0.655948,0.582164,0.000000,0.000000,0.032791,0.167050,0.055304,-0.082397,0.980942,0.000000,0.000000,0.034082,-0.062734,-0.065367,0.083586,0.992374,A
0.134367,0.853972,0.217039,-0.613751,-0.204501,-0.142624,0.749098,-0.018605,-0.011452,0.037641,0.000000,0.000000,0.000000,1.000000,-0.005147,0.004073,0.059177,0.009837,-0.098565,0.024382,0.994783,0.000000,0.000000,0.038252,0.031700,0.006378,-0.025987,0.999139,0.000000,0.000000,0.024512,-0.049039,0.026807,-0.016192,0.998306,0.023195,-0.009500,0.034365,0.018312,0.140343,-0.207036,0.968042,-0.000002,-0.000001,0.046041,-0.064265,0.071160,0.100395,0.990317,0.000000,0.000000,0.030983,0.059815,0.040019,-0.043965,0.996438,0.000000,0.000000,0.020485,0.002685,-0.049165,0.000737,0.998787,-0.002257,-0.008646,0.035460,0.000000,0.000000,0.000000,1.000000,0.000517,0.006081,0.061005,-0.077564,0.046344,-0.003763,0.995903,0.000000,0.000000,0.043295,0.016693,0.004168,-0.011347,0.999788,0.000000,0.000000,0.027785,-0.067169,0.003485,-0.036943,0.997051,-0.001999,-0.005605,0.065963,0.000000,0.000000,0.000000,1.000000,0.015121,-0.006067,0.035073,0.000000,0.000000,0.000000,1.000000,0.002494,-0.000518,0.054380,-0.078147,0.116299,-0.039758,0.989337,0.000000,0.000000,0.039330,0.024551,0.002156,-0.034100,0.999115,0.000000,0.000000,0.026801,-0.007433,-0.029270,-0.004304,0.999535,-0.027710,-0.019953,0.036556,0.127001,-0.497708,0.635223,0.576757,0.000000,0.000000,0.032791,0.087565,0.062646,-0.083071,0.990710,0.000000,0.000000,0.034082,-0.143020,-0.071471,0.084743,0.983492,A
0.130314,0.852514,0.205686,-0.612664,-0.172325,-0.135356,0.759359,-0.018824,-0.011207,0.037529,0.000000,0.000000,0.000000,1.000000,-0.004928,0.003828,0.059289,-0.073476,-0.083319,0.015790,0.993685,0.000000,0.000000,0.038252,0.021569,0.006642,-0.025941,0.999409,0.000000,0.000000,0.024512,-0.054412,0.026888,-0.016161,0.998026,0.023195,-0.009500,0.034365,0.018312,0.140343,-0.207036,0.968042,-0.000002,-0.000001,0.046041,0.029183,0.106702,0.087591,0.989996,0.000000,0.000000,0.030983,0.012989,0.041915,-0.039923,0.998239,0.000000,0.000000,0.020485,0.001783,-0.049166,0.000734,0.998789,-0.002476,-0.008523,0.035348,0.000000,0.000000,0.000000,1.000000,0.000735,0.005958,0.061117,-0.078806,0.064699,-0.001427,0.994787,0.000000,0.000000,0.043294,0.014479,0.004193,-0.011333,0.999822,0.000000,0.000000,0.027785,-0.072986,0.003738,-0.036355,0.996663,-0.002108,-0.005544,0.065907,0.000000,0.000000,0.000000,1.000000,0.015121,-0.006067,0.035073,0.000000,0.000000,0.000000,1.000000,0.002494,-0.000518,0.054380,-0.056348,0.139800,-0.039212,0.987797,0.000000,0.000000,0.039330,0.022239,0.002234,-0.034043,0.999170,0.000000,0.000000,0.026801,-0.009287,-0.029260,-0.004217,0.999520,-0.028147,-0.019463,0.036331,0.125312,-0.512591,0.627992,0.571991,0.000000,0.000000,0.032791,0.007256,0.069604,-0.083207,0.994072,0.000000,0.000000,0.034082,-0.166660,-0.073192,0.084979,0.979615,A
0.129869,0.852498,0.207759,-0.632263,-0.162342,-0.128833,0.746519,-0.019017,-0.010978,0.037423,0.000000,0.000000,0.000000,1.000000,-0.004735,0.003599,0.059395,-0.078933,-0.082340,0.015316,0.993356,0.000000,0.000000,0.038252,0.019652,0.006692,-0.025932,0.999448,0.000000,0.000000,0.024512,-0.056146,0.026914,-0.016151,0.997929,0.023195,-0.009500,0.034365,0.018312,0.140343,-0.207036,0.968042,-0.000002,-0.000001,0.046041,0.117059,0.115922,0.073232,0.983614,0.000000,0.000000,0.030983,0.047859,0.040512,-0.042941,0.997108,0.000000,0.000000,0.020485,0.024008,-0.049136,0.000810,0.998503,-0.002669,-0.008409,0.035242,0.000000,0.000000,0.000000,1.000000,0.000928,0.005844,0.061223,-0.080011,0.066712,-0.001101,0.994559,0.000000,0.000000,0.043294,0.012860,0.004212,-0.011323,0.999844,0.000000,0.000000,0.027785,-0.075025,0.003827,-0.036149,0.996519,-0.002205,-0.005487,0.065854,0.000000,0.000000,0.000000,1.000000,0.015121,-0.006067,0.035073,0.000000,0.000000,0.000000,1.000000,0.002494,-0.000518,0.054380,-0.005212,0.154674,-0.044742,0.986938,0.000000,0.000000,0.039330,0.020610,0.002289,-0.034003,0.999207,0.000000,0.000000,0.026801,-0.010836,-0.029253,-0.004144,0.999505,-0.028534,-0.019005,0.036119,0.121713,-0.524285,0.621682,0.569054,0.000000,0.000000,0.032791,-0.031372,0.072789,-0.083079,0.993386,0.000000,0.000000,0.034082,-0.169340,-0.073384,0.085003,0.979139,A
0.130304,0.850418,0.217615,-0.645811,-0.176186,-0.144416,0.728718,-0.019033,-0.010959,0.037414,0.000000,0.000000,0.000000,1.000000,-0.004719,0.003580,0.059404,-0.080873,-0.076981,0.015887,0.993620,0.000000,0.000000,0.038252,0.018046,0.006734,-0.025925,0.999478,0.000000,0.000000,0.024512,-0.057707,0.026937,-0.016142,0.997840,0.023195,-0.009500,0.034365,0.018312,0.140343,-0.207036,0.968042,-0.000002,-0.000001,0.046041,0.157415,0.122548,0.065788,0.977688,0.000000,0.000000,0.030983,0.093608,0.038593,-0.046829,0.993758,0.000000,0.000000,0.020485,0.051208,-0.049066,0.000903,0.997482,-0.002685,-0.008399,0.035233,0.000000,0.000000,0.000000,1.000000,0.000944,0.005834,0.061232,-0.081060,0.070878,-0.000506,0.994186,0.000000,0.000000,0.043294,0.011404,0.004228,-0.011314,0.999862,0.000000,0.000000,0.027785,-0.076486,0.003891,-0.036001,0.996413,-0.002213,-0.005482,0.065849,0.000000,0.000000,0.000000,1.000000,0.015121,-0.006067,0.035073,0.000000,0.000000,0.000000,1.000000,0.002494,-0.000518,0.054380,0.016603,0.166387,-0.047323,0.984784,0.000000,0.000000,0.039330,0.019144,0.002338,-0.033967,0.999237,0.000000,0.000000,0.026801,-0.011819,-0.029248,-0.004098,0.999494,-0.028565,-0.018967,0.036102,0.121073,-0.524903,0.621209,0.569138,0.000000,0.000000,0.032791,-0.050421,0.074320,-0.082971,0.992497,0.000000,0.000000,0.034082,-0.170978,-0.073502,0.085017,0.978844,A
0.131288,0.849490,0.221402,-0.652644,-0.187101,-0.157523,0.717102,-0.019040,-0.010951,0.037410,0.000000,0.000000,0.000000,1.000000,-0.004712,0.003571,0.059408,-0.083372,-0.052770,0.019199,0.994935,0.000000,0.000000,0.038252,0.016600,0.006771,-0.025918,0.999503,0.000000,0.000000,0.024512,-0.059112,0.026958,-0.016133,0.997757,0.023195,-0.009500,0.034365,0.018312,0.140343,-0.207036,0.968042,-0.000002,-0.000001,0.046041,0.171048,0.124853,0.063146,0.975278,0.000000,0.000000,0.030983,0.130617,0.036973,-0.049913,0.989485,0.000000,0.000000,0.020485,0.067811,-0.049005,0.000960,0.996494,-0.002692,-0.008395,0.035229,0.000000,0.000000,0.000000,1.000000,0.000951,0.005830,0.061236,-0.082045,0.071798,-0.000323,0.994039,0.000000,0.000000,0.043294,0.010092,0.004243,-0.011305,0.999876,0.000000,0.000000,0.027785,-0.077212,0.003923,-0.035927,0.996360,-0.002216,-0.005480,0.065847,0.000000,0.000000,0.000000,1.000000,0.015121,-0.006067,0.035073,0.000000,0.000000,0.000000,1.000000,0.002494,-0.000518,0.054380,0.030284,0.166419,-0.049482,0.984347,0.000000,0.000000,0.039330,0.018610,0.002356,-0.033954,0.999247,0.000000,0.000000,0.026801,-0.011216,-0.029251,-0.004127,0.999501,-0.028579,-0.018950,0.036094,0.119708,-0.524092,0.621131,0.570258,0.000000,0.000000,0.032791,-0.043894,0.073798,-0.083011,0.992843,0.000000,0.000000,0.034082,-0.172315,-0.073598,0.085028,0.978602,A
0.131958,0.849131,0.221858,-0.665090,-0.213883,-0.166587,0.695814,-0.019017,-0.010979,0.037424,0.000000,0.000000,0.000000,1.000000,-0.004735,0.003599,0.059395,-0.084852,-0.050909,0.019354,0.994904,0.000000,0.000000,0.038252,0.015897,0.006789,-0.025915,0.999515,0.000000,0.000000,0.024512,-0.060288,0.026976,-0.016126,0.997686,0.023195,-0.009500,0.034365,0.018312,0.140343,-0.207036,0.968042,-0.000002,-0.000001,0.046041,0.173542,0.125908,0.062527,0.974741,0.000000,0.000000,0.030983,0.168718,0.035243,-0.053031,0.983606,0.000000,0.000000,0.020485,0.086513,-0.048920,0.001024,0.995048,-0.002669,-0.008409,0.035242,0.000000,0.000000,0.000000,1.000000,0.000928,0.005844,0.061223,-0.082943,0.072125,-0.000220,0.993941,0.000000,0.000000,0.043294,0.008904,0.004256,-0.011298,0.999888,0.000000,0.000000,0.027785,-0.077872,0.003952,-0.035860,0.996311,-0.002205,-0.005487,0.065854,0.000000,0.000000,0.000000,1.000000,0.015121,-0.006067,0.035073,0.000000,0.000000,0.000000,1.000000,0.002494,-0.000518,0.054380,0.030420,0.165239,-0.049547,0.984538,0.000000,0.000000,0.039330,0.019284,0.002333,-0.033971,0.999234,0.000000,0.000000,0.026801,-0.010092,-0.029256,-0.004179,0.999512,-0.028533,-0.019006,0.036120,0.107324,-0.509656,0.623308,0.583284,0.000000,0.000000,0.032791,-0.003676,0.070516,-0.083183,0.994029,0.000000,0.000000,0.034082,-0.171165,-0.073515,0.085019,0.978811,A
0.133194,0.850048,0.221830,-0.657037,-0.224711,-0.196476,0.692246,-0.018844,-0.011185,0.037519,0.000000,0.000000,0.000000,1.000000,-0.004909,0.003805,0.059299,-0.086094,-0.051727,0.019134,0.994759,0.000000,0.000000,0.038252,0.015358,0.006803,-0.025912,0.999523,0.000000,0.000000,0.024512,-0.061446,0.026993,-0.016120,0.997615,0.023195,-0.009500,0.034365,0.018312,0.140343,-0.207036,0.968042,-0.000002,-0.000001,0.046041,0.210750,0.129079,0.055697,0.967378,0.000000,0.000000,0.030983,0.184298,0.034517,-0.054289,0.980763,0.000000,0.000000,0.020485,0.099470,-0.048851,0.001067,0.993840,-0.002495,-0.008512,0.035338,0.000000,0.000000,0.000000,1.000000,0.000755,0.005947,0.061128,-0.083812,0.068339,-0.000655,0.994135,0.000000,0.000000,0.043294,0.008076,0.004266,-0.011293,0.999895,0.000000,0.000000,0.027785,-0.077851,0.003951,-0.035862,0.996312,-0.002118,-0.005538,0.065902,0.000000,0.000000,0.000000,1.000000,0.015121,-0.006067,0.035073,0.000000,0.000000,0.000000,1.000000,0.002494,-0.000518,0.054380,0.030375,0.158805,-0.049771,0.985587,0.000000,0.000000,0.039330,0.020523,0.002292,-0.034001,0.999209,0.000000,0.000000,0.026801,-0.008490,-0.029264,-0.004255,0.999527,-0.028186,-0.019417,0.036310,0.101193,-0.489684,0.629905,0.594298,0.000000,0.000000,0.032791,0.047215,0.066199,-0.083207,0.993210,0.000000,0.000000,0.034082,-0.170117,-0.073440,0.085009,0.979000,A
0.136023,0.852124,0.220665,-0.647635,-0.241865,-0.217940,0.688892,-0.018456,-0.011612,0.037714,0.000000,0.000000,0.000000,1.000000,-0.005296,0.004233,0.059104,-0.087228,-0.052147,0.018980,0.994642,0.000000,0.000000,0.038252,0.014803,0.006818,-0.025909,0.999531,0.000000,0.000000,0.024512,-0.062493,0.027009,-0.016113,0.997550,0.023195,-0.009500,0.034365,0.018312,0.140343,-0.207036,0.968042,-0.000002,-0.000001,0.046041,0.211003,0.129210,0.055623,0.967310,0.000000,0.000000,0.030983,0.184647,0.034501,-0.054317,0.980696,0.000000,0.000000,0.020485,0.100284,-0.048847,0.001070,0.993759,-0.002108,-0.008725,0.035533,0.000000,0.000000,0.000000,1.000000,0.000367,0.006161,0.060933,-0.074020,0.053874,-0.003008,0.995796,0.000000,0.000000,0.043294,0.008540,0.004260,-0.011296,0.999891,0.000000,0.000000,0.027785,-0.076997,0.003913,-0.035949,0.996375,-0.001924,-0.005645,0.065999,0.000000,0.000000,0.000000,1.000000,0.015121,-0.006067,0.035073,0.000000,0.000000,0.000000,1.000000,0.002494,-0.000518,0.054380,0.030755,0.150991,-0.050096,0.986786,0.000000,0.000000,0.039330,0.022515,0.002225,-0.034050,0.999164,0.000000,0.000000,0.026801,-0.006710,-0.029273,-0.004338,0.999540,-0.027412,-0.020272,0.036700,0.098821,-0.458552,0.643079,0.605322,0.000000,0.000000,0.032791,0.093392,0.062123,-0.083040,0.990214,0.000000,0.000000,0.034082,-0.167906,-0.073281,0.084990,0.979395,A
0.138227,0.852997,0.218955,-0.630025,-0.257074,-0.237860,0.693111,-0.018473,-0.011594,0.037706,0.000000,0.000000,0.000000,1.000000,-0.005279,0.004215,0.059112,-0.088623,-0.042636,0.020306,0.994945,0.000000,0.000000,0.038252,0.014557,0.006824,-0.025908,0.999535,0.000000,0.000000,0.024512,-0.063433,0.027022,-0.016108,0.997490,0.023195,-0.009500,0.034365,0.018312,0.140343,-0.207036,0.968042,-0.000002,-0.000001,0.046041,0.236580,0.113758,0.055554,0.963329,0.000000,0.000000,0.030983,0.185243,0.034473,-0.054365,0.980582,0.000000,0.000000,0.020485,0.107278,-0.048806,0.001094,0.993030,-0.002125,-0.008717,0.035525,0.000000,0.000000,0.000000,1.000000,0.000384,0.006152,0.060941,-0.054774,0.048449,-0.004479,0.997313,0.000000,0.000000,0.043294,0.008298,0.004263,-0.011294,0.999893,0.000000,0.000000,0.027785,-0.076714,0.003901,-0.035977,0.996396,-0.001933,-0.005641,0.065995,0.000000,0.000000,0.000000,1.000000,0.015121,-0.006067,0.035073,0.000000,0.000000,0.000000,1.000000,0.002494,-0.000518,0.054380,0.088101,0.137338,-0.058010,0.984892,0.000000,0.000000,0.039330,0.024379,0.002162,-0.034096,0.999119,0.000000,0.000000,0.026801,-0.004912,-0.029282,-0.004423,0.999549,-0.027445,-0.020237,0.036685,0.035199,-0.392990,0.643844,0.655580,0.000000,0.000000,0.032791,0.106794,0.060912,-0.082957,0.988940,0.000000,0.000000,0.034082,-0.166544,-0.073183,0.084978,0.979636,A
0.138638,0.852768,0.217886,-0.639017,-0.268777,-0.241493,0.679042,-0.019500,-0.010344,0.037125,0.000000,0.000000,0.000000,1.000000,-0.004252,0.002965,0.059693,-0.089315,-0.040924,0.020516,0.994951,0.000000,0.000000,0.038252,0.013458,0.006853,-0.025903,0.999551,0.000000,0.000000,0.024512,-0.064278,0.027035,-0.016103,0.997436,0.023195,-0.009500,0.034365,0.018312,0.140343,-0.207036,0.968042,-0.000002,-0.000001,0.046041,0.364426,0.111323,0.037708,0.923785,0.000000,0.000000,0.030983,0.273572,0.030142,-0.061300,0.959423,0.000000,0.000000,0.020485,0.169232,-0.048335,0.001301,0.984389,-0.003152,-0.008092,0.034944,0.000000,0.000000,0.000000,1.000000,0.001411,0.005527,0.061521,-0.005798,0.058582,-0.006058,0.998247,0.000000,0.000000,0.043295,0.007290,0.004275,-0.011288,0.999901,0.000000,0.000000,0.027785,-0.077316,0.003927,-0.035916,0.996352,-0.002446,-0.005328,0.065705,0.000000,0.000000,0.000000,1.000000,0.015121,-0.006067,0.035073,0.000000,0.000000,0.000000,1.000000,0.002494,-0.000518,0.054380,0.171787,0.133158,-0.068924,0.973657,0.000000,0.000000,0.039330,0.031209,0.001933,-0.034262,0.998924,0.000000,0.000000,0.026801,0.010380,-0.029351,-0.005140,0.999502,-0.029500,-0.017737,0.035523,-0.059382,-0.360692,0.596256,0.714740,0.000000,0.000000,0.032791,0.087753,0.062629,-0.083070,0.990695,0.000000,0.000000,0.034082,-0.166250,-0.073162,0.084976,0.979688,A
0.140303,0.851787,0.216269,-0.636984,-0.274424,-0.241239,0.678783,-0.019516,-0.010322,0.037115,0.000000,0.000000,0.000000,1.000000,-0.004237,0.002943,0.059703,-0.047483,-0.039363,0.023583,0.997818,0.000000,0.000000,0.038252,0.029372,0.006439,-0.025977,0.999210,0.000000,0.000000,0.024512,-0.064298,0.027035,-0.016103,0.997435,0.023195,-0.009500,0.034365,0.018312,0.140343,-0.207036,0.968042,-0.000002,-0.000001,0.046041,0.502694,0.109953,0.018341,0.857247,0.000000,0.000000,0.030983,0.322889,0.027562,-0.065025,0.943798,0.000000,0.000000,0.020485,0.158653,-0.048429,0.001266,0.986145,-0.003168,-0.008081,0.034934,0.000000,0.000000,0.000000,1.000000,0.001427,0.005516,0.061532,0.109175,0.066437,-0.012718,0.991718,0.000000,0.000000,0.043294,0.023395,0.004093,-0.011389,0.999653,0.000000,0.000000,0.027785,-0.062961,0.003301,-0.037368,0.997311,-0.002454,-0.005323,0.065700,0.000000,0.000000,0.000000,1.000000,0.015121,-0.006067,0.035073,0.000000,0.000000,0.000000,1.000000,0.002494,-0.000518,0.054380,0.371660,0.115521,-0.093464,0.916400,0.000000,0.000000,0.039330,0.258495,-0.005784,-0.038882,0.965213,0.000000,0.000000,0.026801,0.155053,-0.029670,-0.011870,0.987389,-0.029531,-0.017693,0.035502,-0.090283,-0.322494,0.588104,0.736193,0.000000,0.000000,0.032791,0.060575,0.065036,-0.083177,0.992564,0.000000,0.000000,0.034082,-0.166198,-0.073158,0.084975,0.979697,A
0.141776,0.850661,0.217514,-0.624273,-0.287606,-0.232000,0.688289,-0.019652,-0.010124,0.037020,0.000000,0.000000,0.000000,1.000000,-0.004101,0.002745,0.059798,0.029824,-0.034426,0.029060,0.998539,0.000000,0.000000,0.038252,0.076049,0.005215,-0.026155,0.996747,0.000000,0.000000,0.024512,-0.050259,0.026825,-0.016185,0.998245,0.023195,-0.009500,0.034365,0.018312,0.140343,-0.207036,0.968042,-0.000002,-0.000001,0.046041,0.597205,0.091252,0.018509,0.796666,0.000000,0.000000,0.030983,0.414468,0.022439,-0.071637,0.906963,0.000000,0.000000,0.020485,0.202324,-0.048003,0.001411,0.978141,-0.003303,-0.007982,0.034839,0.000000,0.000000,0.000000,1.000000,0.001563,0.005417,0.061626,0.208559,0.077041,-0.020867,0.974747,0.000000,0.000000,0.043294,0.179906,0.002263,-0.012216,0.983605,0.000000,0.000000,0.027785,0.063951,-0.002241,-0.049802,0.996707,-0.002522,-0.005273,0.065652,0.000000,0.000000,0.000000,1.000000,0.015121,-0.006067,0.035073,0.000000,0.000000,0.000000,1.000000,0.002494,-0.000518,0.054380,0.553354,0.091654,-0.112864,0.820159,0.000000,0.000000,0.039330,0.400142,-0.010678,-0.040798,0.915482,0.000000,0.000000,0.026801,0.249791,-0.029534,-0.016223,0.967713,-0.029802,-0.017297,0.035313,-0.141609,-0.264565,0.565816,0.767987,0.000000,0.000000,0.032791,0.030107,0.067671,-0.083223,0.993775,0.000000,0.000000,0.034082,-0.167089,-0.073222,0.084983,0.979540,A
0.147337,0.849800,0.219694,-0.518050,-0.331258,-0.277944,0.737997,-0.019925,-0.009695,0.036813,0.000000,0.000000,0.000000,1.000000,-0.003827,0.002316,0.060005,0.174586,-0.007966,0.035702,0.983962,0.000000,0.000000,0.038252,0.175092,0.002565,-0.026344,0.984196,0.000000,0.000000,0.024512,-0.018502,0.026331,-0.016358,0.999348,0.023195,-0.009500,0.034365,0.018312,0.140343,-0.207036,0.968042,-0.000002,-0.000001,0.046041,0.637503,0.082995,0.020678,0.765685,0.000000,0.000000,0.030983,0.569087,0.012656,-0.081764,0.818104,0.000000,0.000000,0.020485,0.352805,-0.045749,0.001898,0.934576,-0.003577,-0.007767,0.034632,0.000000,0.000000,0.000000,1.000000,0.001836,0.005202,0.061834,0.406800,0.072994,-0.036209,0.909876,0.000000,0.000000,0.043294,0.484668,-0.001638,-0.012953,0.874601,0.000000,0.000000,0.027785,0.277610,-0.011592,-0.069095,0.958136,-0.002659,-0.005166,0.065548,0.000000,0.000000,0.000000,1.000000,0.015121,-0.006067,0.035073,0.000000,0.000000,0.000000,1.000000,0.002494,-0.000518,0.054380,0.635387,0.078669,-0.120778,0.758622,0.000000,0.000000,0.039330,0.535920,-0.015444,-0.041807,0.843092,0.000000,0.000000,0.026801,0.353477,-0.029051,-0.020934,0.934758,-0.030349,-0.016437,0.034898,-0.167114,-0.251103,0.543472,0.783364,0.000000,0.000000,0.032791,0.021326,0.068418,-0.083222,0.993951,0.000000,0.000000,0.034082,-0.157754,-0.072547,0.084896,0.981144,A
0.149580,0.849953,0.221320,-0.500597,-0.335729,-0.281982,0.746441,-0.020025,-0.009525,0.036730,0.000000,0.000000,0.000000,1.000000,-0.003728,0.002146,0.060088,0.316585,0.019636,0.034690,0.947726,0.000000,0.000000,0.038252,0.300990,-0.000912,-0.026197,0.953267,0.000000,0.000000,0.024512,0.049020,0.025194,-0.016672,0.998341,0.023195,-0.009500,0.034365,0.018312,0.140343,-0.207036,0.968042,-0.000002,-0.000001,0.046041,0.659317,0.078870,0.022131,0.747389,0.000000,0.000000,0.030983,0.624435,0.008733,-0.085004,0.776388,0.000000,0.000000,0.020485,0.397987,-0.044816,0.002040,0.916293,-0.003677,-0.007682,0.034549,0.000000,0.000000,0.000000,1.000000,0.001936,0.005117,0.061916,0.516961,0.073362,-0.047552,0.851533,0.000000,0.000000,0.043294,0.581302,-0.002990,-0.012889,0.813581,0.000000,0.000000,0.027785,0.349657,-0.014752,-0.075104,0.933746,-0.002709,-0.005124,0.065507,0.000000,0.000000,0.000000,1.000000,0.015121,-0.006067,0.035073,0.000000,0.000000,0.000000,1.000000,0.002494,-0.000518,0.054380,0.673552,0.071429,-0.123773,0.725194,0.000000,0.000000,0.039330,0.607018,-0.017975,-0.041940,0.793377,0.000000,0.000000,0.026801,0.404636,-0.028672,-0.023236,0.913733,-0.030549,-0.016099,0.034733,-0.173127,-0.251137,0.536183,0.787062,0.000000,0.000000,0.032791,0.022097,0.068353,-0.083222,0.993938,0.000000,0.000000,0.034082,-0.151432,-0.072087,0.084832,0.982179,A
0.147315,0.851221,0.219262,-0.545645,-0.320202,-0.265674,0.727433,-0.020011,-0.009548,0.036741,0.000000,0.000000,0.000000,1.000000,-0.003741,0.002169,0.060077,0.392485,0.032518,0.031412,0.918647,0.000000,0.000000,0.038252,0.516543,-0.007184,-0.024798,0.855872,0.000000,0.000000,0.024512,0.222905,0.021709,-0.017130,0.974448,0.023195,-0.009500,0.034365,0.018312,0.140343,-0.207036,0.968042,-0.000002,-0.000001,0.046041,0.689833,0.036980,0.058649,0.720641,0.000000,0.000000,0.030983,0.659679,0.006093,-0.086937,0.746477,0.000000,0.000000,0.020485,0.398635,-0.044802,0.002042,0.916012,-0.003663,-0.007694,0.034560,0.000000,0.000000,0.000000,1.000000,0.001923,0.005129,0.061905,0.609151,0.066302,-0.054274,0.788412,0.000000,0.000000,0.043294,0.647625,-0.003961,-0.012735,0.761842,0.000000,0.000000,0.027785,0.408534,-0.017336,-0.079808,0.909082,-0.002702,-0.005129,0.065513,0.000000,0.000000,0.000000,1.000000,0.015121,-0.006067,0.035073,0.000000,0.000000,0.000000,1.000000,0.002494,-0.000518,0.054380,0.693615,0.053763,-0.113053,0.709384,0.000000,0.000000,0.039330,0.649519,-0.019501,-0.041861,0.758941,0.000000,0.000000,0.026801,0.418394,-0.028554,-0.023853,0.907503,-0.030522,-0.016145,0.034756,-0.171504,-0.252350,0.537550,0.786096,0.000000,0.000000,0.032791,0.023225,0.068257,-0.083223,0.993919,0.000000,0.000000,0.034082,-0.160967,-0.072780,0.084927,0.980602,A
0.146384,0.850402,0.218347,-0.556626,-0.290287,-0.251817,0.736539,-0.020134,-0.009330,0.036635,0.000000,0.000000,0.000000,1.000000,-0.003618,0.001951,0.060183,0.465451,0.042754,0.026962,0.883629,0.000000,0.000000,0.038252,0.623373,-0.010481,-0.023429,0.781504,0.000000,0.000000,0.024512,0.337691,0.018947,-0.017140,0.940910,0.023195,-0.009500,0.034365,0.018312,0.140343,-0.207036,0.968042,-0.000002,-0.000001,0.046041,0.698904,0.025556,0.069561,0.711366,0.000000,0.000000,0.030983,0.672726,0.005084,-0.087624,0.734667,0.000000,0.000000,0.020485,0.416853,-0.044389,0.002099,0.907887,-0.003786,-0.007585,0.034454,0.000000,0.000000,0.000000,1.000000,0.002046,0.005020,0.062012,0.650930,0.061827,-0.056545,0.754500,0.000000,0.000000,0.043294,0.670344,-0.004303,-0.012657,0.741930,0.000000,0.000000,0.027785,0.453619,-0.019317,-0.083274,0.887086,-0.002763,-0.005075,0.065460,0.000000,0.000000,0.000000,1.000000,0.015121,-0.006067,0.035073,0.000000,0.000000,0.000000,1.000000,0.002494,-0.000518,0.054380,0.705809,0.043863,-0.106664,0.698951,0.000000,0.000000,0.039330,0.665463,-0.020077,-0.041797,0.744989,0.000000,0.000000,0.026801,0.452620,-0.028226,-0.025381,0.890895,-0.030768,-0.015709,0.034542,-0.177249,-0.255236,0.529095,0.789618,0.000000,0.000000,0.032791,0.023729,0.068214,-0.083223,0.993910,0.000000,0.000000,0.034082,-0.165927,-0.073139,0.084972,0.979744,A
0.144784,0.850566,0.219678,-0.563011,-0.260904,-0.242445,0.745767,-0.020256,-0.009103,0.036523,0.000000,0.000000,0.000000,1.000000,-0.003497,0.001724,0.060295,0.492230,0.050505,0.022806,0.868700,0.000000,0.000000,0.038252,0.660756,-0.011673,-0.022813,0.750164,0.000000,0.000000,0.024512,0.378101,0.017878,-0.017083,0.925434,0.023195,-0.009500,0.034365,0.018312,0.140343,-0.207036,0.968042,-0.000002,-0.000001,0.046041,0.653205,0.015527,0.076070,0.753190,0.000000,0.000000,0.030983,0.673471,0.005026,-0.087663,0.733980,0.000000,0.000000,0.020485,0.444064,-0.043731,0.002184,0.894924,-0.003908,-0.007471,0.034342,0.000000,0.000000,0.000000,1.000000,0.002167,0.004906,0.062124,0.635049,0.057892,-0.051392,0.768583,0.000000,0.000000,0.043295,0.670507,-0.004306,-0.012656,0.741783,0.000000,0.000000,0.027785,0.474970,-0.020256,-0.084872,0.875666,-0.002824,-0.005018,0.065404,0.000000,0.000000,0.000000,1.000000,0.015121,-0.006067,0.035073,0.000000,0.000000,0.000000,1.000000,0.002494,-0.000518,0.054380,0.674754,0.046378,-0.102955,0.729354,0.000000,0.000000,0.039330,0.667823,-0.020163,-0.041786,0.742872,0.000000,0.000000,0.026801,0.484438,-0.027878,-0.026795,0.873971,-0.031010,-0.015254,0.034318,-0.180453,-0.262455,0.521659,0.791471,0.000000,0.000000,0.032791,0.025269,0.068083,-0.083223,0.993881,0.000000,0.000000,0.034082,-0.147306,-0.071785,0.084789,0.982832,A
0.146028,0.849358,0.221223,-0.535231,-0.143976,-0.207952,0.805950,-0.020828,-0.007767,0.035851,0.000000,0.000000,0.000000,1.000000,-0.002924,0.000388,0.060967,0.422529,-0.060564,0.068649,0.901714,0.000000,0.000000,0.038252,0.481211,-0.006125,-0.025140,0.876223,0.000000,0.000000,0.024512,0.216533,0.021851,-0.017122,0.975881,0.023195,-0.009500,0.034365,0.018312,0.140343,-0.207036,0.968042,-0.000002,-0.000001,0.046041,0.306075,0.066693,0.061070,0.947703,0.000000,0.000000,0.030983,0.656065,0.006369,-0.086744,0.749676,0.000000,0.000000,0.020485,0.525443,-0.041451,0.002431,0.849815,-0.004480,-0.006803,0.033670,0.000000,0.000000,0.000000,1.000000,0.002740,0.004238,0.062795,0.402106,0.027620,-0.018124,0.914997,0.000000,0.000000,0.043294,0.497684,-0.001816,-0.012954,0.867260,0.000000,0.000000,0.027785,0.334001,-0.014065,-0.073821,0.939572,-0.003110,-0.004684,0.065068,0.000000,0.000000,0.000000,1.000000,0.015121,-0.006067,0.035073,0.000000,0.000000,0.000000,1.000000,0.002494,-0.000518,0.054380,0.400434,0.074189,-0.082386,0.909594,0.000000,0.000000,0.039330,0.563340,-0.016417,-0.041895,0.824999,0.000000,0.000000,0.026801,0.435006,-0.028401,-0.024596,0.899643,-0.032156,-0.012582,0.032975,-0.175420,-0.345448,0.493167,0.778896,0.000000,0.000000,0.032791,0.139172,0.057931,-0.082695,0.985107,0.000000,0.000000,0.034082,-0.072074,-0.066097,0.083748,0.991677,A
0.149127,0.846892,0.217994,-0.579583,-0.221533,-0.205570,0.756801,-0.019276,-0.010650,0.037270,0.000000,0.000000,0.000000,1.000000,-0.004476,0.003271,0.059548,0.354787,-0.069541,0.063479,0.930194,0.000000,0.000000,0.038252,0.484690,-0.006228,-0.025109,0.874303,0.000000,0.000000,0.024512,0.228945,0.021573,-0.017136,0.973049,0.023195,-0.009500,0.034365,0.018312,0.140343,-0.207036,0.968042,-0.000002,-0.000001,0.046041,0.148399,0.064643,0.076776,0.983821,0.000000,0.000000,0.030983,0.607322,0.009973,-0.084027,0.789937,0.000000,0.000000,0.020485,0.490976,-0.042476,0.002327,0.870134,-0.002928,-0.008245,0.035089,0.000000,0.000000,0.000000,1.000000,0.001187,0.005680,0.061376,0.228065,0.031650,-0.013827,0.973033,0.000000,0.000000,0.043295,0.531983,-0.002292,-0.012943,0.846653,0.000000,0.000000,0.027785,0.357215,-0.015083,-0.075719,0.930826,-0.002334,-0.005405,0.065777,0.000000,0.000000,0.000000,1.000000,0.015121,-0.006067,0.035073,0.000000,0.000000,0.000000,1.000000,0.002494,-0.000518,0.054380,0.195853,0.090279,-0.066159,0.974225,0.000000,0.000000,0.039330,0.576812,-0.016896,-0.041921,0.815626,0.000000,0.000000,0.026801,0.428638,-0.028461,-0.024311,0.902701,-0.029052,-0.018349,0.035813,-0.027145,-0.381686,0.610505,0.693443,0.000000,0.000000,0.032791,0.215386,0.050612,-0.081718,0.971787,0.000000,0.000000,0.034082,-0.009502,-0.061101,0.082522,0.994669,A
0.149881,0.846094,0.214690,-0.584630,-0.244805,-0.202671,0.746460,-0.018343,-0.011729,0.037767,0.000000,0.000000,0.000000,1.000000,-0.005410,0.004350,0.059051,0.325151,-0.049558,0.054275,0.942802,0.000000,0.000000,0.038252,0.553109,-0.008296,-0.024389,0.832711,0.000000,0.000000,0.024512,0.282672,0.020319,-0.017166,0.958848,0.023195,-0.009500,0.034365,0.018312,0.140343,-0.207036,0.968042,-0.000002,-0.000001,0.046041,0.107508,0.056347,0.081886,0.989223,0.000000,0.000000,0.030983,0.571729,0.012474,-0.081924,0.816247,0.000000,0.000000,0.020485,0.450983,-0.043556,0.002205,0.891467,-0.001995,-0.008784,0.035586,0.000000,0.000000,0.000000,1.000000,0.000254,0.006219,0.060880,0.132880,0.038617,-0.011719,0.990310,0.000000,0.000000,0.043294,0.551033,-0.002559,-0.012928,0.834379,0.000000,0.000000,0.027785,0.367444,-0.015532,-0.076546,0.926760,-0.001868,-0.005674,0.066025,0.000000,0.000000,0.000000,1.000000,0.015121,-0.006067,0.035073,0.000000,0.000000,0.000000,1.000000,0.002494,-0.000518,0.054380,0.117784,0.093749,-0.059347,0.986821,0.000000,0.000000,0.039330,0.584282,-0.017162,-0.041931,0.810285,0.000000,0.000000,0.026801,0.412771,-0.028603,-0.023601,0.910080,-0.027184,-0.020506,0.036806,0.056163,-0.406494,0.648404,0.641233,0.000000,0.000000,0.032791,0.216941,0.050458,-0.081693,0.971451,0.000000,0.000000,0.034082,0.031272,-0.057718,0.081547,0.994505,A
0.147897,0.845497,0.213599,-0.572592,-0.255769,-0.222559,0.746450,-0.017728,-0.012311,0.038024,0.000000,0.000000,0.000000,1.000000,-0.006024,0.004932,0.058794,0.305118,-0.016116,0.043750,0.951173,0.000000,0.000000,0.038252,0.597013,-0.009654,-0.023818,0.801820,0.000000,0.000000,0.024512,0.328095,0.019193,-0.017148,0.944294,0.023195,-0.009500,0.034365,0.018312,0.140343,-0.207036,0.968042,-0.000002,-0.000001,0.046041,0.089449,0.050283,0.084178,0.991153,0.000000,0.000000,0.030983,0.523077,0.015734,-0.078903,0.848480,0.000000,0.000000,0.020485,0.401382,-0.044741,0.002051,0.914815,-0.001380,-0.009075,0.035843,0.000000,0.000000,0.000000,1.000000,-0.000361,0.006510,0.060622,0.053283,0.047008,-0.009094,0.997431,0.000000,0.000000,0.043294,0.512126,-0.002015,-0.012952,0.858810,0.000000,0.000000,0.027785,0.325922,-0.013711,-0.073154,0.942463,-0.001560,-0.005820,0.066154,0.000000,0.000000,0.000000,1.000000,0.015121,-0.006067,0.035073,0.000000,0.000000,0.000000,1.000000,0.002494,-0.000518,0.054380,0.057372,0.097806,-0.054045,0.992079,0.000000,0.000000,0.039330,0.557028,-0.016192,-0.041878,0.829279,0.000000,0.000000,0.026801,0.377478,-0.028885,-0.022016,0.925306,-0.025955,-0.021671,0.037321,0.109714,-0.421104,0.665026,0.606939,0.000000,0.000000,0.032791,0.216214,0.050530,-0.081705,0.971608,0.000000,0.000000,0.034082,0.095242,-0.052205,0.079740,0.990881,A
0.144843,0.843621,0.214825,-0.564637,-0.262705,-0.239183,0.744958,-0.017476,-0.012527,0.038117,0.000000,0.000000,0.000000,1.000000,-0.006277,0.005148,0.058701,0.274432,0.002613,0.037808,0.960860,0.000000,0.000000,0.038252,0.635347,-0.010861,-0.023241,0.771801,0.000000,0.000000,0.024512,0.358107,0.018413,-0.017115,0.933342,0.023195,-0.009500,0.034365,0.018312,0.140343,-0.207036,0.968042,-0.000002,-0.000001,0.046041,0.079160,0.047956,0.085303,0.992047,0.000000,0.000000,0.030983,0.479066,0.018540,-0.076040,0.874282,0.000000,0.000000,0.020485,0.333269,-0.046114,0.001836,0.941702,-0.001127,-0.009183,0.035936,0.000000,0.000000,0.000000,1.000000,-0.000613,0.006618,0.060529,0.002511,0.049839,-0.006867,0.998731,0.000000,0.000000,0.043294,0.431886,-0.000926,-0.012919,0.901835,0.000000,0.000000,0.027785,0.238314,-0.009870,-0.065708,0.968913,-0.001434,-0.005874,0.066201,0.000000,0.000000,0.000000,1.000000,0.015121,-0.006067,0.035073,0.000000,0.000000,0.000000,1.000000,0.002494,-0.000518,0.054380,0.008950,0.101183,-0.049596,0.993591,0.000000,0.000000,0.039330,0.491870,-0.013889,-0.041580,0.869564,0.000000,0.000000,0.026801,0.311106,-0.029292,-0.019016,0.949733,-0.025450,-0.022103,0.037507,0.129785,-0.425079,0.670414,0.594146,0.000000,0.000000,0.032791,0.217112,0.050441,-0.081690,0.971414,0.000000,0.000000,0.034082,0.159985,-0.046369,0.077561,0.982975,A
0.141190,0.838032,0.216324,-0.565589,-0.272031,-0.243379,0.739510,-0.017610,-0.012414,0.038069,0.000000,0.000000,0.000000,1.000000,-0.006142,0.005035,0.058749,0.131099,0.005130,0.032885,0.990810,0.000000,0.000000,0.038252,0.585930,-0.009309,-0.023971,0.809953,0.000000,0.000000,0.024512,0.352997,0.018548,-0.017122,0.935284,0.023195,-0.009500,0.034365,0.018312,0.140343,-0.207036,0.968042,-0.000002,-0.000001,0.046041,0.070310,0.045745,0.086252,0.992736,0.000000,0.000000,0.030983,0.383663,0.024213,-0.069458,0.920539,0.000000,0.000000,0.020485,0.224349,-0.047751,0.001483,0.973337,-0.001262,-0.009127,0.035888,0.000000,0.000000,0.000000,1.000000,-0.000479,0.006562,0.060578,-0.041383,0.056453,-0.004359,0.997538,0.000000,0.000000,0.043294,0.324952,0.000467,-0.012723,0.945645,0.000000,0.000000,0.027785,0.144103,-0.005746,-0.057286,0.987886,-0.001501,-0.005846,0.066176,0.000000,0.000000,0.000000,1.000000,0.015121,-0.006067,0.035073,0.000000,0.000000,0.000000,1.000000,0.002494,-0.000518,0.054380,-0.003858,0.102762,-0.048342,0.993523,0.000000,0.000000,0.039330,0.380051,-0.009980,-0.040576,0.924021,0.000000,0.000000,0.026801,0.219486,-0.029608,-0.014836,0.975054,-0.025719,-0.021876,0.037410,0.118075,-0.421974,0.667755,0.601747,0.000000,0.000000,0.032791,0.220096,0.050145,-0.081641,0.970761,0.000000,0.000000,0.034082,0.215709,-0.041134,0.075396,0.972673,A
0.137283,0.835771,0.213795,-0.566185,-0.275352,-0.243257,0.737864,-0.017759,-0.012284,0.038012,0.000000,0.000000,0.000000,1.000000,-0.005993,0.004905,0.058806,0.008426,0.006384,0.029695,0.999503,0.000000,0.000000,0.038252,0.448871,-0.005166,-0.025412,0.893220,0.000000,0.000000,0.024512,0.250430,0.021082,-0.017154,0.967753,0.023195,-0.009500,0.034365,0.018312,0.140343,-0.207036,0.968042,-0.000002,-0.000001,0.046041,0.075384,0.044777,0.085881,0.992440,0.000000,0.000000,0.030983,0.326941,0.027345,-0.065326,0.942388,0.000000,0.000000,0.020485,0.167760,-0.048349,0.001296,0.984641,-0.001411,-0.009062,0.035831,0.000000,0.000000,0.000000,1.000000,-0.000330,0.006497,0.060634,-0.071093,0.074973,-0.000680,0.994648,0.000000,0.000000,0.043294,0.233669,0.001609,-0.012434,0.972236,0.000000,0.000000,0.027785,0.082371,-0.003046,-0.051548,0.995263,-0.001576,-0.005813,0.066148,0.000000,0.000000,0.000000,1.000000,0.015121,-0.006067,0.035073,0.000000,0.000000,0.000000,1.000000,0.002494,-0.000518,0.054380,-0.022039,0.104453,-0.046547,0.993196,0.000000,0.000000,0.039330,0.299239,-0.007184,-0.039514,0.953333,0.000000,0.000000,0.026801,0.168898,-0.029667,-0.012509,0.985108,-0.026017,-0.021616,0.037297,0.109996,-0.423323,0.664058,0.606404,0.000000,0.000000,0.032791,0.224641,0.049694,-0.081564,0.969750,0.000000,0.000000,0.034082,0.246863,-0.038119,0.074065,0.965464,A
0.135622,0.835806,0.212056,-0.546728,-0.284485,-0.263986,0.741936,-0.017878,-0.012177,0.037965,0.000000,0.000000,0.000000,1.000000,-0.005874,0.004798,0.058853,-0.072834,0.022031,0.029905,0.996652,0.000000,0.000000,0.038252,0.286931,-0.000517,-0.026236,0.957592,0.000000,0.000000,0.024512,0.119385,0.023881,-0.016919,0.992417,0.023195,-0.009500,0.034365,0.018312,0.140343,-0.207036,0.968042,-0.000002,-0.000001,0.046041,0.216358,0.054630,0.072335,0.972097,0.000000,0.000000,0.030983,0.304704,0.028527,-0.063664,0.949889,0.000000,0.000000,0.020485,0.133668,-0.048629,0.001182,0.989832,-0.001530,-0.009008,0.035784,0.000000,0.000000,0.000000,1.000000,-0.000211,0.006443,0.060681,-0.073954,0.085937,0.000842,0.993552,0.000000,0.000000,0.043294,0.149168,0.002631,-0.012076,0.988735,0.000000,0.000000,0.027785,0.015753,-0.000135,-0.045164,0.998856,-0.001635,-0.005787,0.066125,0.000000,0.000000,0.000000,1.000000,0.015121,-0.006067,0.035073,0.000000,0.000000,0.000000,1.000000,0.002494,-0.000518,0.054380,0.046741,0.102937,-0.053042,0.992172,0.000000,0.000000,0.039330,0.224941,-0.004634,-0.038314,0.973608,0.000000,0.000000,0.026801,0.116868,-0.029647,-0.010104,0.992653,-0.026255,-0.021402,0.037204,0.104955,-0.425850,0.660879,0.608995,0.000000,0.000000,0.032791,0.238428,0.048313,-0.081321,0.966543,0.000000,0.000000,0.034082,0.254225,-0.037397,0.073738,0.963605,A
0.136842,0.834088,0.210168,-0.464957,-0.343236,-0.387890,0.718015,-0.016761,-0.013079,0.038348,0.000000,0.000000,0.000000,1.000000,-0.006991,0.005700,0.058470,-0.082108,0.020525,0.029653,0.995971,0.000000,0.000000,0.038252,0.157838,0.003032,-0.026330,0.987109,0.000000,0.000000,0.024512,0.019180,0.025711,-0.016543,0.999349,0.023195,-0.009500,0.034365,0.018312,0.140343,-0.207036,0.968042,-0.000002,-0.000001,0.046041,0.370816,0.057927,0.058713,0.925037,0.000000,0.000000,0.030983,0.232688,0.032192,-0.058131,0.970279,0.000000,0.000000,0.020485,0.068105,-0.049004,0.000961,0.996473,-0.000413,-0.009459,0.036167,0.000000,0.000000,0.000000,1.000000,-0.001328,0.006894,0.060298,-0.075759,0.081367,0.000429,0.993801,0.000000,0.000000,0.043294,0.102631,0.003180,-0.011842,0.994644,0.000000,0.000000,0.027785,-0.033556,0.002018,-0.040312,0.998622,-0.001077,-0.006012,0.066316,0.000000,0.000000,0.000000,1.000000,0.015121,-0.006067,0.035073,0.000000,0.000000,0.000000,1.000000,0.002494,-0.000518,0.054380,0.171106,0.099895,-0.064997,0.978018,0.000000,0.000000,0.039330,0.177305,-0.003009,-0.037439,0.983439,0.000000,0.000000,0.026801,0.078607,-0.029579,-0.008326,0.996432,-0.024022,-0.023206,0.037970,0.165206,-0.416731,0.685627,0.573549,0.000000,0.000000,0.032791,0.249857,0.047158,-0.081106,0.963727,0.000000,0.000000,0.034082,0.247094,-0.038096,0.074055,0.965406,A
0.136800,0.834351,0.209699,-0.432048,-0.366627,-0.459882,0.683688,-0.015773,-0.013717,0.038600,0.000000,0.000000,0.000000,1.000000,-0.007980,0.006338,0.058218,-0.081965,-0.039375,0.021245,0.995630,0.000000,0.000000,0.038252,0.070929,0.005350,-0.026138,0.997125,0.000000,0.000000,0.024512,-0.043976,0.026730,-0.016220,0.998543,0.023195,-0.009500,0.034365,0.018312,0.140343,-0.207036,0.968042,-0.000002,-0.000001,0.046041,0.447001,0.036325,0.063634,0.891528,0.000000,0.000000,0.030983,0.230724,0.032288,-0.057977,0.970754,0.000000,0.000000,0.020485,0.073396,-0.048981,0.000979,0.996099,0.000576,-0.009778,0.036419,0.000000,0.000000,0.000000,1.000000,-0.002316,0.007213,0.060046,-0.045025,0.058087,-0.004027,0.997288,0.000000,0.000000,0.043294,0.053118,0.003753,-0.011567,0.998514,0.000000,0.000000,0.027785,-0.054290,0.002923,-0.038240,0.997788,-0.000583,-0.006171,0.066442,0.000000,0.000000,0.000000,1.000000,0.015121,-0.006067,0.035073,0.000000,0.000000,0.000000,1.000000,0.002494,-0.000518,0.054380,0.259214,0.096879,-0.073748,0.958115,0.000000,0.000000,0.039330,0.235011,-0.004979,-0.038489,0.971218,0.000000,0.000000,0.026801,0.103572,-0.029628,-0.009487,0.994135,-0.022044,-0.024482,0.038473,0.130495,-0.334896,0.717148,0.597089,0.000000,0.000000,0.032791,0.278829,0.044183,-0.080507,0.955940,0.000000,0.000000,0.034082,0.189079,-0.043660,0.076464,0.978006,A
0.136683,0.834755,0.209784,-0.395979,-0.374793,-0.523737,0.654546,-0.017460,-0.012541,0.038123,0.000000,0.000000,0.000000,1.000000,-0.006293,0.005162,0.058695,-0.082366,-0.070782,0.016644,0.993946,0.000000,0.000000,0.038252,0.026770,0.006507,-0.025965,0.999283,0.000000,0.000000,0.024512,-0.053641,0.026876,-0.016165,0.998068,0.023195,-0.009500,0.034365,0.018312,0.140343,-0.207036,0.968042,-0.000002,-0.000001,0.046041,0.477042,0.030597,0.065447,0.875906,0.000000,0.000000,0.030983,0.243482,0.031658,-0.058975,0.967593,0.000000,0.000000,0.020485,0.080425,-0.048950,0.001003,0.995558,-0.001112,-0.009190,0.035942,0.000000,0.000000,0.000000,1.000000,-0.000629,0.006625,0.060523,-0.008215,0.035386,-0.007154,0.999314,0.000000,0.000000,0.043294,0.019899,0.004132,-0.011367,0.999729,0.000000,0.000000,0.027785,-0.072497,0.003717,-0.036405,0.996697,-0.001426,-0.005877,0.066204,0.000000,0.000000,0.000000,1.000000,0.015121,-0.006067,0.035073,0.000000,0.000000,0.000000,1.000000,0.002494,-0.000518,0.054380,0.296051,0.096637,-0.077811,0.947080,0.000000,0.000000,0.039330,0.188263,-0.003382,-0.037647,0.981391,0.000000,0.000000,0.026801,0.105915,-0.029632,-0.009595,0.993887,-0.025418,-0.022130,0.037519,-0.003247,-0.290651,0.672573,0.680556,0.000000,0.000000,0.032791,0.348084,0.036797,-0.078748,0.933425,0.000000,0.000000,0.034082,0.194985,-0.043104,0.076233,0.976889,A
0.138184,0.833382,0.204637,-0.329139,-0.390866,-0.586658,0.628270,-0.019712,-0.010033,0.036976,0.000000,0.000000,0.000000,1.000000,-0.004040,0.002654,0.059842,-0.082366,-0.105706,0.011421,0.990915,0.000000,0.000000,0.038252,0.021087,0.006655,-0.025939,0.999419,0.000000,0.000000,0.024512,-0.055619,0.026906,-0.016154,0.997959,0.023195,-0.009500,0.034365,0.018312,0.140343,-0.207036,0.968042,-0.000002,-0.000001,0.046041,0.545183,0.053465,0.049313,0.835156,0.000000,0.000000,0.030983,0.292562,0.029163,-0.062747,0.953740,0.000000,0.000000,0.020485,0.093949,-0.048882,0.001049,0.994376,-0.003364,-0.007936,0.034795,0.000000,0.000000,0.000000,1.000000,0.001624,0.005371,0.061670,0.002018,-0.010690,-0.009373,0.999897,0.000000,0.000000,0.043294,0.015557,0.004181,-0.011340,0.999806,0.000000,0.000000,0.027785,-0.075848,0.003863,-0.036065,0.996460,-0.002552,-0.005250,0.065630,0.000000,0.000000,0.000000,1.000000,0.015121,-0.006067,0.035073,0.000000,0.000000,0.000000,1.000000,0.002494,-0.000518,0.054380,0.372508,0.118373,-0.094569,0.915578,0.000000,0.000000,0.039330,0.208157,-0.004061,-0.038015,0.977348,0.000000,0.000000,0.026801,0.093362,-0.029610,-0.009012,0.995151,-0.029924,-0.017114,0.035225,-0.196053,-0.190875,0.539051,0.796589,0.000000,0.000000,0.032791,0.169394,0.055080,-0.082369,0.980555,0.000000,0.000000,0.034082,0.052319,-0.055932,0.080991,0.993768,A
0.148619,0.830669,0.201603,-0.239228,-0.402727,-0.644603,0.604209,-0.020620,-0.008317,0.036130,0.000000,0.000000,0.000000,1.000000,-0.003132,0.000938,0.060688,-0.080791,-0.156811,0.003788,0.984311,0.000000,0.000000,0.038252,0.019344,0.006700,-0.025931,0.999454,0.000000,0.000000,0.024512,-0.056603,0.026921,-0.016148,0.997903,0.023195,-0.009500,0.034365,0.018312,0.140343,-0.207036,0.968042,-0.000002,-0.000001,0.046041,0.654141,0.068683,0.031414,0.752593,0.000000,0.000000,0.030983,0.330850,0.027134,-0.065615,0.941008,0.000000,0.000000,0.020485,0.097424,-0.048863,0.001060,0.994042,-0.004272,-0.007078,0.033949,0.000000,0.000000,0.000000,1.000000,0.002532,0.004513,0.062516,0.180555,-0.017967,-0.005537,0.983385,0.000000,0.000000,0.043294,0.013849,0.004201,-0.011329,0.999831,0.000000,0.000000,0.027785,-0.077520,0.003936,-0.035896,0.996337,-0.003006,-0.004821,0.065207,0.000000,0.000000,0.000000,1.000000,0.015121,-0.006067,0.035073,0.000000,0.000000,0.000000,1.000000,0.002494,-0.000518,0.054380,0.544804,0.105709,-0.119539,0.823240,0.000000,0.000000,0.039330,0.425359,-0.011558,-0.041052,0.904019,0.000000,0.000000,0.026801,0.253391,-0.029523,-0.016388,0.966775,-0.031740,-0.013682,0.033533,-0.245940,-0.193310,0.462408,0.829653,0.000000,0.000000,0.032791,0.051530,0.065825,-0.083199,0.993021,0.000000,0.000000,0.034082,-0.082365,-0.066896,0.083919,0.990807,A
0.161455,0.825650,0.203874,-0.153209,-0.416021,-0.679432,0.584658,-0.020883,-0.007605,0.035769,0.000000,0.000000,0.000000,1.000000,-0.002870,0.000226,0.061049,0.013774,-0.059116,0.026860,0.997795,0.000000,0.000000,0.038252,0.019563,0.006694,-0.025932,0.999450,0.000000,0.000000,0.024512,-0.056343,0.026917,-0.016149,0.997918,0.023195,-0.009500,0.034365,0.018312,0.140343,-0.207036,0.968042,-0.000002,-0.000001,0.046041,0.520701,0.121641,0.008159,0.844990,0.000000,0.000000,0.030983,0.337574,0.026770,-0.066112,0.938593,0.000000,0.000000,0.020485,0.136465,-0.048608,0.001192,0.989451,-0.004534,-0.006722,0.033588,0.000000,0.000000,0.000000,1.000000,0.002794,0.004157,0.062878,0.393928,0.134405,-0.058642,0.907368,0.000000,0.000000,0.043294,0.161663,0.002482,-0.012134,0.986768,0.000000,0.000000,0.027785,0.027728,-0.000658,-0.046326,0.998541,-0.003138,-0.004644,0.065027,0.000000,0.000000,0.000000,1.000000,0.015121,-0.006067,0.035073,0.000000,0.000000,0.000000,1.000000,0.002494,-0.000518,0.054380,0.625831,0.097071,-0.132333,0.762497,0.000000,0.000000,0.039330,0.518800,-0.014838,-0.041731,0.853748,0.000000,0.000000,0.026801,0.319348,-0.029250,-0.019390,0.946988,-0.032264,-0.012259,0.032810,-0.242267,-0.236713,0.447847,0.827470,0.000000,0.000000,0.032791,-0.032954,0.072917,-0.083072,0.993326,0.000000,0.000000,0.034082,-0.163065,-0.072932,0.084946,0.980242,A
0.167977,0.822449,0.205438,-0.100248,-0.420946,-0.720978,0.541245,-0.020853,-0.007694,0.035814,0.000000,0.000000,0.000000,1.000000,-0.002899,0.000315,0.061004,0.084065,0.016722,0.031258,0.995830,0.000000,0.000000,0.038252,0.058500,0.005677,-0.026095,0.997930,0.000000,0.000000,0.024512,-0.053249,0.026870,-0.016167,0.998089,0.023195,-0.009500,0.034365,0.018312,0.140343,-0.207036,0.968042,-0.000002,-0.000001,0.046041,0.448814,0.138807,0.010652,0.882715,0.000000,0.000000,0.030983,0.302659,0.028635,-0.063510,0.950550,0.000000,0.000000,0.020485,0.136969,-0.048604,0.001193,0.989382,-0.004505,-0.006767,0.033633,0.000000,0.000000,0.000000,1.000000,0.002764,0.004202,0.062832,0.461166,0.102406,-0.055298,0.879648,0.000000,0.000000,0.043294,0.366928,-0.000072,-0.012819,0.930161,0.000000,0.000000,0.027785,0.152097,-0.006096,-0.058017,0.986643,-0.003123,-0.004666,0.065049,0.000000,0.000000,0.000000,1.000000,0.015121,-0.006067,0.035073,0.000000,0.000000,0.000000,1.000000,0.002494,-0.000518,0.054380,0.654325,0.100362,-0.142623,0.735829,0.000000,0.000000,0.039330,0.569976,-0.016653,-0.041909,0.820423,0.000000,0.000000,0.026801,0.356060,-0.029034,-0.021051,0.933775,-0.032205,-0.012437,0.032901,-0.214677,-0.282392,0.468791,0.808952,0.000000,0.000000,0.032791,-0.058066,0.074927,-0.082918,0.992038,0.000000,0.000000,0.034082,-0.168600,-0.073331,0.084996,0.979271,A
0.167501,0.825333,0.209857,-0.010603,-0.456603,-0.768405,0.448279,-0.020574,-0.008427,0.036186,0.000000,0.000000,0.000000,1.000000,-0.003178,0.001048,0.060632,0.134992,0.057160,0.028747,0.988779,0.000000,0.000000,0.038252,0.102191,0.004522,-0.026230,0.994409,0.000000,0.000000,0.024512,-0.051125,0.026838,-0.016180,0.998201,0.023195,-0.009500,0.034365,0.018312,0.140343,-0.207036,0.968042,-0.000002,-0.000001,0.046041,0.436844,0.098495,0.033728,0.893492,0.000000,0.000000,0.030983,0.293366,0.029121,-0.062808,0.953490,0.000000,0.000000,0.020485,0.137319,-0.048602,0.001194,0.989333,-0.004226,-0.007133,0.034005,0.000000,0.000000,0.000000,1.000000,0.002485,0.004568,0.062461,0.559965,0.081764,-0.057918,0.822435,0.000000,0.000000,0.043294,0.605503,-0.003340,-0.012844,0.795732,0.000000,0.000000,0.027785,0.314336,-0.013202,-0.072192,0.946471,-0.002983,-0.004849,0.065235,0.000000,0.000000,0.000000,1.000000,0.015121,-0.006067,0.035073,0.000000,0.000000,0.000000,1.000000,0.002494,-0.000518,0.054380,0.670635,0.087638,-0.136718,0.723793,0.000000,0.000000,0.039330,0.636539,-0.019034,-0.041899,0.769871,0.000000,0.000000,0.026801,0.371218,-0.028930,-0.021734,0.927841,-0.031647,-0.013902,0.033644,-0.185603,-0.291103,0.502480,0.792669,0.000000,0.000000,0.032791,-0.060907,0.075152,-0.082898,0.991852,0.000000,0.000000,0.034082,-0.170311,-0.073454,0.085011,0.978965,A
0.162394,0.827251,0.213059,0.038801,-0.406008,-0.831987,0.376099,-0.020529,-0.008530,0.036238,0.000000,0.000000,0.000000,1.000000,-0.003223,0.001151,0.060580,0.155629,0.070357,0.026847,0.984941,0.000000,0.000000,0.038252,0.152292,0.003181,-0.026324,0.987980,0.000000,0.000000,0.024512,-0.040886,0.026682,-0.016238,0.998676,0.023195,-0.009500,0.034365,0.018312,0.140343,-0.207036,0.968042,-0.000002,-0.000001,0.046041,0.488470,0.090194,0.031901,0.867320,0.000000,0.000000,0.030983,0.378579,0.024500,-0.069095,0.922661,0.000000,0.000000,0.020485,0.171018,-0.048319,0.001307,0.984082,-0.004181,-0.007185,0.034057,0.000000,0.000000,0.000000,1.000000,0.002440,0.004620,0.062409,0.634093,0.083572,-0.070863,0.765454,0.000000,0.000000,0.043294,0.712427,-0.004952,-0.012475,0.701618,0.000000,0.000000,0.027785,0.408245,-0.017324,-0.079785,0.909214,-0.002961,-0.004875,0.065261,0.000000,0.000000,0.000000,1.000000,0.015121,-0.006067,0.035073,0.000000,0.000000,0.000000,1.000000,0.002494,-0.000518,0.054380,0.694158,0.062269,-0.120760,0.706883,0.000000,0.000000,0.039330,0.684793,-0.020778,-0.041691,0.727247,0.000000,0.000000,0.026801,0.412158,-0.028608,-0.023574,0.910358,-0.031558,-0.014109,0.033748,-0.181538,-0.291934,0.507057,0.790387,0.000000,0.000000,0.032791,-0.058516,0.074963,-0.082915,0.992009,0.000000,0.000000,0.034082,-0.171856,-0.073565,0.085025,0.978685,A
0.159577,0.822521,0.216921,0.061547,-0.368924,-0.880336,0.291746,-0.020679,-0.008172,0.036057,0.000000,0.000000,0.000000,1.000000,-0.003073,0.000793,0.060761,0.297621,0.025487,0.032883,0.953777,0.000000,0.000000,0.038252,0.522237,-0.007357,-0.024738,0.852410,0.000000,0.000000,0.024512,0.257450,0.020918,-0.017158,0.965913,0.023195,-0.009500,0.034365,0.018312,0.140343,-0.207036,0.968042,-0.000002,-0.000001,0.046041,0.541033,0.074127,0.036304,0.836941,0.000000,0.000000,0.030983,0.567409,0.012771,-0.081662,0.819277,0.000000,0.000000,0.020485,0.367331,-0.045463,0.001944,0.928977,-0.004331,-0.007006,0.033876,0.000000,0.000000,0.000000,1.000000,0.002590,0.004441,0.062589,0.593625,0.087328,-0.066677,0.797206,0.000000,0.000000,0.043294,0.733461,-0.005284,-0.012363,0.679599,0.000000,0.000000,0.027785,0.449780,-0.019149,-0.082984,0.889070,-0.003036,-0.004785,0.065171,0.000000,0.000000,0.000000,1.000000,0.015121,-0.006067,0.035073,0.000000,0.000000,0.000000,1.000000,0.002494,-0.000518,0.054380,0.636591,0.071119,-0.115312,0.759208,0.000000,0.000000,0.039330,0.710008,-0.021696,-0.041504,0.702634,0.000000,0.000000,0.026801,0.459230,-0.028157,-0.025675,0.887500,-0.031857,-0.013392,0.033387,-0.199197,-0.282694,0.489001,0.800801,0.000000,0.000000,0.032791,-0.011314,0.071148,-0.083161,0.993929,0.000000,0.000000,0.034082,-0.172619,-0.073620,0.085031,0.978546,A
0.159270,0.819454,0.218281,0.093414,-0.392163,-0.881590,0.245524,-0.020671,-0.008193,0.036068,0.000000,0.000000,0.000000,1.000000,-0.003082,0.000814,0.060750,0.405095,0.032175,0.031585,0.913162,0.000000,0.000000,0.038252,0.684879,-0.012455,-0.022371,0.728207,0.000000,0.000000,0.024512,0.431223,0.016392,-0.016956,0.901937,0.023195,-0.009500,0.034365,0.018312,0.140343,-0.207036,0.968042,-0.000002,-0.000001,0.046041,0.621795,0.049240,0.048917,0.780098,0.000000,0.000000,0.030983,0.664189,0.005746,-0.087177,0.742442,0.000000,0.000000,0.020485,0.476129,-0.042890,0.002282,0.878326,-0.004322,-0.007016,0.033887,0.000000,0.000000,0.000000,1.000000,0.002582,0.004451,0.062579,0.556643,0.086977,-0.060684,0.823955,0.000000,0.000000,0.043295,0.705269,-0.004840,-0.012509,0.708813,0.000000,0.000000,0.027785,0.480946,-0.020519,-0.085314,0.872348,-0.003032,-0.004791,0.065176,0.000000,0.000000,0.000000,1.000000,0.015121,-0.006067,0.035073,0.000000,0.000000,0.000000,1.000000,0.002494,-0.000518,0.054380,0.598602,0.076460,-0.111675,0.789530,0.000000,0.000000,0.039330,0.713870,-0.021837,-0.041471,0.698708,0.000000,0.000000,0.026801,0.496028,-0.027740,-0.027308,0.867434,-0.031840,-0.013434,0.033408,-0.203460,-0.274323,0.487002,0.803853,0.000000,0.000000,0.032791,-0.007586,0.070840,-0.083173,0.993985,0.000000,0.000000,0.034082,-0.173625,-0.073692,0.085039,0.978362,A
0.159752,0.819767,0.217860,0.099702,-0.401393,-0.876139,0.247638,-0.020674,-0.008185,0.036064,0.000000,0.000000,0.000000,1.000000,-0.003079,0.000806,0.060754,0.492392,0.037834,0.029110,0.869063,0.000000,0.000000,0.038252,0.758391,-0.014909,-0.020764,0.651298,0.000000,0.000000,0.024512,0.514031,0.013872,-0.016630,0.857498,0.023195,-0.009501,0.034365,0.018312,0.140343,-0.207036,0.968042,-0.000002,-0.000001,0.046041,0.686492,0.048560,0.047988,0.723925,0.000000,0.000000,0.030983,0.695086,0.003312,-0.088763,0.713418,0.000000,0.000000,0.020485,0.500234,-0.042210,0.002355,0.864858,-0.004325,-0.007012,0.033883,0.000000,0.000000,0.000000,1.000000,0.002585,0.004447,0.062583,0.542235,0.083744,-0.056665,0.834121,0.000000,0.000000,0.043294,0.693693,-0.004661,-0.012562,0.720147,0.000000,0.000000,0.027785,0.493770,-0.021083,-0.086254,0.865048,-0.003033,-0.004789,0.065174,0.000000,0.000000,0.000000,1.000000,0.015121,-0.006067,0.035073,0.000000,0.000000,0.000000,1.000000,0.002494,-0.000518,0.054380,0.592530,0.077603,-0.111306,0.794039,0.000000,0.000000,0.039330,0.716969,-0.021951,-0.041442,0.695526,0.000000,0.000000,0.026801,0.520884,-0.027424,-0.028406,0.852714,-0.031846,-0.013418,0.033400,-0.205697,-0.270953,0.485491,0.805340,0.000000,0.000000,0.032791,-0.006336,0.070737,-0.083176,0.994001,0.000000,0.000000,0.034082,-0.173759,-0.073701,0.085041,0.978337,A
0.163587,0.818466,0.217486,0.118726,-0.451200,-0.841098,0.273637,-0.020676,-0.008179,0.036061,0.000000,0.000000,0.000000,1.000000,-0.003076,0.000800,0.060757,0.527940,0.037950,0.028874,0.847942,0.000000,0.000000,0.038252,0.776743,-0.015541,-0.020291,0.629299,0.000000,0.000000,0.024512,0.540827,0.012998,-0.016487,0.840872,0.023195,-0.009500,0.034365,0.018312,0.140343,-0.207036,0.968042,-0.000002,-0.000001,0.046041,0.688854,0.048869,0.047675,0.721678,0.000000,0.000000,0.030983,0.694877,0.003329,-0.088752,0.713623,0.000000,0.000000,0.020485,0.491452,-0.042463,0.002329,0.869866,-0.004328,-0.007009,0.033880,0.000000,0.000000,0.000000,1.000000,0.002587,0.004444,0.062586,0.535284,0.067833,-0.046463,0.840661,0.000000,0.000000,0.043294,0.678114,-0.004422,-0.012627,0.734836,0.000000,0.000000,0.027785,0.492448,-0.021025,-0.086157,0.865812,-0.003034,-0.004787,0.065172,0.000000,0.000000,0.000000,1.000000,0.015121,-0.006067,0.035073,0.000000,0.000000,0.000000,1.000000,0.002494,-0.000518,0.054380,0.591985,0.075040,-0.109490,0.794944,0.000000,0.000000,0.039330,0.718839,-0.022019,-0.041425,0.693592,0.000000,0.000000,0.026801,0.521744,-0.027413,-0.028444,0.852187,-0.031851,-0.013406,0.033394,-0.206246,-0.270357,0.485018,0.805684,0.000000,0.000000,0.032791,-0.004869,0.070615,-0.083180,0.994018,0.000000,0.000000,0.034082,-0.172394,-0.073604,0.085029,0.978587,A
0.176660,0.818080,0.216054,0.150108,-0.482151,-0.800774,0.322117,-0.020470,-0.008662,0.036303,0.000000,0.000000,0.000000,1.000000,-0.003282,0.001283,0.060515,0.539154,0.037505,0.029063,0.840870,0.000000,0.000000,0.038252,0.756206,-0.014834,-0.020818,0.653834,0.000000,0.000000,0.024512,0.496719,0.014420,-0.016712,0.867631,0.023195,-0.009500,0.034365,0.018312,0.140343,-0.207036,0.968042,-0.000002,-0.000001,0.046041,0.677321,0.047197,0.049339,0.732513,0.000000,0.000000,0.030983,0.671914,0.005147,-0.087582,0.735415,0.000000,0.000000,0.020485,0.454899,-0.043455,0.002217,0.889480,-0.004122,-0.007250,0.034122,0.000000,0.000000,0.000000,1.000000,0.002382,0.004686,0.062343,0.535874,0.067792,-0.046503,0.840286,0.000000,0.000000,0.043294,0.642167,-0.003880,-0.012751,0.766449,0.000000,0.000000,0.027785,0.458149,-0.019516,-0.083615,0.884719,-0.002931,-0.004908,0.065294,0.000000,0.000000,0.000000,1.000000,0.015121,-0.006067,0.035073,0.000000,0.000000,0.000000,1.000000,0.002494,-0.000518,0.054380,0.592957,0.074392,-0.109233,0.794315,0.000000,0.000000,0.039330,0.718440,-0.022004,-0.041429,0.694006,0.000000,0.000000,0.026801,0.515716,-0.027492,-0.028178,0.855855,-0.031440,-0.014372,0.033880,-0.176858,-0.292137,0.512570,0.787813,0.000000,0.000000,0.032791,0.019318,0.068588,-0.083221,0.993980,0.000000,0.000000,0.034082,-0.164730,-0.073052,0.084962,0.979954,A
0.184151,0.818533,0.214649,0.136451,-0.495677,-0.761444,0.394828,-0.020299,-0.009018,0.036481,0.000000,0.000000,0.000000,1.000000,-0.003453,0.001639,0.060337,0.556355,0.037573,0.028930,0.829591,0.000000,0.000000,0.038252,0.749390,-0.014602,-0.020985,0.661635,0.000000,0.000000,0.024512,0.473267,0.015145,-0.016811,0.880629,0.023195,-0.009500,0.034365,0.018312,0.140343,-0.207036,0.968042,-0.000002,-0.000001,0.046041,0.666329,0.045087,0.051330,0.742521,0.000000,0.000000,0.030983,0.664180,0.005747,-0.087176,0.742450,0.000000,0.000000,0.020485,0.445567,-0.043693,0.002188,0.894179,-0.003951,-0.007429,0.034300,0.000000,0.000000,0.000000,1.000000,0.002210,0.004864,0.062166,0.559326,0.066715,-0.048476,0.824836,0.000000,0.000000,0.043294,0.666014,-0.004238,-0.012673,0.745820,0.000000,0.000000,0.027785,0.463685,-0.019760,-0.084031,0.881785,-0.002846,-0.004997,0.065383,0.000000,0.000000,0.000000,1.000000,0.015121,-0.006067,0.035073,0.000000,0.000000,0.000000,1.000000,0.002494,-0.000518,0.054380,0.607185,0.072016,-0.110220,0.783576,0.000000,0.000000,0.039330,0.715534,-0.021898,-0.041455,0.697003,0.000000,0.000000,0.026801,0.507106,-0.027603,-0.027798,0.860993,-0.031097,-0.015084,0.034234,-0.151353,-0.311550,0.533072,0.771922,0.000000,0.000000,0.032791,0.020557,0.068484,-0.083222,0.993963,0.000000,0.000000,0.034082,-0.159778,-0.072694,0.084915,0.980804,A
0.191008,0.834944,0.227572,0.137480,-0.566357,-0.662321,0.470818,-0.020204,-0.009202,0.036572,0.000000,0.000000,0.000000,1.000000,-0.003549,0.001823,0.060246,0.562435,0.037563,0.028900,0.825482,0.000000,0.000000,0.038252,0.730046,-0.013948,-0.021434,0.682919,0.000000,0.000000,0.024512,0.462097,0.015483,-0.016853,0.886534,0.023195,-0.009500,0.034365,0.018312,0.140343,-0.207036,0.968042,-0.000002,-0.000001,0.046041,0.635123,0.041145,0.054990,0.769352,0.000000,0.000000,0.030983,0.652985,0.006603,-0.086579,0.752377,0.000000,0.000000,0.020485,0.432966,-0.044005,0.002149,0.900333,-0.003855,-0.007521,0.034391,0.000000,0.000000,0.000000,1.000000,0.002115,0.004956,0.062075,0.571292,0.063779,-0.047984,0.816857,0.000000,0.000000,0.043294,0.680904,-0.004464,-0.012616,0.732251,0.000000,0.000000,0.027785,0.474362,-0.020229,-0.084827,0.876000,-0.002798,-0.005043,0.065428,0.000000,0.000000,0.000000,1.000000,0.015121,-0.006067,0.035073,0.000000,0.000000,0.000000,1.000000,0.002494,-0.000518,0.054380,0.608953,0.071094,-0.109904,0.782332,0.000000,0.000000,0.039330,0.698353,-0.021271,-0.041598,0.714227,0.000000,0.000000,0.026801,0.499260,-0.027701,-0.027451,0.865575,-0.030906,-0.015453,0.034416,-0.109237,-0.362018,0.553575,0.742001,0.000000,0.000000,0.032791,0.022556,0.068314,-0.083223,0.993931,0.000000,0.000000,0.034082,-0.159646,-0.072685,0.084914,0.980826,A
0.187783,0.840609,0.232744,0.079865,-0.606091,-0.581361,0.536930,-0.018558,-0.011504,0.037665,0.000000,0.000000,0.000000,1.000000,-0.005194,0.004124,0.059153,0.496768,0.037092,0.029464,0.866590,0.000000,0.000000,0.038252,0.730881,-0.013976,-0.021416,0.682025,0.000000,0.000000,0.024512,0.459083,0.015573,-0.016864,0.888097,0.023195,-0.009500,0.034365,0.018312,0.140343,-0.207036,0.968042,-0.000002,-0.000001,0.046041,0.659843,0.043449,0.052810,0.748285,0.000000,0.000000,0.030983,0.645355,0.007180,-0.086165,0.758973,0.000000,0.000000,0.020485,0.412201,-0.044496,0.002085,0.910003,-0.002210,-0.008671,0.035484,0.000000,0.000000,0.000000,1.000000,0.000469,0.006106,0.060982,0.571765,0.062264,-0.047067,0.816696,0.000000,0.000000,0.043294,0.700380,-0.004764,-0.012532,0.713644,0.000000,0.000000,0.027785,0.474251,-0.020224,-0.084818,0.876061,-0.001975,-0.005618,0.065975,0.000000,0.000000,0.000000,1.000000,0.015121,-0.006067,0.035073,0.000000,0.000000,0.000000,1.000000,0.002494,-0.000518,0.054380,0.612916,0.070137,-0.109965,0.779309,0.000000,0.000000,0.039330,0.694267,-0.021122,-0.041628,0.718202,0.000000,0.000000,0.026801,0.486138,-0.027858,-0.026870,0.873024,-0.027615,-0.020055,0.036602,0.022756,-0.385309,0.640484,0.663927,0.000000,0.000000,0.032791,0.133431,0.058465,-0.082748,0.985866,0.000000,0.000000,0.034082,-0.131107,-0.070590,0.084606,0.985226,A
0.176556,0.841014,0.217707,-0.084113,-0.553841,-0.454504,0.692540,-0.017046,-0.012869,0.038262,0.000000,0.000000,0.000000,1.000000,-0.006707,0.005490,0.058556,0.470440,0.067525,0.015297,0.879712,0.000000,0.000000,0.038252,0.764158,-0.015107,-0.020619,0.644522,0.000000,0.000000,0.024512,0.484482,0.014801,-0.016765,0.874516,0.023195,-0.009500,0.034365,0.018312,0.140343,-0.207036,0.968042,-0.000002,-0.000001,0.046041,0.721964,0.046379,0.050019,0.688561,0.000000,0.000000,0.030983,0.642216,0.007416,-0.085993,0.761649,0.000000,0.000000,0.020485,0.428572,-0.044111,0.002136,0.902428,-0.000697,-0.009354,0.036081,0.000000,0.000000,0.000000,1.000000,-0.001043,0.006789,0.060384,0.588850,0.063627,-0.049908,0.804187,0.000000,0.000000,0.043294,0.733986,-0.005293,-0.012359,0.679031,0.000000,0.000000,0.027785,0.496166,-0.021188,-0.086428,0.863656,-0.001219,-0.005960,0.066273,0.000000,0.000000,0.000000,1.000000,0.015121,-0.006067,0.035073,0.000000,0.000000,0.000000,1.000000,0.002494,-0.000518,0.054380,0.671809,0.058954,-0.112906,0.729691,0.000000,0.000000,0.039330,0.694704,-0.021138,-0.041625,0.717779,0.000000,0.000000,0.026801,0.485808,-0.027862,-0.026856,0.873209,-0.024590,-0.022787,0.037797,0.146168,-0.415278,0.680690,0.585527,0.000000,0.000000,0.032791,0.184094,0.053669,-0.082181,0.977996,0.000000,0.000000,0.034082,-0.052043,-0.064524,0.083391,0.993063,A
0.161763,0.844327,0.188151,-0.211377,-0.470557,-0.335427,0.788279,-0.017706,-0.012330,0.038032,0.000000,0.000000,0.000000,1.000000,-0.006046,0.004951,0.058786,0.415398,0.067452,0.017690,0.906963,0.000000,0.000000,0.038252,0.784945,-0.015827,-0.020068,0.619038,0.000000,0.000000,0.024512,0.520114,0.013676,-0.016599,0.853826,0.023195,-0.009500,0.034365,0.018312,0.140343,-0.207036,0.968042,-0.000002,-0.000001,0.046041,0.676296,0.040101,0.055679,0.733427,0.000000,0.000000,0.030983,0.651326,0.006729,-0.086489,0.753823,0.000000,0.000000,0.020485,0.484171,-0.042668,0.002307,0.873930,-0.001358,-0.009085,0.035851,0.000000,0.000000,0.000000,1.000000,-0.000382,0.006520,0.060614,0.561995,0.067031,-0.048979,0.822964,0.000000,0.000000,0.043294,0.766799,-0.005824,-0.012152,0.641746,0.000000,0.000000,0.027785,0.515024,-0.022018,-0.087788,0.852384,-0.001549,-0.005825,0.066158,0.000000,0.000000,0.000000,1.000000,0.015121,-0.006067,0.035073,0.000000,0.000000,0.000000,1.000000,0.002494,-0.000518,0.054380,0.633687,0.062222,-0.108041,0.763476,0.000000,0.000000,0.039330,0.712623,-0.021792,-0.041482,0.699981,0.000000,0.000000,0.026801,0.499796,-0.027694,-0.027475,0.865264,-0.025912,-0.021709,0.037337,0.148762,-0.457416,0.660800,0.576180,0.000000,0.000000,0.032791,0.176835,0.054368,-0.082276,0.979288,0.000000,0.000000,0.034082,-0.013546,-0.061431,0.082611,0.994595,A
0.143415,0.836695,0.168765,-0.367770,-0.312908,-0.145471,0.863523,-0.017181,-0.012765,0.038218,0.000000,0.000000,0.000000,1.000000,-0.006571,0.005386,0.058600,0.319052,0.060157,0.023456,0.945535,0.000000,0.000000,0.038252,0.787466,-0.015916,-0.019998,0.615828,0.000000,0.000000,0.024512,0.547440,0.012777,-0.016449,0.836586,0.023195,-0.009500,0.034365,0.018312,0.140343,-0.207036,0.968042,-0.000002,-0.000001,0.046041,0.535651,0.023154,0.068559,0.841333,0.000000,0.000000,0.030983,0.706409,0.002393,-0.089319,0.702142,0.000000,0.000000,0.020485,0.563603,-0.040205,0.002545,0.825063,-0.000833,-0.009302,0.036037,0.000000,0.000000,0.000000,1.000000,-0.000908,0.006737,0.060428,0.430761,0.047434,-0.027534,0.900798,0.000000,0.000000,0.043294,0.765199,-0.005798,-0.012163,0.643653,0.000000,0.000000,0.027785,0.534961,-0.022895,-0.089198,0.839843,-0.001287,-0.005934,0.066251,0.000000,0.000000,0.000000,1.000000,0.015121,-0.006067,0.035073,0.000000,0.000000,0.000000,1.000000,0.002494,-0.000518,0.054380,0.500213,0.067641,-0.091156,0.858430,0.000000,0.000000,0.039330,0.734245,-0.022584,-0.041267,0.677252,0.000000,0.000000,0.026801,0.535041,-0.027232,-0.029029,0.843888,-0.024861,-0.022578,0.037709,0.153921,-0.430293,0.675587,0.578566,0.000000,0.000000,0.032791,0.171360,0.054893,-0.082345,0.980225,0.000000,0.000000,0.034082,0.002972,-0.060077,0.082238,0.994796,A
0.138037,0.826189,0.181664,-0.420227,-0.260272,-0.076685,0.865903,-0.015873,-0.013658,0.038578,0.000000,0.000000,0.000000,1.000000,-0.007879,0.006279,0.058240,0.268449,0.054728,0.026082,0.961384,0.000000,0.000000,0.038252,0.786439,-0.015880,-0.020027,0.617139,0.000000,0.000000,0.024512,0.571380,0.011963,-0.016300,0.820437,0.023195,-0.009500,0.034365,0.018312,0.140343,-0.207036,0.968042,-0.000002,-0.000001,0.046041,0.392310,0.007482,0.077975,0.916492,0.000000,0.000000,0.030983,0.723983,0.000935,-0.090154,0.683901,0.000000,0.000000,0.020485,0.615252,-0.038313,0.002696,0.787394,0.000475,-0.009749,0.036397,0.000000,0.000000,0.000000,1.000000,-0.002216,0.007184,0.060069,0.356157,0.040403,-0.020898,0.933318,0.000000,0.000000,0.043294,0.732334,-0.005266,-0.012369,0.680813,0.000000,0.000000,0.027785,0.541410,-0.023179,-0.089647,0.835644,-0.000633,-0.006157,0.066431,0.000000,0.000000,0.000000,1.000000,0.015121,-0.006067,0.035073,0.000000,0.000000,0.000000,1.000000,0.002494,-0.000518,0.054380,0.395833,0.071956,-0.081059,0.911903,0.000000,0.000000,0.039330,0.749422,-0.023143,-0.041087,0.660411,0.000000,0.000000,0.026801,0.559841,-0.026870,-0.030117,0.827617,-0.022245,-0.024364,0.038428,0.183128,-0.385779,0.706301,0.564604,0.000000,0.000000,0.032791,0.165078,0.055492,-0.082420,0.981263,0.000000,0.000000,0.034082,0.016993,-0.058914,0.081904,0.994752,A
0.148428,0.821325,0.198653,-0.472173,-0.294870,-0.000429,0.830725,-0.015902,-0.013641,0.038571,0.000000,0.000000,0.000000,1.000000,-0.007851,0.006262,0.058247,0.186546,0.041119,0.029686,0.981136,0.000000,0.000000,0.038252,0.737599,-0.014202,-0.021263,0.674754,0.000000,0.000000,0.024512,0.547465,0.012776,-0.016449,0.836570,0.023195,-0.009500,0.034365,0.018312,0.140343,-0.207036,0.968042,-0.000002,-0.000001,0.046041,0.285174,-0.006077,0.084013,0.954768,0.000000,0.000000,0.030983,0.662576,0.005870,-0.087091,0.743891,0.000000,0.000000,0.020485,0.610733,-0.038488,0.002683,0.790896,0.000447,-0.009740,0.036390,0.000000,0.000000,0.000000,1.000000,-0.002187,0.007175,0.060075,0.287703,0.045362,-0.019153,0.956453,0.000000,0.000000,0.043294,0.690315,-0.004609,-0.012577,0.723385,0.000000,0.000000,0.027785,0.530400,-0.022695,-0.088878,0.842770,-0.000647,-0.006152,0.066428,0.000000,0.000000,0.000000,1.000000,0.015121,-0.006067,0.035073,0.000000,0.000000,0.000000,1.000000,0.002494,-0.000518,0.054380,0.305085,0.077569,-0.073836,0.946285,0.000000,0.000000,0.039330,0.732192,-0.022509,-0.041290,0.679473,0.000000,0.000000,0.026801,0.559227,-0.026879,-0.030090,0.828032,-0.022302,-0.024330,0.038415,0.229478,-0.426675,0.694479,0.531966,0.000000,0.000000,0.032791,0.108298,0.060775,-0.082947,0.988786,0.000000,0.000000,0.034082,-0.023298,-0.062223,0.082820,0.994347,A
0.153838,0.817719,0.207201,-0.503291,-0.325294,0.052818,0.798807,-0.016197,-0.013459,0.038501,0.000000,0.000000,0.000000,1.000000,-0.007555,0.006080,0.058317,0.138490,0.039347,0.030209,0.989121,0.000000,0.000000,0.038252,0.725143,-0.013784,-0.021544,0.688123,0.000000,0.000000,0.024512,0.527254,0.013444,-0.016562,0.849440,0.023195,-0.009500,0.034365,0.018312,0.140343,-0.207036,0.968042,-0.000002,-0.000001,0.046041,0.226819,-0.008409,0.085500,0.970140,0.000000,0.000000,0.030983,0.640972,0.007509,-0.085925,0.762703,0.000000,0.000000,0.020485,0.594027,-0.039120,0.002634,0.803489,0.000151,-0.009649,0.036320,0.000000,0.000000,0.000000,1.000000,-0.001892,0.007084,0.060146,0.248694,0.058920,-0.020197,0.966578,0.000000,0.000000,0.043294,0.689151,-0.004591,-0.012582,0.724494,0.000000,0.000000,0.027785,0.511928,-0.021882,-0.087566,0.854274,-0.000795,-0.006107,0.066393,0.000000,0.000000,0.000000,1.000000,0.015121,-0.006067,0.035073,0.000000,0.000000,0.000000,1.000000,0.002494,-0.000518,0.054380,0.252433,0.081709,-0.069910,0.961620,0.000000,0.000000,0.039330,0.721029,-0.022099,-0.041404,0.691313,0.000000,0.000000,0.026801,0.550996,-0.027003,-0.029729,0.833541,-0.022893,-0.023966,0.038275,0.258335,-0.466457,0.677525,0.506597,0.000000,0.000000,0.032791,0.058489,0.065218,-0.083183,0.992676,0.000000,0.000000,0.034082,-0.082536,-0.066909,0.083922,0.990792,A
0.154989,0.816056,0.212005,-0.504184,-0.348330,0.090854,0.784991,-0.017023,-0.012887,0.038269,0.000000,0.000000,0.000000,1.000000,-0.006730,0.005508,0.058549,0.124767,0.040610,0.030206,0.990894,0.000000,0.000000,0.038252,0.722323,-0.013690,-0.021605,0.691083,0.000000,0.000000,0.024512,0.520336,0.013669,-0.016598,0.853691,0.023195,-0.009500,0.034365,0.018312,0.140343,-0.207036,0.968042,-0.000002,-0.000001,0.046041,0.190551,-0.006580,0.085910,0.977889,0.000000,0.000000,0.030983,0.636300,0.007857,-0.085667,0.766630,0.000000,0.000000,0.020485,0.576592,-0.039752,0.002583,0.816060,-0.000674,-0.009363,0.036088,0.000000,0.000000,0.000000,1.000000,-0.001066,0.006798,0.060377,0.237514,0.069558,-0.021643,0.968649,0.000000,0.000000,0.043294,0.692275,-0.004639,-0.012568,0.721509,0.000000,0.000000,0.027785,0.504520,-0.021556,-0.087034,0.858732,-0.001208,-0.005964,0.066277,0.000000,0.000000,0.000000,1.000000,0.015121,-0.006067,0.035073,0.000000,0.000000,0.000000,1.000000,0.002494,-0.000518,0.054380,0.225028,0.084928,-0.068012,0.968258,0.000000,0.000000,0.039330,0.718971,-0.022024,-0.041424,0.693455,0.000000,0.000000,0.026801,0.545557,-0.027082,-0.029491,0.837117,-0.024544,-0.022822,0.037811,0.239478,-0.497402,0.659846,0.509749,0.000000,0.000000,0.032791,0.012279,0.069182,-0.083214,0.994052,0.000000,0.000000,0.034082,-0.119549,-0.069727,0.084461,0.986769,A
0.154670,0.816242,0.211989,-0.485388,-0.361638,0.116546,0.787422,-0.017415,-0.012578,0.038139,0.000000,0.000000,0.000000,1.000000,-0.006338,0.005199,0.058679,0.124352,0.041072,0.030176,0.990929,0.000000,0.000000,0.038252,0.722596,-0.013699,-0.021600,0.690797,0.000000,0.000000,0.024512,0.520726,0.013656,-0.016596,0.853453,0.023195,-0.009500,0.034365,0.018312,0.140343,-0.207036,0.968042,-0.000002,-0.000001,0.046041,0.190975,-0.004605,0.085551,0.977849,0.000000,0.000000,0.030983,0.635437,0.007921,-0.085619,0.767351,0.000000,0.000000,0.020485,0.563976,-0.040192,0.002546,0.824808,-0.001066,-0.009209,0.035958,0.000000,0.000000,0.000000,1.000000,-0.000674,0.006644,0.060507,0.188112,0.072055,-0.018566,0.979325,0.000000,0.000000,0.043294,0.692809,-0.004647,-0.012566,0.720997,0.000000,0.000000,0.027785,0.506618,-0.021648,-0.087185,0.857478,-0.001404,-0.005887,0.066212,0.000000,0.000000,0.000000,1.000000,0.015121,-0.006067,0.035073,0.000000,0.000000,0.000000,1.000000,0.002494,-0.000518,0.054380,0.202910,0.089885,-0.066765,0.972775,0.000000,0.000000,0.039330,0.718471,-0.022006,-0.041428,0.693974,0.000000,0.000000,0.026801,0.544604,-0.027096,-0.029449,0.837738,-0.025328,-0.022204,0.037551,0.222357,-0.506339,0.653191,0.517224,0.000000,0.000000,0.032791,-0.025656,0.072324,-0.083106,0.993582,0.000000,0.000000,0.034082,-0.163764,-0.072983,0.084953,0.980122,A
0.153722,0.816314,0.209861,-0.465646,-0.371708,0.122709,0.793694,-0.018176,-0.011895,0.037841,0.000000,0.000000,0.000000,1.000000,-0.005576,0.004516,0.058977,0.117490,0.051027,0.029582,0.991321,0.000000,0.000000,0.038252,0.721828,-0.013673,-0.021616,0.691600,0.000000,0.000000,0.024512,0.521616,0.013627,-0.016591,0.852910,0.023195,-0.009500,0.034365,0.018312,0.140343,-0.207036,0.968042,-0.000002,-0.000001,0.046041,0.203320,-0.002477,0.084833,0.975427,0.000000,0.000000,0.030983,0.622093,0.008904,-0.084872,0.778279,0.000000,0.000000,0.020485,0.557597,-0.040409,0.002527,0.829124,-0.001828,-0.008867,0.035660,0.000000,0.000000,0.000000,1.000000,0.000087,0.006302,0.060805,0.162903,0.078915,-0.017615,0.983323,0.000000,0.000000,0.043294,0.688292,-0.004577,-0.012586,0.725310,0.000000,0.000000,0.027785,0.507826,-0.021701,-0.087272,0.856753,-0.001784,-0.005716,0.066063,0.000000,0.000000,0.000000,1.000000,0.015121,-0.006067,0.035073,0.000000,0.000000,0.000000,1.000000,0.002494,-0.000518,0.054380,0.183552,0.092905,-0.065355,0.976425,0.000000,0.000000,0.039330,0.701089,-0.021371,-0.041577,0.711539,0.000000,0.000000,0.026801,0.543265,-0.027115,-0.029390,0.838608,-0.026851,-0.020839,0.036955,0.191662,-0.528697,0.637288,0.526887,0.000000,0.000000,0.032791,-0.041081,0.073572,-0.083028,0.992978,0.000000,0.000000,0.034082,-0.167530,-0.073254,0.084987,0.979461,A
0.152312,0.817335,0.206033,-0.436838,-0.397828,0.094539,0.801229,-0.018754,-0.011288,0.037566,0.000000,0.000000,0.000000,1.000000,-0.004999,0.003909,0.059252,0.103295,0.070942,0.028800,0.991700,0.000000,0.000000,0.038252,0.721168,-0.013651,-0.021631,0.692288,0.000000,0.000000,0.024512,0.522321,0.013605,-0.016588,0.852479,0.023195,-0.009500,0.034365,0.018312,0.140343,-0.207036,0.968042,-0.000002,-0.000001,0.046041,0.215929,-0.000120,0.084022,0.972787,0.000000,0.000000,0.030983,0.620168,0.009045,-0.084763,0.779824,0.000000,0.000000,0.020485,0.552456,-0.040581,0.002512,0.832550,-0.002405,-0.008564,0.035385,0.000000,0.000000,0.000000,1.000000,0.000665,0.005999,0.061080,0.171034,0.086263,-0.019189,0.981294,0.000000,0.000000,0.043294,0.685248,-0.004531,-0.012598,0.728186,0.000000,0.000000,0.027785,0.508369,-0.021725,-0.087311,0.856426,-0.002073,-0.005564,0.065925,0.000000,0.000000,0.000000,1.000000,0.015121,-0.006067,0.035073,0.000000,0.000000,0.000000,1.000000,0.002494,-0.000518,0.054380,0.190824,0.094053,-0.066210,0.974862,0.000000,0.000000,0.039330,0.700081,-0.021334,-0.041585,0.712532,0.000000,0.000000,0.026801,0.540117,-0.027160,-0.029252,0.840643,-0.028006,-0.019624,0.036405,0.168735,-0.549397,0.623003,0.530621,0.000000,0.000000,0.032791,-0.060633,0.075130,-0.082900,0.991870,0.000000,0.000000,0.034082,-0.169348,-0.073385,0.085003,0.979138,A
0.152340,0.817256,0.204983,-0.403725,-0.407225,0.050343,0.817704,-0.019016,-0.010979,0.037424,0.000000,0.000000,0.000000,1.000000,-0.004736,0.003600,0.059394,0.099310,0.081054,0.028448,0.991342,0.000000,0.000000,0.038252,0.719404,-0.013593,-0.021669,0.694121,0.000000,0.000000,0.024512,0.523441,0.013568,-0.016582,0.851793,0.023195,-0.009500,0.034365,0.018312,0.140343,-0.207036,0.968042,-0.000002,-0.000001,0.046041,0.213823,0.009348,0.082155,0.973367,0.000000,0.000000,0.030983,0.616959,0.009278,-0.084580,0.782382,0.000000,0.000000,0.020485,0.549879,-0.040667,0.002504,0.834250,-0.002668,-0.008409,0.035243,0.000000,0.000000,0.000000,1.000000,0.000927,0.005844,0.061223,0.221757,0.086277,-0.023578,0.970991,0.000000,0.000000,0.043294,0.680169,-0.004453,-0.012619,0.732933,0.000000,0.000000,0.027785,0.507625,-0.021692,-0.087257,0.856874,-0.002204,-0.005487,0.065854,0.000000,0.000000,0.000000,1.000000,0.015121,-0.006067,0.035073,0.000000,0.000000,0.000000,1.000000,0.002494,-0.000518,0.054380,0.221261,0.093768,-0.069178,0.968228,0.000000,0.000000,0.039330,0.696632,-0.021208,-0.041611,0.715907,0.000000,0.000000,0.026801,0.534291,-0.027242,-0.028996,0.844364,-0.028532,-0.019007,0.036121,0.152970,-0.555024,0.616836,0.536714,0.000000,0.000000,0.032791,-0.061756,0.075219,-0.082891,0.991795,0.000000,0.000000,0.034082,-0.170835,-0.073492,0.085016,0.978870,A
0.152991,0.816340,0.205911,-0.378980,-0.422401,-0.014895,0.823243,-0.019083,-0.010897,0.037385,0.000000,0.000000,0.000000,1.000000,-0.004669,0.003518,0.059433,0.116639,0.084742,0.027347,0.989175,0.000000,0.000000,0.038252,0.739483,-0.014266,-0.021219,0.672689,0.000000,0.000000,0.024512,0.539962,0.013026,-0.016492,0.841427,0.023195,-0.009500,0.034365,0.018312,0.140343,-0.207036,0.968042,-0.000002,-0.000001,0.046041,0.244719,0.016500,0.079322,0.966203,0.000000,0.000000,0.030983,0.629068,0.008392,-0.085264,0.772614,0.000000,0.000000,0.020485,0.549471,-0.040680,0.002503,0.834519,-0.002735,-0.008368,0.035204,0.000000,0.000000,0.000000,1.000000,0.000995,0.005803,0.061261,0.303992,0.084175,-0.030507,0.948458,0.000000,0.000000,0.043294,0.694956,-0.004680,-0.012557,0.718928,0.000000,0.000000,0.027785,0.521144,-0.022287,-0.088223,0.848604,-0.002238,-0.005467,0.065835,0.000000,0.000000,0.000000,1.000000,0.015121,-0.006067,0.035073,0.000000,0.000000,0.000000,1.000000,0.002494,-0.000518,0.054380,0.303964,0.088204,-0.076518,0.945501,0.000000,0.000000,0.039330,0.716801,-0.021945,-0.041444,0.695699,0.000000,0.000000,0.026801,0.534204,-0.027243,-0.028992,0.844419,-0.028666,-0.018842,0.036044,0.122578,-0.530541,0.619215,0.565751,0.000000,0.000000,0.032791,-0.061330,0.075186,-0.082895,0.991824,0.000000,0.000000,0.034082,-0.172337,-0.073600,0.085029,0.978598,A
0.155056,0.799273,0.226606,-0.322815,-0.426217,-0.178724,0.825946,-0.020289,-0.009037,0.036490,0.000000,0.000000,0.000000,1.000000,-0.003463,0.001658,0.060328,0.206994,0.056761,0.027075,0.976319,0.000000,0.000000,0.038252,0.765732,-0.015161,-0.020579,0.642651,0.000000,0.000000,0.024512,0.538062,0.013089,-0.016503,0.842642,0.023195,-0.009500,0.034365,0.018312,0.140343,-0.207036,0.968042,-0.000002,-0.000001,0.046041,0.340257,0.009117,0.078315,0.937021,0.000000,0.000000,0.030983,0.705976,0.002428,-0.089298,0.702579,0.000000,0.000000,0.020485,0.556287,-0.040453,0.002523,0.830001,-0.003941,-0.007438,0.034309,0.000000,0.000000,0.000000,1.000000,0.002201,0.004873,0.062156,0.372441,0.045647,-0.023501,0.926635,0.000000,0.000000,0.043294,0.733958,-0.005292,-0.012360,0.679062,0.000000,0.000000,0.027785,0.556768,-0.023856,-0.090706,0.825356,-0.002841,-0.005002,0.065387,0.000000,0.000000,0.000000,1.000000,0.015121,-0.006067,0.035073,0.000000,0.000000,0.000000,1.000000,0.002494,-0.000518,0.054380,0.391608,0.073811,-0.081299,0.913557,0.000000,0.000000,0.039330,0.762430,-0.023624,-0.040911,0.645344,0.000000,0.000000,0.026801,0.569476,-0.026721,-0.030538,0.821006,-0.031078,-0.015122,0.034253,-0.150414,-0.311900,0.533934,0.771368,0.000000,0.000000,0.032791,0.029799,0.067697,-0.083223,0.993782,0.000000,0.000000,0.034082,-0.173802,-0.073705,0.085041,0.978330,A
0.154938,0.791309,0.236951,-0.258955,-0.442662,-0.289570,0.808172,-0.020937,-0.007431,0.035679,0.000000,0.000000,0.000000,1.000000,-0.002815,0.000052,0.061139,0.244409,0.060509,0.025452,0.967448,0.000000,0.000000,0.038252,0.764644,-0.015123,-0.020607,0.643946,0.000000,0.000000,0.024512,0.530899,0.013325,-0.016542,0.847169,0.023195,-0.009500,0.034365,0.018312,0.140343,-0.207036,0.968042,-0.000002,-0.000001,0.046041,0.357417,-0.003693,0.082570,0.930280,0.000000,0.000000,0.030983,0.724749,0.000871,-0.090189,0.683084,0.000000,0.000000,0.020485,0.567888,-0.040057,0.002558,0.822126,-0.004589,-0.006635,0.033498,0.000000,0.000000,0.000000,1.000000,0.002849,0.004070,0.062967,0.389153,0.046066,-0.024563,0.919693,0.000000,0.000000,0.043294,0.764690,-0.005789,-0.012166,0.644258,0.000000,0.000000,0.027785,0.565195,-0.024227,-0.091279,0.819534,-0.003165,-0.004600,0.064982,0.000000,0.000000,0.000000,1.000000,0.015121,-0.006067,0.035073,0.000000,0.000000,0.000000,1.000000,0.002494,-0.000518,0.054380,0.418309,0.071204,-0.083166,0.901682,0.000000,0.000000,0.039330,0.777971,-0.024201,-0.040673,0.626515,0.000000,0.000000,0.026801,0.591643,-0.026360,-0.031504,0.805153,-0.032374,-0.011910,0.032631,-0.225206,-0.278059,0.456065,0.814844,0.000000,0.000000,0.032791,0.009799,0.069391,-0.083211,0.994065,0.000000,0.000000,0.034082,-0.174255,-0.073737,0.085045,0.978246,A
0.158520,0.796447,0.235419,-0.199978,-0.470063,-0.364810,0.778436,-0.021122,-0.006731,0.035316,0.000000,0.000000,0.000000,1.000000,-0.002630,-0.000648,0.061502,0.286189,0.071114,0.021695,0.955284,0.000000,0.000000,0.038252,0.760613,-0.014985,-0.020709,0.648702,0.000000,0.000000,0.024512,0.508642,0.014044,-0.016656,0.860702,0.023195,-0.009500,0.034365,0.018312,0.140343,-0.207036,0.968042,-0.000002,-0.000001,0.046041,0.431208,0.047871,0.058913,0.899054,0.000000,0.000000,0.030983,0.724150,0.000921,-0.090161,0.683723,0.000000,0.000000,0.020485,0.568155,-0.040048,0.002558,0.821942,-0.004774,-0.006285,0.033135,0.000000,0.000000,0.000000,1.000000,0.003033,0.003720,0.063330,0.427511,0.058937,-0.032189,0.901512,0.000000,0.000000,0.043294,0.754877,-0.005629,-0.012232,0.655728,0.000000,0.000000,0.027785,0.565695,-0.024249,-0.091313,0.819185,-0.003257,-0.004425,0.064800,0.000000,0.000000,0.000000,1.000000,0.015121,-0.006067,0.035073,0.000000,0.000000,0.000000,1.000000,0.002494,-0.000518,0.054380,0.439032,0.082768,-0.090425,0.890070,0.000000,0.000000,0.039330,0.761255,-0.023580,-0.040928,0.646730,0.000000,0.000000,0.026801,0.579722,-0.026557,-0.030985,0.813792,-0.032743,-0.010511,0.031905,-0.261993,-0.245279,0.413056,0.837008,0.000000,0.000000,0.032791,-0.039962,0.073482,-0.083034,0.993030,0.000000,0.000000,0.034082,-0.174470,-0.073752,0.085047,0.978207,A
0.162561,0.798596,0.231677,-0.150272,-0.462284,-0.434738,0.758100,-0.021162,-0.006545,0.035219,0.000000,0.000000,0.000000,1.000000,-0.002591,-0.000834,0.061599,0.297781,0.075448,0.020110,0.951436,0.000000,0.000000,0.038252,0.748945,-0.014586,-0.020995,0.662139,0.000000,0.000000,0.024512,0.490913,0.014602,-0.016738,0.870926,0.023195,-0.009500,0.034365,0.018312,0.140343,-0.207036,0.968042,-0.000002,-0.000001,0.046041,0.475435,0.094025,0.031283,0.874152,0.000000,0.000000,0.030983,0.647474,0.007020,-0.086280,0.757155,0.000000,0.000000,0.020485,0.524033,-0.041495,0.002427,0.850683,-0.004813,-0.006192,0.033038,0.000000,0.000000,0.000000,1.000000,0.003073,0.003627,0.063428,0.461216,0.075661,-0.042675,0.883025,0.000000,0.000000,0.043294,0.732135,-0.005263,-0.012370,0.681027,0.000000,0.000000,0.027785,0.537234,-0.022996,-0.089357,0.838371,-0.003277,-0.004378,0.064752,0.000000,0.000000,0.000000,1.000000,0.015121,-0.006067,0.035073,0.000000,0.000000,0.000000,1.000000,0.002494,-0.000518,0.054380,0.495512,0.095639,-0.104789,0.856937,0.000000,0.000000,0.039330,0.719181,-0.022032,-0.041422,0.693237,0.000000,0.000000,0.026801,0.550607,-0.027008,-0.029712,0.833799,-0.032822,-0.010138,0.031710,-0.271656,-0.235230,0.400677,0.842810,0.000000,0.000000,0.032791,-0.049735,0.074265,-0.082975,0.992535,0.000000,0.000000,0.034082,-0.174614,-0.073763,0.085048,0.978180,A
0.163989,0.796750,0.230883,-0.035342,-0.461875,-0.569611,0.678945,-0.020771,-0.007928,0.035933,0.000000,0.000000,0.000000,1.000000,-0.002981,0.000549,0.060885,0.297605,0.075469,0.020113,0.951489,0.000000,0.000000,0.038252,0.713795,-0.013406,-0.021789,0.699888,0.000000,0.000000,0.024512,0.451580,0.015796,-0.016891,0.891931,0.023195,-0.009500,0.034365,0.018312,0.140343,-0.207036,0.968042,-0.000002,-0.000001,0.046041,0.374538,0.091501,0.044642,0.921605,0.000000,0.000000,0.030983,0.564093,0.012998,-0.081460,0.821581,0.000000,0.000000,0.020485,0.494936,-0.042363,0.002339,0.867893,-0.004423,-0.006884,0.033752,0.000000,0.000000,0.000000,1.000000,0.002683,0.004319,0.062713,0.461291,0.093142,-0.050925,0.880876,0.000000,0.000000,0.043294,0.683339,-0.004502,-0.012606,0.729978,0.000000,0.000000,0.027785,0.476584,-0.020327,-0.084991,0.874775,-0.003082,-0.004724,0.065109,0.000000,0.000000,0.000000,1.000000,0.015121,-0.006067,0.035073,0.000000,0.000000,0.000000,1.000000,0.002494,-0.000518,0.054380,0.494118,0.105634,-0.109628,0.855962,0.000000,0.000000,0.039330,0.681339,-0.020653,-0.041713,0.730486,0.000000,0.000000,0.026801,0.518843,-0.027451,-0.028316,0.853959,-0.032042,-0.012904,0.033139,-0.210927,-0.276042,0.476387,0.807692,0.000000,0.000000,0.032791,-0.059505,0.075041,-0.082908,0.991945,0.000000,0.000000,0.034082,-0.175734,-0.073843,0.085057,0.977972,A
0.166476,0.793719,0.231033,0.030791,-0.457926,-0.627541,0.628926,-0.020544,-0.008496,0.036220,0.000000,0.000000,0.000000,1.000000,-0.003208,0.001117,0.060598,0.277703,0.051969,0.026527,0.958893,0.000000,0.000000,0.038252,0.706871,-0.013177,-0.021934,0.706879,0.000000,0.000000,0.024512,0.442695,0.016058,-0.016920,0.896369,0.023195,-0.009500,0.034365,0.018312,0.140343,-0.207036,0.968042,-0.000002,-0.000001,0.046041,0.316014,0.095674,0.050216,0.942582,0.000000,0.000000,0.030983,0.504371,0.016943,-0.077701,0.859817,0.000000,0.000000,0.020485,0.391564,-0.044957,0.002020,0.919050,-0.004196,-0.007168,0.034040,0.000000,0.000000,0.000000,1.000000,0.002455,0.004603,0.062426,0.462217,0.090862,-0.049963,0.880684,0.000000,0.000000,0.043294,0.663833,-0.004205,-0.012681,0.747761,0.000000,0.000000,0.027785,0.442358,-0.018822,-0.082420,0.892845,-0.002968,-0.004866,0.065252,0.000000,0.000000,0.000000,1.000000,0.015121,-0.006067,0.035073,0.000000,0.000000,0.000000,1.000000,0.002494,-0.000518,0.054380,0.492898,0.104920,-0.109045,0.856827,0.000000,0.000000,0.039330,0.666310,-0.020108,-0.041793,0.744231,0.000000,0.000000,0.026801,0.482908,-0.027896,-0.026727,0.874819,-0.031588,-0.014041,0.033714,-0.201747,-0.260756,0.495201,0.803791,0.000000,0.000000,0.032791,-0.066107,0.075562,-0.082858,0.991491,0.000000,0.000000,0.034082,-0.176372,-0.073888,0.085062,0.977854,A
0.167416,0.793198,0.230962,0.101146,-0.470394,-0.678573,0.555012,-0.020393,-0.008826,0.036386,0.000000,0.000000,0.000000,1.000000,-0.003359,0.001447,0.060433,0.217863,0.038140,0.029962,0.974774,0.000000,0.000000,0.038252,0.709861,-0.013276,-0.021872,0.703877,0.000000,0.000000,0.024512,0.453612,0.015736,-0.016884,0.890901,0.023195,-0.009500,0.034365,0.018312,0.140343,-0.207036,0.968042,-0.000002,-0.000001,0.046041,0.307450,0.094987,0.051527,0.945408,0.000000,0.000000,0.030983,0.493600,0.017628,-0.076999,0.866094,0.000000,0.000000,0.020485,0.339086,-0.046008,0.001854,0.939628,-0.004045,-0.007333,0.034205,0.000000,0.000000,0.000000,1.000000,0.002305,0.004768,0.062261,0.401063,0.090313,-0.042446,0.910599,0.000000,0.000000,0.043294,0.691752,-0.004631,-0.012571,0.722011,0.000000,0.000000,0.027785,0.440521,-0.018742,-0.082280,0.893767,-0.002893,-0.004949,0.065335,0.000000,0.000000,0.000000,1.000000,0.015121,-0.006067,0.035073,0.000000,0.000000,0.000000,1.000000,0.002494,-0.000518,0.054380,0.472829,0.096781,-0.101635,0.869906,0.000000,0.000000,0.039330,0.681943,-0.020674,-0.041709,0.729922,0.000000,0.000000,0.026801,0.469341,-0.028049,-0.026125,0.882185,-0.031286,-0.014701,0.034044,-0.197655,-0.249874,0.505643,0.801761,0.000000,0.000000,0.032791,-0.067920,0.075704,-0.082844,0.991359,0.000000,0.000000,0.034082,-0.162910,-0.072921,0.084945,0.980269,A
0.170600,0.792092,0.232915,0.161105,-0.447006,-0.731731,0.488673,-0.020339,-0.008939,0.036441,0.000000,0.000000,0.000000,1.000000,-0.003414,0.001560,0.060377,0.100088,0.033620,0.030732,0.993936,0.000000,0.000000,0.038252,0.702477,-0.013032,-0.022024,0.711246,0.000000,0.000000,0.024512,0.484450,0.014802,-0.016765,0.874533,0.023195,-0.009500,0.034365,0.018312,0.140343,-0.207036,0.968042,-0.000002,-0.000001,0.046041,0.437977,0.052281,0.056391,0.895692,0.000000,0.000000,0.030983,0.570575,0.012554,-0.081854,0.817060,0.000000,0.000000,0.020485,0.426226,-0.044168,0.002128,0.903536,-0.003990,-0.007389,0.034261,0.000000,0.000000,0.000000,1.000000,0.002250,0.004824,0.062205,0.300773,0.093212,-0.032649,0.948568,0.000000,0.000000,0.043294,0.696641,-0.004706,-0.012549,0.717295,0.000000,0.000000,0.027785,0.483888,-0.020648,-0.085530,0.870696,-0.002866,-0.004977,0.065363,0.000000,0.000000,0.000000,1.000000,0.015121,-0.006067,0.035073,0.000000,0.000000,0.000000,1.000000,0.002494,-0.000518,0.054380,0.447765,0.095033,-0.096963,0.883784,0.000000,0.000000,0.039330,0.686012,-0.020822,-0.041684,0.726097,0.000000,0.000000,0.026801,0.478337,-0.027948,-0.026524,0.877331,-0.031176,-0.014926,0.034156,-0.207826,-0.227435,0.502783,0.807646,0.000000,0.000000,0.032791,-0.068156,0.075723,-0.082842,0.991342,0.000000,0.000000,0.034082,-0.156172,-0.072432,0.084880,0.981407,A
0.171741,0.783111,0.235977,0.174976,-0.429650,-0.779472,0.420959,-0.020379,-0.008857,0.036401,0.000000,0.000000,0.000000,1.000000,-0.003374,0.001478,0.060417,-0.043223,-0.043002,0.023494,0.997863,0.000000,0.000000,0.038252,0.477417,-0.006012,-0.025174,0.878295,0.000000,0.000000,0.024512,0.326286,0.019239,-0.017150,0.944920,0.023195,-0.009500,0.034365,0.018312,0.140343,-0.207036,0.968042,-0.000002,-0.000001,0.046041,0.530309,0.090655,0.026764,0.842519,0.000000,0.000000,0.030983,0.471031,0.019039,-0.075505,0.878673,0.000000,0.000000,0.020485,0.353028,-0.045745,0.001898,0.934492,-0.004030,-0.007348,0.034220,0.000000,0.000000,0.000000,1.000000,0.002290,0.004783,0.062246,0.127584,0.062635,-0.013553,0.989755,0.000000,0.000000,0.043294,0.459923,-0.001302,-0.012943,0.887864,0.000000,0.000000,0.027785,0.308469,-0.012945,-0.071702,0.948440,-0.002886,-0.004957,0.065343,0.000000,0.000000,0.000000,1.000000,0.015121,-0.006067,0.035073,0.000000,0.000000,0.000000,1.000000,0.002494,-0.000518,0.054380,0.353344,0.104670,-0.087245,0.925516,0.000000,0.000000,0.039330,0.575711,-0.016857,-0.041920,0.816404,0.000000,0.000000,0.026801,0.409721,-0.028629,-0.023464,0.911460,-0.031256,-0.014762,0.034074,-0.210290,-0.227609,0.499246,0.809151,0.000000,0.000000,0.032791,-0.067029,0.075634,-0.082851,0.991424,0.000000,0.000000,0.034082,-0.155535,-0.072386,0.084874,0.981512,A
0.170445,0.782603,0.237150,0.206393,-0.463409,-0.783605,0.358633,-0.020561,-0.008457,0.036201,0.000000,0.000000,0.000000,1.000000,-0.003191,0.001078,0.060617,-0.072239,-0.071569,0.017548,0.994662,0.000000,0.000000,0.038252,0.275767,-0.000205,-0.026263,0.960866,0.000000,0.000000,0.024512,0.165194,0.022956,-0.017035,0.985847,0.023195,-0.009500,0.034365,0.018312,0.140343,-0.207036,0.968042,-0.000002,-0.000001,0.046041,0.550394,0.111752,0.010014,0.827332,0.000000,0.000000,0.030983,0.330763,0.027139,-0.065609,0.941039,0.000000,0.000000,0.020485,0.211782,-0.047898,0.001442,0.976142,-0.004213,-0.007148,0.034020,0.000000,0.000000,0.000000,1.000000,0.002472,0.004583,0.062445,0.079261,0.062843,-0.010737,0.994813,0.000000,0.000000,0.043294,0.268516,0.001178,-0.012557,0.963193,0.000000,0.000000,0.027785,0.162189,-0.006537,-0.058935,0.984977,-0.002977,-0.004857,0.065243,0.000000,0.000000,0.000000,1.000000,0.015121,-0.006067,0.035073,0.000000,0.000000,0.000000,1.000000,0.002494,-0.000518,0.054380,0.314638,0.107058,-0.082818,0.939512,0.000000,0.000000,0.039330,0.401082,-0.010711,-0.040808,0.915070,0.000000,0.000000,0.026801,0.268076,-0.029475,-0.017058,0.962796,-0.031622,-0.013963,0.033675,-0.221264,-0.229785,0.482493,0.815746,0.000000,0.000000,0.032791,-0.062067,0.075244,-0.082889,0.991774,0.000000,0.000000,0.034082,-0.159917,-0.072704,0.084917,0.980780,A
0.166871,0.783369,0.241138,0.240715,-0.520868,-0.770837,0.276699,-0.020774,-0.007922,0.035930,0.000000,0.000000,0.000000,1.000000,-0.002979,0.000543,0.060888,-0.040329,-0.112362,0.016422,0.992713,0.000000,0.000000,0.038252,0.105786,0.004427,-0.026239,0.994033,0.000000,0.000000,0.024512,0.029954,0.025527,-0.016591,0.999088,0.023195,-0.009500,0.034365,0.018312,0.140343,-0.207036,0.968042,-0.000002,-0.000001,0.046041,0.550315,0.124911,0.000846,0.825560,0.000000,0.000000,0.030983,0.164509,0.035437,-0.052690,0.984330,0.000000,0.000000,0.020485,0.053690,-0.049057,0.000912,0.997351,-0.004425,-0.006881,0.033749,0.000000,0.000000,0.000000,1.000000,0.002685,0.004316,0.062716,0.056910,0.085708,-0.009720,0.994646,0.000000,0.000000,0.043294,0.062819,0.003642,-0.011623,0.997951,0.000000,0.000000,0.027785,0.008847,0.000166,-0.044491,0.998971,-0.003083,-0.004723,0.065107,0.000000,0.000000,0.000000,1.000000,0.015121,-0.006067,0.035073,0.000000,0.000000,0.000000,1.000000,0.002494,-0.000518,0.054380,0.258878,0.133436,-0.081368,0.953182,0.000000,0.000000,0.039330,0.163304,-0.002532,-0.037166,0.985872,0.000000,0.000000,0.026801,0.111821,-0.029640,-0.009869,0.993237,-0.032046,-0.012892,0.033133,-0.215438,-0.268461,0.473424,0.810793,0.000000,0.000000,0.032791,-0.065470,0.075512,-0.082863,0.991537,0.000000,0.000000,0.034082,-0.167923,-0.073282,0.084990,0.979392,A
0.166156,0.783529,0.244248,0.252590,-0.537945,-0.769109,0.235128,-0.020855,-0.007688,0.035811,0.000000,0.000000,0.000000,1.000000,-0.002897,0.000309,0.061007,-0.000388,-0.137967,0.020381,0.990227,0.000000,0.000000,0.038252,0.029585,0.006433,-0.025978,0.999204,0.000000,0.000000,0.024512,-0.043479,0.026722,-0.016223,0.998565,0.023195,-0.009500,0.034365,0.018312,0.140343,-0.207036,0.968042,-0.000002,-0.000001,0.046041,0.345643,0.188774,0.008336,0.919144,0.000000,0.000000,0.030983,0.094636,0.038548,-0.046915,0.993658,0.000000,0.000000,0.020485,0.007297,-0.049161,0.000753,0.998764,-0.004507,-0.006764,0.033630,0.000000,0.000000,0.000000,1.000000,0.002766,0.004199,0.062835,0.045460,0.091795,-0.008798,0.994701,0.000000,0.000000,0.043294,0.020912,0.004121,-0.011373,0.999708,0.000000,0.000000,0.027785,-0.051926,0.002820,-0.038477,0.997905,-0.003124,-0.004664,0.065048,0.000000,0.000000,0.000000,1.000000,0.015121,-0.006067,0.035073,0.000000,0.000000,0.000000,1.000000,0.002494,-0.000518,0.054380,0.142266,0.153174,-0.066601,0.975634,0.000000,0.000000,0.039330,0.044793,0.001476,-0.034588,0.998396,0.000000,0.000000,0.026801,0.034602,-0.029448,-0.006273,0.998948,-0.032210,-0.012424,0.032895,-0.200171,-0.308199,0.477628,0.798008,0.000000,0.000000,0.032791,-0.067536,0.075674,-0.082847,0.991387,0.000000,0.000000,0.034082,-0.169872,-0.073423,0.085008,0.979044,A
0.166732,0.786004,0.243686,0.176791,-0.513271,-0.788292,0.289644,-0.020863,-0.007665,0.035799,0.000000,0.000000,0.000000,1.000000,-0.002889,0.000286,0.061019,0.064547,-0.136221,0.031461,0.988073,0.000000,0.000000,0.038252,0.021423,0.006646,-0.025941,0.999412,0.000000,0.000000,0.024512,-0.052572,0.026860,-0.016171,0.998125,0.023195,-0.009500,0.034365,0.018312,0.140343,-0.207036,0.968042,-0.000002,-0.000001,0.046041,0.007359,0.167040,0.088867,0.981910,0.000000,0.000000,0.030983,0.007760,0.042121,-0.039466,0.998303,0.000000,0.000000,0.020485,-0.005162,-0.049170,0.000710,0.998777,-0.004515,-0.006752,0.033618,0.000000,0.000000,0.000000,1.000000,0.002774,0.004187,0.062847,0.070052,0.059200,-0.010109,0.995734,0.000000,0.000000,0.043294,0.015726,0.004179,-0.011341,0.999803,0.000000,0.000000,0.027785,-0.068243,0.003532,-0.036835,0.996982,-0.003128,-0.004659,0.065042,0.000000,0.000000,0.000000,1.000000,0.015121,-0.006067,0.035073,0.000000,0.000000,0.000000,1.000000,0.002494,-0.000518,0.054380,0.019572,0.132563,-0.049313,0.989754,0.000000,0.000000,0.039330,0.025048,0.002140,-0.034112,0.999102,0.000000,0.000000,0.026801,-0.004475,-0.029284,-0.004443,0.999551,-0.032225,-0.012379,0.032871,-0.195454,-0.317635,0.479926,0.794089,0.000000,0.000000,0.032791,-0.067221,0.075649,-0.082849,0.991410,0.000000,0.000000,0.034082,-0.171463,-0.073537,0.085021,0.978757,A
0.168269,0.789140,0.241177,0.092392,-0.491821,-0.783274,0.368860,-0.020868,-0.007649,0.035791,0.000000,0.000000,0.000000,1.000000,-0.002884,0.000270,0.061027,0.086821,-0.121552,0.034941,0.988163,0.000000,0.000000,0.038252,0.019575,0.006694,-0.025932,0.999450,0.000000,0.000000,0.024512,-0.054286,0.026886,-0.016161,0.998033,0.023195,-0.009500,0.034365,0.018312,0.140343,-0.207036,0.968042,-0.000002,-0.000001,0.046041,-0.071258,0.158908,0.105837,0.979014,0.000000,0.000000,0.030983,0.004012,0.042268,-0.039138,0.998331,0.000000,0.000000,0.020485,-0.007324,-0.049171,0.000703,0.998763,-0.004520,-0.006744,0.033610,0.000000,0.000000,0.000000,1.000000,0.002779,0.004179,0.062855,0.070121,0.030572,-0.009371,0.997026,0.000000,0.000000,0.043294,0.013989,0.004199,-0.011330,0.999829,0.000000,0.000000,0.027785,-0.069423,0.003583,-0.036715,0.996905,-0.003130,-0.004655,0.065038,0.000000,0.000000,0.000000,1.000000,0.015121,-0.006067,0.035073,0.000000,0.000000,0.000000,1.000000,0.002494,-0.000518,0.054380,-0.039514,0.109307,-0.044456,0.992227,0.000000,0.000000,0.039330,0.022554,0.002224,-0.034051,0.999163,0.000000,0.000000,0.026801,-0.007776,-0.029268,-0.004288,0.999532,-0.032235,-0.012347,0.032855,-0.209267,-0.294500,0.471231,0.804623,0.000000,0.000000,0.032791,-0.066557,0.075597,-0.082855,0.991459,0.000000,0.000000,0.034082,-0.172891,-0.073639,0.085033,0.978496,A
0.169108,0.790531,0.238796,0.012432,-0.482905,-0.743727,0.462082,-0.020889,-0.007586,0.035759,0.000000,0.000000,0.000000,1.000000,-0.002863,0.000207,0.061059,0.096061,-0.111571,0.036066,0.988445,0.000000,0.000000,0.038252,0.017979,0.006735,-0.025925,0.999480,0.000000,0.000000,0.024512,-0.055429,0.026903,-0.016155,0.997969,0.023195,-0.009500,0.034365,0.018312,0.140343,-0.207036,0.968042,-0.000002,-0.000001,0.046041,-0.175279,0.145966,0.127194,0.965294,0.000000,0.000000,0.030983,0.002954,0.042309,-0.039045,0.998337,0.000000,0.000000,0.020485,-0.008962,-0.049172,0.000697,0.998750,-0.004541,-0.006713,0.033578,0.000000,0.000000,0.000000,1.000000,0.002800,0.004148,0.062888,0.027712,0.018158,-0.008501,0.999415,0.000000,0.000000,0.043294,0.012423,0.004217,-0.011320,0.999850,0.000000,0.000000,0.027785,-0.071807,0.003687,-0.036474,0.996745,-0.003141,-0.004639,0.065022,0.000000,0.000000,0.000000,1.000000,0.015121,-0.006067,0.035073,0.000000,0.000000,0.000000,1.000000,0.002494,-0.000518,0.054380,-0.073151,0.099636,-0.042485,0.991422,0.000000,0.000000,0.039330,0.020899,0.002279,-0.034010,0.999200,0.000000,0.000000,0.026801,-0.008613,-0.029264,-0.004249,0.999526,-0.032277,-0.012220,0.032790,-0.231235,-0.258358,0.455308,0.820046,0.000000,0.000000,0.032791,-0.065697,0.075530,-0.082861,0.991521,0.000000,0.000000,0.034082,-0.174179,-0.073732,0.085044,0.978260,A
0.169279,0.791482,0.236412,-0.077339,-0.485705,-0.667315,0.559285,-0.020885,-0.007597,0.035764,0.000000,0.000000,0.000000,1.000000,-0.002867,0.000218,0.061054,0.079596,-0.110091,0.033652,0.990158,0.000000,0.000000,0.038252,0.016537,0.006773,-0.025918,0.999504,0.000000,0.000000,0.024512,-0.055999,0.026912,-0.016151,0.997937,0.023195,-0.009500,0.034365,0.018312,0.140343,-0.207036,0.968042,-0.000002,-0.000001,0.046041,-0.191684,0.144278,0.130534,0.961978,0.000000,0.000000,0.030983,0.008697,0.042084,-0.039548,0.998293,0.000000,0.000000,0.020485,-0.010190,-0.049172,0.000693,0.998738,-0.004537,-0.006718,0.033583,0.000000,0.000000,0.000000,1.000000,0.002796,0.004153,0.062882,-0.012387,0.005968,-0.008686,0.999868,0.000000,0.000000,0.043294,0.011010,0.004233,-0.011311,0.999867,0.000000,0.000000,0.027785,-0.073149,0.003746,-0.036339,0.996652,-0.003139,-0.004641,0.065024,0.000000,0.000000,0.000000,1.000000,0.015121,-0.006067,0.035073,0.000000,0.000000,0.000000,1.000000,0.002494,-0.000518,0.054380,-0.077773,0.088019,-0.043653,0.992118,0.000000,0.000000,0.039330,0.019405,0.002329,-0.033974,0.999232,0.000000,0.000000,0.026801,-0.008497,-0.029264,-0.004254,0.999527,-0.032270,-0.012242,0.032801,-0.253035,-0.216617,0.439534,0.834183,0.000000,0.000000,0.032791,-0.038831,0.073391,-0.083041,0.993081,0.000000,0.000000,0.034082,-0.175341,-0.073815,0.085054,0.978046,A
0.162024,0.782991,0.223626,-0.300477,-0.434280,-0.481964,0.699161,-0.020233,-0.009146,0.036544,0.000000,0.000000,0.000000,1.000000,-0.003519,0.001767,0.060274,0.010566,-0.111006,0.023786,0.993479,0.000000,0.000000,0.038252,0.015443,0.006801,-0.025912,0.999522,0.000000,0.000000,0.024512,-0.055061,0.026898,-0.016157,0.997990,0.023195,-0.009500,0.034365,0.018312,0.140343,-0.207036,0.968042,-0.000002,-0.000001,0.046041,-0.169478,0.149526,0.126447,0.965883,0.000000,0.000000,0.030983,0.009011,0.042072,-0.039575,0.998290,0.000000,0.000000,0.020485,-0.011552,-0.049172,0.000688,0.998723,-0.003885,-0.007493,0.034363,0.000000,0.000000,0.000000,1.000000,0.002144,0.004928,0.062102,-0.023737,0.005635,-0.008708,0.999665,0.000000,0.000000,0.043295,0.009730,0.004247,-0.011303,0.999880,0.000000,0.000000,0.027785,-0.070195,0.003617,-0.036638,0.996854,-0.002813,-0.005029,0.065414,0.000000,0.000000,0.000000,1.000000,0.015121,-0.006067,0.035073,0.000000,0.000000,0.000000,1.000000,0.002494,-0.000518,0.054380,-0.077756,0.110407,-0.040614,0.990008,0.000000,0.000000,0.039330,0.018053,0.002375,-0.033940,0.999258,0.000000,0.000000,0.026801,-0.007987,-0.029267,-0.004278,0.999531,-0.030965,-0.015340,0.034361,-0.177197,-0.265174,0.524370,0.789506,0.000000,0.000000,0.032791,-0.018587,0.071747,-0.083135,0.993779,0.000000,0.000000,0.034082,-0.176393,-0.073890,0.085062,0.977850,A
0.152710,0.776115,0.223180,-0.428517,-0.381843,-0.363156,0.733953,-0.019934,-0.009679,0.036805,0.000000,0.000000,0.000000,1.000000,-0.003818,0.002300,0.060013,-0.029002,-0.111588,0.018117,0.993166,0.000000,0.000000,0.038252,0.015188,0.006808,-0.025911,0.999526,0.000000,0.000000,0.024512,-0.054750,0.026893,-0.016159,0.998007,0.023195,-0.009500,0.034365,0.018312,0.140343,-0.207036,0.968042,-0.000002,-0.000001,0.046041,-0.151982,0.136143,0.120852,0.971474,0.000000,0.000000,0.030983,0.016000,0.041796,-0.040185,0.998190,0.000000,0.000000,0.020485,-0.012777,-0.049173,0.000684,0.998708,-0.003586,-0.007759,0.034624,0.000000,0.000000,0.000000,1.000000,0.001845,0.005194,0.061841,-0.056331,0.008378,-0.008450,0.998341,0.000000,0.000000,0.043294,0.008580,0.004260,-0.011296,0.999890,0.000000,0.000000,0.027785,-0.066630,0.003461,-0.036998,0.997086,-0.002663,-0.005162,0.065545,0.000000,0.000000,0.000000,1.000000,0.015121,-0.006067,0.035073,0.000000,0.000000,0.000000,1.000000,0.002494,-0.000518,0.054380,-0.078231,0.116501,-0.039721,0.989308,0.000000,0.000000,0.039330,0.016836,0.002415,-0.033910,0.999280,0.000000,0.000000,0.026801,-0.007333,-0.029270,-0.004309,0.999535,-0.030367,-0.016407,0.034883,-0.116467,-0.324313,0.563027,0.751170,0.000000,0.000000,0.032791,0.020996,0.068446,-0.083222,0.993956,0.000000,0.000000,0.034082,-0.177338,-0.073957,0.085070,0.977673,A
0.137119,0.781473,0.226196,-0.540016,-0.288062,-0.289496,0.735931,-0.020263,-0.009089,0.036516,0.000000,0.000000,0.000000,1.000000,-0.003489,0.001710,0.060302,-0.054819,-0.111927,0.014404,0.992099,0.000000,0.000000,0.038252,0.014355,0.006829,-0.025907,0.999538,0.000000,0.000000,0.024512,-0.055505,0.026904,-0.016154,0.997965,0.023195,-0.009500,0.034365,0.018312,0.140343,-0.207036,0.968042,-0.000002,-0.000001,0.046041,-0.105746,0.131568,0.111184,0.979360,0.000000,0.000000,0.030983,0.040425,0.040816,-0.042302,0.997452,0.000000,0.000000,0.020485,-0.013758,-0.049173,0.000680,0.998695,-0.003915,-0.007464,0.034335,0.000000,0.000000,0.000000,1.000000,0.002174,0.004899,0.062131,-0.072437,0.053740,-0.003100,0.995919,0.000000,0.000000,0.043294,0.007562,0.004271,-0.011289,0.999899,0.000000,0.000000,0.027785,-0.065768,0.003424,-0.037085,0.997140,-0.002828,-0.005014,0.065400,0.000000,0.000000,0.000000,1.000000,0.015121,-0.006067,0.035073,0.000000,0.000000,0.000000,1.000000,0.002494,-0.000518,0.054380,-0.080039,0.111364,-0.040258,0.989733,0.000000,0.000000,0.039330,0.015740,0.002452,-0.033883,0.999299,0.000000,0.000000,0.026801,-0.007695,-0.029268,-0.004292,0.999533,-0.031025,-0.015226,0.034304,-0.042500,-0.458470,0.568364,0.681881,0.000000,0.000000,0.032791,0.040363,0.066791,-0.083216,0.993471,0.000000,0.000000,0.034082,-0.178095,-0.074011,0.085076,0.977531,A
0.134650,0.783473,0.226865,-0.582903,-0.245151,-0.251836,0.732601,-0.019910,-0.009718,0.036824,0.000000,0.000000,0.000000,1.000000,-0.003842,0.002339,0.059994,-0.064994,-0.116179,0.012380,0.991022,0.000000,0.000000,0.038252,0.014256,0.006832,-0.025907,0.999539,0.000000,0.000000,0.024512,-0.055556,0.026905,-0.016154,0.997962,0.023195,-0.009500,0.034365,0.018312,0.140343,-0.207036,0.968042,-0.000002,-0.000001,0.046041,-0.097251,0.133508,0.109698,0.980145,0.000000,0.000000,0.030983,0.046925,0.040551,-0.042861,0.997154,0.000000,0.000000,0.020485,-0.014012,-0.049173,0.000679,0.998692,-0.003562,-0.007779,0.034643,0.000000,0.000000,0.000000,1.000000,0.001822,0.005214,0.061822,-0.074700,0.069029,-0.001147,0.994813,0.000000,0.000000,0.043294,0.006537,0.004283,-0.011283,0.999906,0.000000,0.000000,0.027785,-0.065562,0.003415,-0.037105,0.997153,-0.002651,-0.005172,0.065554,0.000000,0.000000,0.000000,1.000000,0.015121,-0.006067,0.035073,0.000000,0.000000,0.000000,1.000000,0.002494,-0.000518,0.054380,-0.080778,0.122945,-0.038537,0.988370,0.000000,0.000000,0.039330,0.014659,0.002489,-0.033856,0.999316,0.000000,0.000000,0.026801,-0.007998,-0.029267,-0.004278,0.999531,-0.030320,-0.016485,0.034921,0.028902,-0.505880,0.591761,0.626952,0.000000,0.000000,0.032791,0.100913,0.061445,-0.082995,0.989522,0.000000,0.000000,0.034082,-0.175367,-0.073816,0.085054,0.978041,A
0.149174,0.786635,0.229833,-0.619904,-0.172345,-0.148050,0.751065,-0.019176,-0.010780,0.037331,0.000000,0.000000,0.000000,1.000000,-0.004576,0.003401,0.059487,-0.069333,-0.131934,0.009530,0.988785,0.000000,0.000000,0.038252,0.013179,0.006860,-0.025902,0.999554,0.000000,0.000000,0.024512,-0.055239,0.026900,-0.016156,0.997980,0.023195,-0.009500,0.034365,0.018312,0.140343,-0.207036,0.968042,-0.000002,-0.000001,0.046041,-0.033652,0.148478,0.097764,0.983496,0.000000,0.000000,0.030983,0.053604,0.040276,-0.043434,0.996804,0.000000,0.000000,0.020485,-0.007000,-0.049171,0.000704,0.998766,-0.002828,-0.008310,0.035150,0.000000,0.000000,0.000000,1.000000,0.001087,0.005745,0.061316,-0.075885,0.096846,0.002343,0.992400,0.000000,0.000000,0.043294,0.006000,0.004289,-0.011279,0.999909,0.000000,0.000000,0.027785,-0.064245,0.003357,-0.037238,0.997234,-0.002284,-0.005437,0.065808,0.000000,0.000000,0.000000,1.000000,0.015121,-0.006067,0.035073,0.000000,0.000000,0.000000,1.000000,0.002494,-0.000518,0.054380,-0.078313,0.157505,-0.033817,0.983827,0.000000,0.000000,0.039330,0.013773,0.002518,-0.033835,0.999329,0.000000,0.000000,0.026801,-0.004983,-0.029281,-0.004419,0.999549,-0.028851,-0.018608,0.035934,0.078767,-0.492962,0.619694,0.605611,0.000000,0.000000,0.032791,0.100179,0.061511,-0.083000,0.989592,0.000000,0.000000,0.034082,-0.176416,-0.073891,0.085062,0.977846,A
0.156642,0.787706,0.231875,-0.658325,-0.136210,-0.062509,0.737664,-0.018322,-0.011750,0.037776,0.000000,0.000000,0.000000,1.000000,-0.005430,0.004371,0.059042,-0.075692,-0.146252,0.006352,0.986327,0.000000,0.000000,0.038252,0.012227,0.006885,-0.025897,0.999566,0.000000,0.000000,0.024512,-0.056515,0.026919,-0.016149,0.997908,0.023195,-0.009500,0.034365,0.018312,0.140343,-0.207036,0.968042,-0.000002,-0.000001,0.046041,0.036605,0.156110,0.083376,0.983533,0.000000,0.000000,0.030983,0.108725,0.037938,-0.048095,0.992183,0.000000,0.000000,0.020485,0.023200,-0.049137,0.000808,0.998522,-0.001974,-0.008795,0.035595,0.000000,0.000000,0.000000,1.000000,0.000233,0.006230,0.060870,-0.077054,0.114640,0.004676,0.990403,0.000000,0.000000,0.043294,0.006974,0.004278,-0.011286,0.999903,0.000000,0.000000,0.027785,-0.063557,0.003327,-0.037308,0.997275,-0.001857,-0.005680,0.066030,0.000000,0.000000,0.000000,1.000000,0.015121,-0.006067,0.035073,0.000000,0.000000,0.000000,1.000000,0.002494,-0.000518,0.054380,-0.062435,0.180846,-0.033018,0.980972,0.000000,0.000000,0.039330,0.013906,0.002514,-0.033838,0.999327,0.000000,0.000000,0.026801,0.004147,-0.029324,-0.004848,0.999550,-0.027143,-0.020548,0.036825,0.108559,-0.458966,0.646605,0.599556,0.000000,0.000000,0.032791,0.097572,0.061747,-0.083016,0.989836,0.000000,0.000000,0.034082,-0.174557,-0.073759,0.085047,0.978191,A
0.165412,0.789014,0.239517,-0.742439,-0.159789,0.014806,0.650410,-0.017757,-0.012285,0.038013,0.000000,0.000000,0.000000,1.000000,-0.005995,0.004906,0.058805,-0.078977,-0.088006,0.014486,0.992879,0.000000,0.000000,0.038252,0.016079,0.006785,-0.025916,0.999512,0.000000,0.000000,0.024512,-0.056926,0.026926,-0.016146,0.997885,0.023195,-0.009500,0.034365,0.018312,0.140343,-0.207036,0.968042,-0.000002,-0.000001,0.046041,0.064654,0.118896,0.081203,0.987466,0.000000,0.000000,0.030983,0.188943,0.034298,-0.054662,0.979866,0.000000,0.000000,0.020485,0.066171,-0.049012,0.000954,0.996603,-0.001409,-0.009062,0.035832,0.000000,0.000000,0.000000,1.000000,-0.000332,0.006497,0.060634,-0.075415,0.045261,-0.003982,0.996117,0.000000,0.000000,0.043294,0.031614,0.003999,-0.011439,0.999427,0.000000,0.000000,0.027785,-0.062554,0.003283,-0.037409,0.997335,-0.001575,-0.005814,0.066149,0.000000,0.000000,0.000000,1.000000,0.015121,-0.006067,0.035073,0.000000,0.000000,0.000000,1.000000,0.002494,-0.000518,0.054380,-0.045275,0.151303,-0.039351,0.986666,0.000000,0.000000,0.039330,0.054843,0.001138,-0.034825,0.997887,0.000000,0.000000,0.026801,0.020275,-0.029393,-0.005603,0.999347,-0.026013,-0.021619,0.037299,0.129233,-0.441936,0.662031,0.591360,0.000000,0.000000,0.032791,0.065613,0.064594,-0.083162,0.992274,0.000000,0.000000,0.034082,-0.141975,-0.071394,0.084731,0.983650,A
0.166337,0.785074,0.241068,-0.743175,-0.115870,0.014407,0.658830,-0.017538,-0.012475,0.038095,0.000000,0.000000,0.000000,1.000000,-0.006214,0.005096,0.058723,-0.072509,-0.049192,0.020565,0.995942,0.000000,0.000000,0.038252,0.020677,0.006665,-0.025937,0.999428,0.000000,0.000000,0.024512,-0.058092,0.026943,-0.016139,0.997817,0.023195,-0.009500,0.034365,0.018312,0.140343,-0.207036,0.968042,-0.000002,-0.000001,0.046041,0.070571,0.080190,0.083617,0.990756,0.000000,0.000000,0.030983,0.225984,0.032520,-0.057605,0.971882,0.000000,0.000000,0.020485,0.097438,-0.048863,0.001060,0.994041,-0.001190,-0.009157,0.035914,0.000000,0.000000,0.000000,1.000000,-0.000551,0.006592,0.060552,-0.077001,0.045235,-0.003922,0.995997,0.000000,0.000000,0.043294,0.032246,0.003992,-0.011443,0.999407,0.000000,0.000000,0.027785,-0.061689,0.003246,-0.037496,0.997386,-0.001465,-0.005861,0.066190,0.000000,0.000000,0.000000,1.000000,0.015121,-0.006067,0.035073,0.000000,0.000000,0.000000,1.000000,0.002494,-0.000518,0.054380,-0.045424,0.147929,-0.039708,0.987156,0.000000,0.000000,0.039330,0.063067,0.000861,-0.035017,0.997394,0.000000,0.000000,0.026801,0.022115,-0.029400,-0.005689,0.999307,-0.025576,-0.021998,0.037462,0.138659,-0.437343,0.667385,0.586602,0.000000,0.000000,0.032791,0.066133,0.064548,-0.083160,0.992242,0.000000,0.000000,0.034082,-0.135002,-0.070879,0.084652,0.984675,A
0.166214,0.785801,0.239601,-0.717863,-0.098284,-0.025322,0.688747,-0.017526,-0.012485,0.038099,0.000000,0.000000,0.000000,1.000000,-0.006226,0.005106,0.058719,-0.071017,-0.049211,0.020679,0.996046,0.000000,0.000000,0.038252,0.026709,0.006508,-0.025965,0.999285,0.000000,0.000000,0.024512,-0.058451,0.026948,-0.016137,0.997796,0.023195,-0.009500,0.034365,0.018312,0.140343,-0.207036,0.968042,-0.000002,-0.000001,0.046041,0.186257,0.086364,0.068716,0.976283,0.000000,0.000000,0.030983,0.267224,0.030465,-0.060813,0.961231,0.000000,0.000000,0.020485,0.160059,-0.048417,0.001270,0.985919,-0.001178,-0.009162,0.035918,0.000000,0.000000,0.000000,1.000000,-0.000562,0.006597,0.060547,-0.076162,0.066087,-0.001414,0.994902,0.000000,0.000000,0.043294,0.033384,0.003979,-0.011450,0.999369,0.000000,0.000000,0.027785,-0.060866,0.003210,-0.037579,0.997433,-0.001459,-0.005864,0.066192,0.000000,0.000000,0.000000,1.000000,0.015121,-0.006067,0.035073,0.000000,0.000000,0.000000,1.000000,0.002494,-0.000518,0.054380,0.012928,0.147491,-0.047746,0.987826,0.000000,0.000000,0.039330,0.065452,0.000780,-0.035072,0.997239,0.000000,0.000000,0.026801,0.023139,-0.029404,-0.005737,0.999283,-0.025552,-0.022018,0.037471,0.131430,-0.429728,0.668701,0.592367,0.000000,0.000000,0.032791,0.079669,0.063351,-0.083108,0.991329,0.000000,0.000000,0.034082,-0.126627,-0.070257,0.084551,0.985840,A
0.167413,0.792033,0.235561,-0.716190,-0.106444,-0.027171,0.689205,-0.017536,-0.012477,0.038096,0.000000,0.000000,0.000000,1.000000,-0.006216,0.005098,0.058722,-0.070520,-0.044198,0.021382,0.996301,0.000000,0.000000,0.038252,0.025317,0.006545,-0.025958,0.999321,0.000000,0.000000,0.024512,-0.059148,0.026959,-0.016133,0.997755,0.023195,-0.009500,0.034365,0.018312,0.140343,-0.207036,0.968042,-0.000002,-0.000001,0.046041,0.268255,0.091629,0.057444,0.957259,0.000000,0.000000,0.030983,0.322551,0.027580,-0.065000,0.943915,0.000000,0.000000,0.020485,0.218353,-0.047822,0.001463,0.974696,-0.001188,-0.009158,0.035915,0.000000,0.000000,0.000000,1.000000,-0.000553,0.006593,0.060551,-0.047214,0.073046,-0.002525,0.996207,0.000000,0.000000,0.043294,0.033983,0.003972,-0.011453,0.999349,0.000000,0.000000,0.027785,-0.059407,0.003146,-0.037726,0.997516,-0.001464,-0.005861,0.066190,0.000000,0.000000,0.000000,1.000000,0.015121,-0.006067,0.035073,0.000000,0.000000,0.000000,1.000000,0.002494,-0.000518,0.054380,0.059034,0.146972,-0.054165,0.985891,0.000000,0.000000,0.039330,0.070679,0.000604,-0.035192,0.996878,0.000000,0.000000,0.026801,0.024227,-0.029409,-0.005788,0.999257,-0.025571,-0.022002,0.037464,0.130783,-0.429702,0.668494,0.592763,0.000000,0.000000,0.032791,0.080478,0.063278,-0.083105,0.991268,0.000000,0.000000,0.034082,-0.122768,-0.069969,0.084502,0.986353,A
0.166425,0.807515,0.231693,-0.724820,-0.188402,-0.031254,0.661939,-0.017526,-0.012485,0.038099,0.000000,0.000000,0.000000,1.000000,-0.006227,0.005106,0.058719,-0.059692,-0.028898,0.024010,0.997510,0.000000,0.000000,0.038252,0.022645,0.006614,-0.025946,0.999385,0.000000,0.000000,0.024512,-0.060221,0.026975,-0.016127,0.997690,0.023195,-0.009500,0.034365,0.018312,0.140343,-0.207036,0.968042,-0.000002,-0.000001,0.046041,0.265559,0.091008,0.057955,0.958038,0.000000,0.000000,0.030983,0.303498,0.028591,-0.063573,0.950279,0.000000,0.000000,0.020485,0.185672,-0.048177,0.001355,0.981429,-0.001178,-0.009162,0.035918,0.000000,0.000000,0.000000,1.000000,-0.000563,0.006597,0.060547,0.010816,0.059217,-0.006916,0.998163,0.000000,0.000000,0.043294,0.037359,0.003934,-0.011474,0.999228,0.000000,0.000000,0.027785,-0.057912,0.003081,-0.037876,0.997598,-0.001459,-0.005864,0.066192,0.000000,0.000000,0.000000,1.000000,0.015121,-0.006067,0.035073,0.000000,0.000000,0.000000,1.000000,0.002494,-0.000518,0.054380,0.067377,0.105309,-0.055029,0.990627,0.000000,0.000000,0.039330,0.072748,0.000534,-0.035239,0.996728,0.000000,0.000000,0.026801,0.027431,-0.029421,-0.005938,0.999173,-0.025551,-0.022019,0.037472,0.130759,-0.429046,0.668806,0.592892,0.000000,0.000000,0.032791,0.081049,0.063228,-0.083102,0.991225,0.000000,0.000000,0.034082,-0.121647,-0.069885,0.084488,0.986499,A
0.167767,0.810944,0.233532,-0.694621,-0.227297,-0.076609,0.678210,-0.017501,-0.012506,0.038108,0.000000,0.000000,0.000000,1.000000,-0.006252,0.005127,0.058710,-0.047257,0.009404,0.028749,0.998425,0.000000,0.000000,0.038252,0.065281,0.005499,-0.026119,0.997510,0.000000,0.000000,0.024512,-0.049859,0.026819,-0.016187,0.998265,0.023195,-0.009500,0.034365,0.018312,0.140343,-0.207036,0.968042,-0.000002,-0.000001,0.046041,0.176354,0.084834,0.070208,0.978148,0.000000,0.000000,0.030983,0.168157,0.035269,-0.052986,0.983703,0.000000,0.000000,0.020485,0.015976,-0.049150,0.000783,0.998663,-0.001153,-0.009173,0.035927,0.000000,0.000000,0.000000,1.000000,-0.000588,0.006608,0.060538,0.083783,0.064138,-0.011051,0.994356,0.000000,0.000000,0.043294,0.100774,0.003202,-0.011833,0.994834,0.000000,0.000000,0.027785,-0.046991,0.002604,-0.038972,0.998131,-0.001447,-0.005869,0.066196,0.000000,0.000000,0.000000,1.000000,0.015121,-0.006067,0.035073,0.000000,0.000000,0.000000,1.000000,0.002494,-0.000518,0.054380,0.115237,0.095686,-0.059234,0.986943,0.000000,0.000000,0.039330,0.166337,-0.002636,-0.037226,0.985363,0.000000,0.000000,0.026801,0.055766,-0.029518,-0.007262,0.997981,-0.025501,-0.022061,0.037490,0.092962,-0.390870,0.673077,0.620924,0.000000,0.000000,0.032791,0.137551,0.058082,-0.082710,0.985325,0.000000,0.000000,0.034082,-0.102549,-0.068443,0.084228,0.988790,A
0.168745,0.809339,0.233127,-0.645133,-0.226692,-0.122951,0.719234,-0.017515,-0.012494,0.038103,0.000000,0.000000,0.000000,1.000000,-0.006237,0.005115,0.058715,-0.048456,0.008654,0.028648,0.998377,0.000000,0.000000,0.038252,0.065472,0.005494,-0.026119,0.997497,0.000000,0.000000,0.024512,-0.044714,0.026741,-0.016216,0.998510,0.023195,-0.009500,0.034365,0.018312,0.140343,-0.207036,0.968042,-0.000002,-0.000001,0.046041,0.106292,0.059146,0.081694,0.989207,0.000000,0.000000,0.030983,0.155487,0.035851,-0.051955,0.985819,0.000000,0.000000,0.020485,0.010345,-0.049157,0.000763,0.998737,-0.001167,-0.009167,0.035922,0.000000,0.000000,0.000000,1.000000,-0.000573,0.006602,0.060543,0.082994,0.092046,-0.012078,0.992217,0.000000,0.000000,0.043294,0.089451,0.003334,-0.011772,0.995916,0.000000,0.000000,0.027785,-0.036381,0.002141,-0.040031,0.998534,-0.001454,-0.005866,0.066194,0.000000,0.000000,0.000000,1.000000,0.015121,-0.006067,0.035073,0.000000,0.000000,0.000000,1.000000,0.002494,-0.000518,0.054380,0.120200,0.115822,-0.060978,0.984083,0.000000,0.000000,0.039330,0.135729,-0.001596,-0.036609,0.990068,0.000000,0.000000,0.026801,0.060697,-0.029533,-0.007492,0.997691,-0.025530,-0.022036,0.037479,0.003541,-0.300783,0.671544,0.677160,0.000000,0.000000,0.032791,0.162821,0.055706,-0.082447,0.981626,0.000000,0.000000,0.034082,-0.078007,-0.066558,0.083848,0.991188,A
0.168241,0.806131,0.228286,-0.578897,-0.197603,-0.162281,0.774272,-0.017510,-0.012499,0.038105,0.000000,0.000000,0.000000,1.000000,-0.006243,0.005120,0.058713,0.001972,-0.005110,0.028917,0.999567,0.000000,0.000000,0.038252,0.057945,0.005692,-0.026093,0.997963,0.000000,0.000000,0.024512,-0.042817,0.026712,-0.016227,0.998594,0.023195,-0.009500,0.034365,0.018312,0.140343,-0.207036,0.968042,-0.000002,-0.000001,0.046041,0.122198,0.010128,0.085974,0.988723,0.000000,0.000000,0.030983,0.159292,0.035677,-0.052265,0.985201,0.000000,0.000000,0.020485,0.001280,-0.049166,0.000732,0.998790,-0.001161,-0.009169,0.035924,0.000000,0.000000,0.000000,1.000000,-0.000579,0.006604,0.060541,0.116398,0.074383,-0.013746,0.990318,0.000000,0.000000,0.043295,0.074157,0.003511,-0.011688,0.997172,0.000000,0.000000,0.027785,-0.035576,0.002106,-0.040111,0.998560,-0.001451,-0.005867,0.066195,0.000000,0.000000,0.000000,1.000000,0.015121,-0.006067,0.035073,0.000000,0.000000,0.000000,1.000000,0.002494,-0.000518,0.054380,0.162175,0.101619,-0.064282,0.979408,0.000000,0.000000,0.039330,0.112710,-0.000816,-0.036124,0.992971,0.000000,0.000000,0.026801,0.043841,-0.029480,-0.006705,0.998581,-0.025518,-0.022046,0.037483,-0.061720,-0.230469,0.662693,0.709868,0.000000,0.000000,0.032791,0.129012,0.058875,-0.082787,0.986426,0.000000,0.000000,0.034082,-0.078258,-0.066578,0.083852,0.991167,A
0.169052,0.808850,0.207052,-0.430544,-0.141652,-0.273454,0.848405,-0.017542,-0.012472,0.038094,0.000000,0.000000,0.000000,1.000000,-0.006210,0.005093,0.058725,0.161888,0.042402,0.029731,0.985449,0.000000,0.000000,0.038252,0.124248,0.003934,-0.026279,0.991895,0.000000,0.000000,0.024512,-0.022755,0.026399,-0.016336,0.999259,0.023195,-0.009500,0.034365,0.018312,0.140343,-0.207036,0.968042,-0.000002,-0.000001,0.046041,0.492279,0.033750,0.063282,0.867478,0.000000,0.000000,0.030983,0.512892,0.016395,-0.078251,0.854722,0.000000,0.000000,0.020485,0.313038,-0.046469,0.001771,0.948602,-0.001194,-0.009156,0.035913,0.000000,0.000000,0.000000,1.000000,-0.000547,0.006591,0.060553,0.473783,0.061151,-0.036937,0.877739,0.000000,0.000000,0.043294,0.440336,-0.001039,-0.012928,0.897740,0.000000,0.000000,0.027785,0.224279,-0.009256,-0.064480,0.972346,-0.001467,-0.005860,0.066189,0.000000,0.000000,0.000000,1.000000,0.015121,-0.006067,0.035073,0.000000,0.000000,0.000000,1.000000,0.002494,-0.000518,0.054380,0.589742,0.052803,-0.094346,0.800322,0.000000,0.000000,0.039330,0.491408,-0.013873,-0.041577,0.869826,0.000000,0.000000,0.026801,0.296719,-0.029360,-0.018363,0.954337,-0.025583,-0.021992,0.037460,-0.108925,-0.179395,0.650807,0.729660,0.000000,0.000000,0.032791,0.108383,0.060767,-0.082947,0.988777,0.000000,0.000000,0.034082,-0.078610,-0.066605,0.083858,0.991137,A
0.171140,0.817572,0.210746,-0.333803,-0.126467,-0.345840,0.867742,-0.019480,-0.010372,0.037138,0.000000,0.000000,0.000000,1.000000,-0.004272,0.002993,0.059680,0.282927,0.044052,0.028320,0.957711,0.000000,0.000000,0.038252,0.221522,0.001297,-0.026342,0.974799,0.000000,0.000000,0.024512,-0.007193,0.026149,-0.016416,0.999497,0.023195,-0.009500,0.034365,0.018312,0.140343,-0.207036,0.968042,-0.000002,-0.000001,0.046041,0.511691,0.040381,0.058852,0.856200,0.000000,0.000000,0.030983,0.562169,0.013129,-0.081343,0.822907,0.000000,0.000000,0.020485,0.392843,-0.044929,0.002024,0.918505,-0.003132,-0.008106,0.034957,0.000000,0.000000,0.000000,1.000000,0.001392,0.005541,0.061508,0.551310,0.056767,-0.041552,0.831329,0.000000,0.000000,0.043294,0.492759,-0.001749,-0.012954,0.870068,0.000000,0.000000,0.027785,0.272795,-0.011381,-0.068684,0.959550,-0.002436,-0.005335,0.065711,0.000000,0.000000,0.000000,1.000000,0.015121,-0.006067,0.035073,0.000000,0.000000,0.000000,1.000000,0.002494,-0.000518,0.054380,0.601839,0.050461,-0.094467,0.791403,0.000000,0.000000,0.039330,0.542703,-0.015684,-0.041833,0.838736,0.000000,0.000000,0.026801,0.362501,-0.028991,-0.021341,0.931288,-0.029460,-0.017793,0.035550,-0.193443,-0.178120,0.550347,0.792446,0.000000,0.000000,0.032791,0.074166,0.063839,-0.083131,0.991722,0.000000,0.000000,0.034082,-0.078719,-0.066614,0.083860,0.991127,A
0.172878,0.817802,0.217960,-0.338420,-0.151542,-0.354189,0.858521,-0.019673,-0.010093,0.037005,0.000000,0.000000,0.000000,1.000000,-0.004079,0.002714,0.059813,0.501081,0.053109,0.021272,0.863508,0.000000,0.000000,0.038252,0.307486,-0.001095,-0.026177,0.951192,0.000000,0.000000,0.024512,0.002696,0.025987,-0.016465,0.999523,0.023195,-0.009500,0.034365,0.018312,0.140343,-0.207036,0.968042,-0.000002,-0.000001,0.046041,0.579437,0.059871,0.043047,0.811674,0.000000,0.000000,0.030983,0.555731,0.013566,-0.080948,0.827301,0.000000,0.000000,0.020485,0.393110,-0.044923,0.002025,0.918391,-0.003325,-0.007966,0.034824,0.000000,0.000000,0.000000,1.000000,0.001584,0.005401,0.061642,0.620523,0.052197,-0.045477,0.781127,0.000000,0.000000,0.043294,0.502661,-0.001885,-0.012954,0.864385,0.000000,0.000000,0.027785,0.267952,-0.011169,-0.068270,0.960946,-0.002533,-0.005265,0.065645,0.000000,0.000000,0.000000,1.000000,0.015121,-0.006067,0.035073,0.000000,0.000000,0.000000,1.000000,0.002494,-0.000518,0.054380,0.642575,0.045524,-0.096905,0.758706,0.000000,0.000000,0.039330,0.541197,-0.015631,-0.041828,0.839709,0.000000,0.000000,0.026801,0.362038,-0.028994,-0.021320,0.931468,-0.029845,-0.017234,0.035282,-0.202610,-0.178152,0.537429,0.798988,0.000000,0.000000,0.032791,0.035835,0.067181,-0.083220,0.993618,0.000000,0.000000,0.034082,-0.078886,-0.066626,0.083862,0.991113,A
0.177979,0.818050,0.222392,-0.283666,-0.196439,-0.413085,0.842797,-0.020221,-0.009169,0.036555,0.000000,0.000000,0.000000,1.000000,-0.003531,0.001790,0.060263,0.552636,0.068760,0.010511,0.830515,0.000000,0.000000,0.038252,0.383916,-0.003273,-0.025845,0.923000,0.000000,0.000000,0.024512,0.046098,0.025245,-0.016660,0.998479,0.023195,-0.009500,0.034365,0.018312,0.140343,-0.207036,0.968042,-0.000002,-0.000001,0.046041,0.627393,0.065105,0.036141,0.775134,0.000000,0.000000,0.030983,0.473820,0.018867,-0.075691,0.877160,0.000000,0.000000,0.020485,0.390977,-0.044969,0.002018,0.919299,-0.003873,-0.007504,0.034374,0.000000,0.000000,0.000000,1.000000,0.002132,0.004939,0.062091,0.647777,0.073682,-0.065485,0.755426,0.000000,0.000000,0.043294,0.603687,-0.003314,-0.012848,0.797111,0.000000,0.000000,0.027785,0.331340,-0.013948,-0.073602,0.940533,-0.002807,-0.005034,0.065420,0.000000,0.000000,0.000000,1.000000,0.015121,-0.006067,0.035073,0.000000,0.000000,0.000000,1.000000,0.002494,-0.000518,0.054380,0.686329,0.040537,-0.100034,0.719237,0.000000,0.000000,0.039330,0.566516,-0.016530,-0.041902,0.822819,0.000000,0.000000,0.026801,0.384043,-0.028836,-0.022311,0.922595,-0.030942,-0.015386,0.034383,-0.219691,-0.196430,0.501893,0.813175,0.000000,0.000000,0.032791,0.017964,0.068703,-0.083220,0.993998,0.000000,0.000000,0.034082,-0.078872,-0.066625,0.083862,0.991114,A
0.188564,0.819961,0.221302,-0.179027,-0.232327,-0.451471,0.842703,-0.020663,-0.008212,0.036078,0.000000,0.000000,0.000000,1.000000,-0.003090,0.000833,0.060740,0.565195,0.067927,0.010307,0.822091,0.000000,0.000000,0.038252,0.455878,-0.005373,-0.025356,0.889665,0.000000,0.000000,0.024512,0.130056,0.023671,-0.016949,0.991079,0.023195,-0.009500,0.034365,0.018312,0.140343,-0.207036,0.968042,-0.000002,-0.000001,0.046041,0.637462,0.086728,0.017552,0.765384,0.000000,0.000000,0.030983,0.358734,0.025610,-0.067661,0.930632,0.000000,0.000000,0.020485,0.262548,-0.047252,0.001608,0.963760,-0.004315,-0.007026,0.033897,0.000000,0.000000,0.000000,1.000000,0.002574,0.004461,0.062569,0.650494,0.088164,-0.077574,0.750378,0.000000,0.000000,0.043294,0.646539,-0.003945,-0.012738,0.762765,0.000000,0.000000,0.027785,0.390814,-0.016558,-0.078413,0.916974,-0.003028,-0.004795,0.065181,0.000000,0.000000,0.000000,1.000000,0.015121,-0.006067,0.035073,0.000000,0.000000,0.000000,1.000000,0.002494,-0.000518,0.054380,0.698694,0.046752,-0.107849,0.705698,0.000000,0.000000,0.039330,0.577150,-0.016908,-0.041922,0.815386,0.000000,0.000000,0.026801,0.409767,-0.028629,-0.023466,0.911439,-0.031825,-0.013473,0.033428,-0.232542,-0.222688,0.469102,0.822361,0.000000,0.000000,0.032791,-0.005864,0.070698,-0.083178,0.994007,0.000000,0.000000,0.034082,-0.085890,-0.067168,0.083975,0.990485,A
0.196229,0.827709,0.218387,-0.093790,-0.283235,-0.453990,0.839568,-0.020675,-0.008181,0.036062,0.000000,0.000000,0.000000,1.000000,-0.003077,0.000802,0.060756,0.554357,0.068439,0.010606,0.829392,0.000000,0.000000,0.038252,0.560336,-0.008518,-0.024301,0.827865,0.000000,0.000000,0.024512,0.249371,0.021106,-0.017154,0.968026,0.023195,-0.009500,0.034365,0.018312,0.140343,-0.207036,0.968042,-0.000002,-0.000001,0.046041,0.561849,0.121671,0.001135,0.818243,0.000000,0.000000,0.030983,0.359449,0.025570,-0.067713,0.930353,0.000000,0.000000,0.020485,0.331790,-0.046141,0.001831,0.942223,-0.004327,-0.007010,0.033881,0.000000,0.000000,0.000000,1.000000,0.002586,0.004445,0.062585,0.596162,0.094010,-0.071733,0.794108,0.000000,0.000000,0.043294,0.627417,-0.003661,-0.012792,0.778570,0.000000,0.000000,0.027785,0.412753,-0.017522,-0.080138,0.907142,-0.003034,-0.004788,0.065173,0.000000,0.000000,0.000000,1.000000,0.015121,-0.006067,0.035073,0.000000,0.000000,0.000000,1.000000,0.002494,-0.000518,0.054380,0.620766,0.071723,-0.112595,0.772546,0.000000,0.000000,0.039330,0.579273,-0.016984,-0.041925,0.813878,0.000000,0.000000,0.026801,0.449347,-0.028260,-0.025235,0.892554,-0.031849,-0.013411,0.033396,-0.222634,-0.241859,0.474888,0.816346,0.000000,0.000000,0.032791,-0.004266,0.070565,-0.083182,0.994024,0.000000,0.000000,0.034082,-0.085620,-0.067147,0.083971,0.990510,A
0.202791,0.837912,0.223425,0.021808,-0.275628,-0.495149,0.823639,-0.020684,-0.008158,0.036050,0.000000,0.000000,0.000000,1.000000,-0.003068,0.000779,0.060768,0.508736,0.069333,0.012550,0.858035,0.000000,0.000000,0.038252,0.629900,-0.010688,-0.023327,0.776253,0.000000,0.000000,0.024512,0.317435,0.019463,-0.017156,0.947925,0.023195,-0.009500,0.034365,0.018312,0.140343,-0.207036,0.968042,-0.000002,-0.000001,0.046041,0.555658,0.118099,0.004735,0.822967,0.000000,0.000000,0.030983,0.413677,0.022485,-0.071581,0.907327,0.000000,0.000000,0.020485,0.366266,-0.045484,0.001940,0.929396,-0.004336,-0.006999,0.033869,0.000000,0.000000,0.000000,1.000000,0.002596,0.004434,0.062596,0.586069,0.095729,-0.071120,0.801437,0.000000,0.000000,0.043294,0.669144,-0.004285,-0.012661,0.743012,0.000000,0.000000,0.027785,0.450555,-0.019183,-0.083042,0.888671,-0.003038,-0.004782,0.065167,0.000000,0.000000,0.000000,1.000000,0.015121,-0.006067,0.035073,0.000000,0.000000,0.000000,1.000000,0.002494,-0.000518,0.054380,0.621913,0.076733,-0.116465,0.770566,0.000000,0.000000,0.039330,0.618519,-0.018387,-0.041931,0.784435,0.000000,0.000000,0.026801,0.466694,-0.028077,-0.026007,0.883591,-0.031868,-0.013364,0.033373,-0.198523,-0.284609,0.489066,0.800250,0.000000,0.000000,0.032791,0.017930,0.068706,-0.083220,0.993998,0.000000,0.000000,0.034082,-0.084889,-0.067091,0.083959,0.990577,A
0.204866,0.844066,0.229079,0.079962,-0.280412,-0.544510,0.786438,-0.020375,-0.008863,0.036404,0.000000,0.000000,0.000000,1.000000,-0.003377,0.001484,0.060414,0.516045,0.069285,0.012197,0.853668,0.000000,0.000000,0.038252,0.696461,-0.012834,-0.022145,0.717138,0.000000,0.000000,0.024512,0.374994,0.017962,-0.017088,0.926696,0.023195,-0.009500,0.034365,0.018312,0.140343,-0.207036,0.968042,-0.000002,-0.000001,0.046041,0.577391,0.094088,0.018791,0.810811,0.000000,0.000000,0.030983,0.440354,0.020907,-0.073429,0.894573,0.000000,0.000000,0.020485,0.374455,-0.045318,0.001966,0.926135,-0.004027,-0.007351,0.034223,0.000000,0.000000,0.000000,1.000000,0.002287,0.004786,0.062242,0.606798,0.093381,-0.073211,0.785950,0.000000,0.000000,0.043294,0.690440,-0.004611,-0.012577,0.723266,0.000000,0.000000,0.027785,0.440418,-0.018737,-0.082272,0.893819,-0.002884,-0.004958,0.065344,0.000000,0.000000,0.000000,1.000000,0.015121,-0.006067,0.035073,0.000000,0.000000,0.000000,1.000000,0.002494,-0.000518,0.054380,0.642017,0.072656,-0.117623,0.754123,0.000000,0.000000,0.039330,0.626613,-0.018677,-0.041920,0.777978,0.000000,0.000000,0.026801,0.457185,-0.028179,-0.025584,0.888557,-0.031250,-0.014775,0.034081,-0.175019,-0.283908,0.518375,0.787433,0.000000,0.000000,0.032791,0.084930,0.062882,-0.083084,0.990924,0.000000,0.000000,0.034082,-0.072096,-0.066099,0.083749,0.991675,A
0.205323,0.840589,0.227653,0.091809,-0.335941,-0.626069,0.697676,-0.019712,-0.010034,0.036977,0.000000,0.000000,0.000000,1.000000,-0.004041,0.002655,0.059841,0.523000,0.073425,0.009558,0.849110,0.000000,0.000000,0.038252,0.746559,-0.014505,-0.021053,0.664828,0.000000,0.000000,0.024512,0.428584,0.016468,-0.016964,0.903193,0.023195,-0.009500,0.034365,0.018312,0.140343,-0.207036,0.968042,-0.000002,-0.000001,0.046041,0.631506,0.069444,0.032364,0.771576,0.000000,0.000000,0.030983,0.516202,0.016181,-0.078464,0.852712,0.000000,0.000000,0.020485,0.418108,-0.044360,0.002103,0.907311,-0.003363,-0.007937,0.034796,0.000000,0.000000,0.000000,1.000000,0.001623,0.005372,0.061670,0.621611,0.091774,-0.074785,0.774329,0.000000,0.000000,0.043294,0.706682,-0.004862,-0.012503,0.707404,0.000000,0.000000,0.027785,0.435046,-0.018501,-0.081861,0.896489,-0.002552,-0.005251,0.065631,0.000000,0.000000,0.000000,1.000000,0.015121,-0.006067,0.035073,0.000000,0.000000,0.000000,1.000000,0.002494,-0.000518,0.054380,0.666760,0.067793,-0.119156,0.732555,0.000000,0.000000,0.039330,0.643102,-0.019270,-0.041881,0.764392,0.000000,0.000000,0.026801,0.451216,-0.028240,-0.025319,0.891608,-0.029922,-0.017116,0.035226,-0.089481,-0.340303,0.580573,0.734249,0.000000,0.000000,0.032791,0.162174,0.055768,-0.082454,0.981729,0.000000,0.000000,0.034082,0.005311,-0.059884,0.082184,0.994802,A
0.206157,0.829531,0.226304,0.085878,-0.421289,-0.679897,0.594038,-0.018765,-0.011275,0.037561,0.000000,0.000000,0.000000,1.000000,-0.004988,0.003896,0.059257,0.510130,0.088474,0.002311,0.855532,0.000000,0.000000,0.038252,0.774354,-0.015458,-0.020354,0.632237,0.000000,0.000000,0.024512,0.473137,0.015149,-0.016811,0.880698,0.023195,-0.009500,0.034365,0.018312,0.140343,-0.207036,0.968042,-0.000002,-0.000001,0.046041,0.642575,0.064355,0.035812,0.762675,0.000000,0.000000,0.030983,0.555816,0.013560,-0.080953,0.827243,0.000000,0.000000,0.020485,0.442810,-0.043762,0.002180,0.895544,-0.002416,-0.008557,0.035380,0.000000,0.000000,0.000000,1.000000,0.000676,0.005992,0.061086,0.624131,0.092203,-0.075584,0.772170,0.000000,0.000000,0.043294,0.722483,-0.005110,-0.012423,0.691258,0.000000,0.000000,0.027785,0.450804,-0.019194,-0.083061,0.888543,-0.002078,-0.005561,0.065923,0.000000,0.000000,0.000000,1.000000,0.015121,-0.006067,0.035073,0.000000,0.000000,0.000000,1.000000,0.002494,-0.000518,0.054380,0.672163,0.066854,-0.119596,0.727616,0.000000,0.000000,0.039330,0.671576,-0.020299,-0.041767,0.739480,0.000000,0.000000,0.026801,0.457622,-0.028174,-0.025604,0.888332,-0.028028,-0.019599,0.036394,0.009131,-0.384759,0.632659,0.672027,0.000000,0.000000,0.032791,0.180050,0.054059,-0.082235,0.978722,0.000000,0.000000,0.034082,0.033125,-0.057562,0.081500,0.994458,A
0.194898,0.823794,0.231195,0.064619,-0.518922,-0.732470,0.435927,-0.017939,-0.012121,0.037941,0.000000,0.000000,0.000000,1.000000,-0.005813,0.004742,0.058877,0.426476,0.090011,0.007884,0.899974,0.000000,0.000000,0.038252,0.773761,-0.015438,-0.020370,0.632962,0.000000,0.000000,0.024512,0.492905,0.014540,-0.016729,0.869801,0.023195,-0.009500,0.034365,0.018312,0.140343,-0.207036,0.968042,-0.000002,-0.000001,0.046041,0.641657,0.065348,0.035044,0.763399,0.000000,0.000000,0.030983,0.577350,0.012086,-0.082262,0.812252,0.000000,0.000000,0.020485,0.467927,-0.043112,0.002257,0.882712,-0.001591,-0.008980,0.035760,0.000000,0.000000,0.000000,1.000000,-0.000150,0.006415,0.060706,0.577005,0.097775,-0.070890,0.807762,0.000000,0.000000,0.043295,0.725413,-0.005157,-0.012407,0.688182,0.000000,0.000000,0.027785,0.479852,-0.020471,-0.085233,0.872960,-0.001666,-0.005772,0.066113,0.000000,0.000000,0.000000,1.000000,0.015121,-0.006067,0.035073,0.000000,0.000000,0.000000,1.000000,0.002494,-0.000518,0.054380,0.633929,0.073347,-0.116445,0.761049,0.000000,0.000000,0.039330,0.682743,-0.020704,-0.041704,0.729174,0.000000,0.000000,0.026801,0.481427,-0.027913,-0.026662,0.875636,-0.026377,-0.021290,0.037154,0.090872,-0.415695,0.660014,0.619129,0.000000,0.000000,0.032791,0.170148,0.055008,-0.082360,0.980429,0.000000,0.000000,0.034082,0.009759,-0.059515,0.082079,0.994799,A
0.187293,0.824280,0.230099,0.062308,-0.541249,-0.768857,0.334704,-0.017078,-0.012845,0.038252,0.000000,0.000000,0.000000,1.000000,-0.006675,0.005466,0.058566,0.359095,0.090994,0.012128,0.928775,0.000000,0.000000,0.038252,0.757948,-0.014893,-0.020775,0.651815,0.000000,0.000000,0.024512,0.498413,0.014367,-0.016704,0.866660,0.023195,-0.009500,0.034365,0.018312,0.140343,-0.207036,0.968042,-0.000002,-0.000001,0.046041,0.640321,0.065775,0.034774,0.764496,0.000000,0.000000,0.030983,0.599428,0.010537,-0.083569,0.795985,0.000000,0.000000,0.020485,0.483808,-0.042678,0.002306,0.874130,-0.000729,-0.009342,0.036071,0.000000,0.000000,0.000000,1.000000,-0.001011,0.006777,0.060395,0.517144,0.104892,-0.065098,0.846949,0.000000,0.000000,0.043294,0.725625,-0.005160,-0.012406,0.687959,0.000000,0.000000,0.027785,0.488006,-0.020829,-0.085833,0.868360,-0.001235,-0.005953,0.066268,0.000000,0.000000,0.000000,1.000000,0.015121,-0.006067,0.035073,0.000000,0.000000,0.000000,1.000000,0.002494,-0.000518,0.054380,0.595251,0.080166,-0.113550,0.791427,0.000000,0.000000,0.039330,0.683523,-0.020732,-0.041699,0.728442,0.000000,0.000000,0.026801,0.491783,-0.027791,-0.027121,0.869851,-0.024654,-0.022738,0.037776,0.144733,-0.415769,0.679988,0.586349,0.000000,0.000000,0.032791,0.166729,0.055334,-0.082401,0.980994,0.000000,0.000000,0.034082,-0.009133,-0.061071,0.082514,0.994675,A
0.188993,0.825917,0.227500,0.086014,-0.524656,-0.809842,0.247978,-0.016698,-0.013123,0.038367,0.000000,0.000000,0.000000,1.000000,-0.007054,0.005744,0.058451,0.327649,0.090133,0.014430,0.940380,0.000000,0.000000,0.038252,0.692628,-0.012708,-0.022221,0.720840,0.000000,0.000000,0.024512,0.454000,0.015725,-0.016882,0.890703,0.023195,-0.009500,0.034365,0.018312,0.140343,-0.207036,0.968042,-0.000002,-0.000001,0.046041,0.554812,0.058564,0.045440,0.828667,0.000000,0.000000,0.030983,0.578969,0.011974,-0.082359,0.811091,0.000000,0.000000,0.020485,0.484057,-0.042671,0.002306,0.873993,-0.000350,-0.009481,0.036186,0.000000,0.000000,0.000000,1.000000,-0.001391,0.006916,0.060280,0.461046,0.103320,-0.055714,0.879578,0.000000,0.000000,0.043295,0.687072,-0.004559,-0.012591,0.726466,0.000000,0.000000,0.027785,0.486555,-0.020765,-0.085726,0.869186,-0.001045,-0.006023,0.066326,0.000000,0.000000,0.000000,1.000000,0.015121,-0.006067,0.035073,0.000000,0.000000,0.000000,1.000000,0.002494,-0.000518,0.054380,0.525511,0.089924,-0.106840,0.839248,0.000000,0.000000,0.039330,0.675202,-0.020430,-0.041748,0.736167,0.000000,0.000000,0.026801,0.492965,-0.027777,-0.027173,0.869181,-0.023895,-0.023295,0.038006,0.159127,-0.407742,0.688440,0.578339,0.000000,0.000000,0.032791,0.157122,0.056246,-0.082511,0.982518,0.000000,0.000000,0.034082,-0.032131,-0.062935,0.083003,0.994041,A
0.189516,0.826013,0.226528,0.093470,-0.530155,-0.815503,0.212495,-0.016629,-0.013172,0.038386,0.000000,0.000000,0.000000,1.000000,-0.007123,0.005793,0.058432,0.247947,0.088518,0.019636,0.964521,0.000000,0.000000,0.038252,0.602421,-0.009822,-0.023741,0.797765,0.000000,0.000000,0.024512,0.346087,0.018729,-0.017130,0.937859,0.023195,-0.009500,0.034365,0.018312,0.140343,-0.207036,0.968042,-0.000002,-0.000001,0.046041,0.534114,0.057713,0.047269,0.842115,0.000000,0.000000,0.030983,0.469206,0.019152,-0.075383,0.879657,0.000000,0.000000,0.020485,0.413149,-0.044475,0.002088,0.909575,-0.000281,-0.009506,0.036205,0.000000,0.000000,0.000000,1.000000,-0.001460,0.006941,0.060260,0.437223,0.102861,-0.052169,0.891927,0.000000,0.000000,0.043294,0.624388,-0.003616,-0.012800,0.781001,0.000000,0.000000,0.027785,0.420078,-0.017843,-0.080707,0.903716,-0.001011,-0.006035,0.066335,0.000000,0.000000,0.000000,1.000000,0.015121,-0.006067,0.035073,0.000000,0.000000,0.000000,1.000000,0.002494,-0.000518,0.054380,0.513461,0.090291,-0.104998,0.846865,0.000000,0.000000,0.039330,0.593064,-0.017476,-0.041939,0.803872,0.000000,0.000000,0.026801,0.448024,-0.028273,-0.025176,0.893220,-0.023757,-0.023392,0.038046,0.131099,-0.378393,0.694370,0.597898,0.000000,0.000000,0.032791,0.133363,0.058472,-0.082749,0.985874,0.000000,0.000000,0.034082,-0.081959,-0.066864,0.083912,0.990843,A
0.190015,0.820074,0.224998,0.082000,-0.542220,-0.813657,0.192964,-0.016285,-0.013402,0.038479,0.000000,0.000000,0.000000,1.000000,-0.007467,0.006023,0.058339,0.139681,0.006952,0.032976,0.989623,0.000000,0.000000,0.038252,0.436522,-0.004803,-0.025506,0.899319,0.000000,0.000000,0.024512,0.214172,0.021904,-0.017119,0.976400,0.023195,-0.009500,0.034365,0.018312,0.140343,-0.207036,0.968042,-0.000002,-0.000001,0.046041,0.467943,0.060341,0.050261,0.880263,0.000000,0.000000,0.030983,0.352812,0.025937,-0.067230,0.932915,0.000000,0.000000,0.020485,0.232457,-0.047652,0.001510,0.971438,0.000063,-0.009621,0.036298,0.000000,0.000000,0.000000,1.000000,-0.001804,0.007056,0.060168,0.334752,0.083333,-0.033143,0.938029,0.000000,0.000000,0.043295,0.469177,-0.001427,-0.012948,0.883008,0.000000,0.000000,0.027785,0.260081,-0.010824,-0.067594,0.963157,-0.000839,-0.006093,0.066382,0.000000,0.000000,0.000000,1.000000,0.015121,-0.006067,0.035073,0.000000,0.000000,0.000000,1.000000,0.002494,-0.000518,0.054380,0.435763,0.096437,-0.095794,0.889738,0.000000,0.000000,0.039330,0.450717,-0.012444,-0.041278,0.891625,0.000000,0.000000,0.026801,0.292107,-0.029381,-0.018153,0.955762,-0.023069,-0.023853,0.038230,0.108873,-0.340282,0.705899,0.611606,0.000000,0.000000,0.032791,0.127570,0.059008,-0.082799,0.986605,0.000000,0.000000,0.034082,-0.128129,-0.070369,0.084569,0.985637,A
0.187794,0.816313,0.224816,0.059618,-0.561666,-0.806827,0.173229,-0.015741,-0.013735,0.038607,0.000000,0.000000,0.000000,1.000000,-0.008011,0.006356,0.058211,0.077093,-0.062745,0.032634,0.994512,0.000000,0.000000,0.038252,0.326980,-0.001645,-0.026110,0.944669,0.000000,0.000000,0.024512,0.131419,0.023644,-0.016953,0.990900,0.023195,-0.009500,0.034365,0.018312,0.140343,-0.207036,0.968042,-0.000002,-0.000001,0.046041,0.441455,0.060792,0.052008,0.893710,0.000000,0.000000,0.030983,0.314987,0.027983,-0.064435,0.946493,0.000000,0.000000,0.020485,0.174918,-0.048282,0.001320,0.983398,0.000607,-0.009787,0.036426,0.000000,0.000000,0.000000,1.000000,-0.002348,0.007222,0.060039,0.274876,0.064733,-0.023186,0.959018,0.000000,0.000000,0.043294,0.400568,-0.000511,-0.012879,0.916176,0.000000,0.000000,0.027785,0.189692,-0.007741,-0.061413,0.979891,-0.000567,-0.006176,0.066446,0.000000,0.000000,0.000000,1.000000,0.015121,-0.006067,0.035073,0.000000,0.000000,0.000000,1.000000,0.002494,-0.000518,0.054380,0.402767,0.099826,-0.092394,0.905139,0.000000,0.000000,0.039330,0.409795,-0.011015,-0.040899,0.911194,0.000000,0.000000,0.026801,0.236365,-0.029571,-0.015609,0.971089,-0.021981,-0.024519,0.038487,0.103741,-0.309614,0.720471,0.611799,0.000000,0.000000,0.032791,0.135671,0.058257,-0.082728,0.985574,0.000000,0.000000,0.034082,-0.140914,-0.071316,0.084720,0.983809,A
0.186041,0.817244,0.226012,0.092261,-0.610161,-0.767895,0.171841,-0.015673,-0.013774,0.038622,0.000000,0.000000,0.000000,1.000000,-0.008079,0.006395,0.058196,0.059641,-0.081505,0.030929,0.994406,0.000000,0.000000,0.038252,0.244679,0.000659,-0.026318,0.969247,0.000000,0.000000,0.024512,0.064945,0.024908,-0.016735,0.997438,0.023195,-0.009500,0.034365,0.018312,0.140343,-0.207036,0.968042,-0.000002,-0.000001,0.046041,0.380645,0.056002,0.058740,0.921153,0.000000,0.000000,0.030983,0.313372,0.028069,-0.064314,0.947034,0.000000,0.000000,0.020485,0.144328,-0.048548,0.001218,0.988338,0.000675,-0.009807,0.036441,0.000000,0.000000,0.000000,1.000000,-0.002415,0.007242,0.060025,0.198614,0.017904,-0.010792,0.979855,0.000000,0.000000,0.043294,0.294049,0.000858,-0.012637,0.955707,0.000000,0.000000,0.027785,0.102796,-0.003939,-0.053465,0.993257,-0.000533,-0.006186,0.066453,0.000000,0.000000,0.000000,1.000000,0.015121,-0.006067,0.035073,0.000000,0.000000,0.000000,1.000000,0.002494,-0.000518,0.054380,0.401273,0.099641,-0.092113,0.905851,0.000000,0.000000,0.039330,0.402361,-0.010756,-0.040822,0.914507,0.000000,0.000000,0.026801,0.204885,-0.029633,-0.014166,0.978235,-0.021846,-0.024596,0.038516,0.088665,-0.293037,0.723116,0.619169,0.000000,0.000000,0.032791,0.152745,0.056659,-0.082558,0.983180,0.000000,0.000000,0.034082,-0.141904,-0.071389,0.084730,0.983661,A
0.182848,0.820210,0.224742,0.080634,-0.643980,-0.734260,0.199124,-0.016858,-0.013009,0.038320,0.000000,0.000000,0.000000,1.000000,-0.006894,0.005630,0.058498,0.059359,-0.089363,0.030864,0.993750,0.000000,0.000000,0.038252,0.134597,0.003657,-0.026298,0.990545,0.000000,0.000000,0.024512,-0.001572,0.026057,-0.016444,0.999524,0.023195,-0.009500,0.034365,0.018312,0.140343,-0.207036,0.968042,-0.000002,-0.000001,0.046041,0.341239,0.051769,0.063273,0.936415,0.000000,0.000000,0.030983,0.236511,0.032003,-0.058431,0.969342,0.000000,0.000000,0.020485,0.080391,-0.048950,0.001003,0.995560,-0.000510,-0.009424,0.036139,0.000000,0.000000,0.000000,1.000000,-0.001231,0.006859,0.060327,0.177997,0.005060,-0.008743,0.983979,0.000000,0.000000,0.043294,0.219403,0.001784,-0.012380,0.975554,0.000000,0.000000,0.027785,0.057019,-0.001938,-0.049141,0.997161,-0.001125,-0.005995,0.066302,0.000000,0.000000,0.000000,1.000000,0.015121,-0.006067,0.035073,0.000000,0.000000,0.000000,1.000000,0.002494,-0.000518,0.054380,0.319515,0.068431,-0.072652,0.942310,0.000000,0.000000,0.039330,0.291759,-0.006927,-0.039403,0.955655,0.000000,0.000000,0.026801,0.125878,-0.029656,-0.010521,0.991547,-0.024215,-0.023066,0.037912,0.019006,-0.282613,0.691501,0.664526,0.000000,0.000000,0.032791,0.117436,0.059940,-0.082881,0.987799,0.000000,0.000000,0.034082,-0.163496,-0.072963,0.084950,0.980168,A
0.180817,0.818363,0.226277,0.037907,-0.647688,-0.720502,0.244827,-0.018180,-0.011891,0.037839,0.000000,0.000000,0.000000,1.000000,-0.005572,0.004512,0.058979,0.026809,-0.095576,0.026695,0.994703,0.000000,0.000000,0.038252,0.043280,0.006076,-0.026036,0.998705,0.000000,0.000000,0.024512,-0.029375,0.026503,-0.016301,0.999084,0.023195,-0.009500,0.034365,0.018312,0.140343,-0.207036,0.968042,-0.000002,-0.000001,0.046041,0.341088,0.076680,0.054188,0.935330,0.000000,0.000000,0.030983,0.152671,0.035980,-0.051725,0.986267,0.000000,0.000000,0.020485,0.028897,-0.049126,0.000827,0.998374,-0.001832,-0.008865,0.035658,0.000000,0.000000,0.000000,1.000000,0.000091,0.006300,0.060807,0.192854,0.006374,-0.008960,0.981166,0.000000,0.000000,0.043294,0.119213,0.002985,-0.011928,0.992793,0.000000,0.000000,0.027785,0.011783,0.000038,-0.044777,0.998928,-0.001786,-0.005715,0.066062,0.000000,0.000000,0.000000,1.000000,0.015121,-0.006067,0.035073,0.000000,0.000000,0.000000,1.000000,0.002494,-0.000518,0.054380,0.330065,0.060830,-0.071341,0.939291,0.000000,0.000000,0.039330,0.186414,-0.003319,-0.037612,0.981746,0.000000,0.000000,0.026801,0.091813,-0.029607,-0.008940,0.995296,-0.026859,-0.020831,0.036951,-0.070254,-0.256489,0.640075,0.720820,0.000000,0.000000,0.032791,0.050546,0.065910,-0.083201,0.993065,0.000000,0.000000,0.034082,-0.168615,-0.073332,0.084996,0.979269,A
0.178118,0.815096,0.227241,0.046990,-0.646439,-0.719481,0.249511,-0.018857,-0.011169,0.037511,0.000000,0.000000,0.000000,1.000000,-0.004895,0.003790,0.059307,0.012980,-0.103078,0.024551,0.994286,0.000000,0.000000,0.038252,0.022877,0.006608,-0.025947,0.999380,0.000000,0.000000,0.024512,-0.038144,0.026640,-0.016253,0.998785,0.023195,-0.009500,0.034365,0.018312,0.140343,-0.207036,0.968042,-0.000002,-0.000001,0.046041,0.331439,0.128980,0.035768,0.933934,0.000000,0.000000,0.030983,0.085948,0.038920,-0.046184,0.994467,0.000000,0.000000,0.020485,-0.003118,-0.049169,0.000717,0.998785,-0.002509,-0.008504,0.035330,0.000000,0.000000,0.000000,1.000000,0.000769,0.005939,0.061135,0.159697,0.013431,-0.009709,0.987027,0.000000,0.000000,0.043294,0.034773,0.003963,-0.011458,0.999322,0.000000,0.000000,0.027785,-0.045277,0.002529,-0.039143,0.998204,-0.002125,-0.005534,0.065898,0.000000,0.000000,0.000000,1.000000,0.015121,-0.006067,0.035073,0.000000,0.000000,0.000000,1.000000,0.002494,-0.000518,0.054380,0.287909,0.070331,-0.070462,0.952469,0.000000,0.000000,0.039330,0.097774,-0.000311,-0.035800,0.994565,0.000000,0.000000,0.026801,0.038052,-0.029460,-0.006435,0.998821,-0.028214,-0.019386,0.036296,-0.099201,-0.262941,0.610069,0.740836,0.000000,0.000000,0.032791,0.018898,0.068624,-0.083221,0.993986,0.000000,0.000000,0.034082,-0.170330,-0.073455,0.085011,0.978961,A
0.178176,0.815696,0.227179,0.107720,-0.632440,-0.727506,0.243211,-0.019677,-0.010086,0.037002,0.000000,0.000000,0.000000,1.000000,-0.004075,0.002707,0.059816,0.013752,-0.126325,0.023420,0.991617,0.000000,0.000000,0.038252,0.022497,0.006618,-0.025946,0.999388,0.000000,0.000000,0.024512,-0.038268,0.026642,-0.016252,0.998780,0.023195,-0.009500,0.034365,0.018312,0.140343,-0.207036,0.968042,-0.000002,-0.000001,0.046041,0.157248,0.183981,0.053757,0.968780,0.000000,0.000000,0.030983,0.035482,0.041016,-0.041875,0.997650,0.000000,0.000000,0.020485,-0.005398,-0.049171,0.000709,0.998776,-0.003329,-0.007963,0.034821,0.000000,0.000000,0.000000,1.000000,0.001588,0.005398,0.061645,0.067833,0.019975,-0.009058,0.997456,0.000000,0.000000,0.043294,0.017070,0.004164,-0.011349,0.999781,0.000000,0.000000,0.027785,-0.063304,0.003316,-0.037333,0.997290,-0.002535,-0.005264,0.065643,0.000000,0.000000,0.000000,1.000000,0.015121,-0.006067,0.035073,0.000000,0.000000,0.000000,1.000000,0.002494,-0.000518,0.054380,0.152408,0.118082,-0.064877,0.979091,0.000000,0.000000,0.039330,0.036789,0.001745,-0.034397,0.998729,0.000000,0.000000,0.026801,0.021496,-0.029398,-0.005660,0.999321,-0.029854,-0.017220,0.035276,-0.105107,-0.316548,0.577376,0.745243,0.000000,0.000000,0.032791,-0.024034,0.072192,-0.083113,0.993631,0.000000,0.000000,0.034082,-0.171881,-0.073567,0.085025,0.978681,A
0.176868,0.823620,0.227349,0.104905,-0.627518,-0.722508,0.270553,-0.020364,-0.008887,0.036416,0.000000,0.000000,0.000000,1.000000,-0.003388,0.001508,0.060402,0.014831,-0.162799,0.021598,0.986311,0.000000,0.000000,0.038252,0.023004,0.006605,-0.025948,0.999377,0.000000,0.000000,0.024512,-0.038563,0.026646,-0.016251,0.998769,0.023195,-0.009500,0.034365,0.018312,0.140343,-0.207036,0.968042,-0.000002,-0.000001,0.046041,0.030760,0.192418,0.082019,0.977396,0.000000,0.000000,0.030983,0.007258,0.042141,-0.039422,0.998307,0.000000,0.000000,0.020485,-0.007103,-0.049171,0.000703,0.998765,-0.004016,-0.007363,0.034235,0.000000,0.000000,0.000000,1.000000,0.002275,0.004798,0.062231,0.006395,0.020762,-0.008137,0.999731,0.000000,0.000000,0.043294,0.014789,0.004190,-0.011335,0.999818,0.000000,0.000000,0.027785,-0.063676,0.003332,-0.037296,0.997268,-0.002878,-0.004964,0.065350,0.000000,0.000000,0.000000,1.000000,0.015121,-0.006067,0.035073,0.000000,0.000000,0.000000,1.000000,0.002494,-0.000518,0.054380,0.025260,0.157059,-0.049072,0.986046,0.000000,0.000000,0.039330,0.024438,0.002160,-0.034097,0.999117,0.000000,0.000000,0.026801,-0.001918,-0.029296,-0.004563,0.999559,-0.031227,-0.014823,0.034105,-0.136587,-0.340973,0.536066,0.760075,0.000000,0.000000,0.032791,-0.041200,0.073582,-0.083027,0.992973,0.000000,0.000000,0.034082,-0.173272,-0.073667,0.085037,0.978427,A
0.167435,0.844413,0.226164,0.018855,-0.664726,-0.639964,0.385007,-0.020687,-0.008151,0.036047,0.000000,0.000000,0.000000,1.000000,-0.003065,0.000772,0.060771,-0.021372,-0.157166,0.015035,0.987227,0.000000,0.000000,0.038252,0.020753,0.006663,-0.025937,0.999426,0.000000,0.000000,0.024512,-0.044560,0.026739,-0.016217,0.998517,0.023195,-0.009500,0.034365,0.018312,0.140343,-0.207036,0.968042,-0.000002,-0.000001,0.046041,-0.044027,0.148589,0.099855,0.982859,0.000000,0.000000,0.030983,0.003934,0.042271,-0.039131,0.998332,0.000000,0.000000,0.020485,-0.008765,-0.049172,0.000698,0.998752,-0.004339,-0.006995,0.033866,0.000000,0.000000,0.000000,1.000000,0.002598,0.004430,0.062600,-0.005932,0.026980,-0.007643,0.999589,0.000000,0.000000,0.043295,0.013143,0.004208,-0.011325,0.999841,0.000000,0.000000,0.027785,-0.063534,0.003326,-0.037310,0.997277,-0.003040,-0.004780,0.065166,0.000000,0.000000,0.000000,1.000000,0.015121,-0.006067,0.035073,0.000000,0.000000,0.000000,1.000000,0.002494,-0.000518,0.054380,-0.017488,0.164277,-0.042154,0.985358,0.000000,0.000000,0.039330,0.022311,0.002232,-0.034045,0.999169,0.000000,0.000000,0.026801,-0.006654,-0.029273,-0.004341,0.999540,-0.031873,-0.013351,0.033366,-0.165807,-0.338640,0.506318,0.775547,0.000000,0.000000,0.032791,-0.050956,0.074363,-0.082967,0.992467,0.000000,0.000000,0.034082,-0.174524,-0.073756,0.085047,0.978197,A
0.163710,0.859848,0.228346,-0.039951,-0.674851,-0.570700,0.466135,-0.020730,-0.008039,0.035990,0.000000,0.000000,0.000000,1.000000,-0.003022,0.000660,0.060828,-0.065477,-0.115329,0.012424,0.991089,0.000000,0.000000,0.038252,0.019027,0.006708,-0.025929,0.999460,0.000000,0.000000,0.024512,-0.046089,0.026762,-0.016208,0.998447,0.023195,-0.009500,0.034365,0.018312,0.140343,-0.207036,0.968042,-0.000002,-0.000001,0.046041,-0.095424,0.113236,0.107831,0.983079,0.000000,0.000000,0.030983,0.002367,0.042332,-0.038994,0.998340,0.000000,0.000000,0.020485,-0.010163,-0.049172,0.000693,0.998738,-0.004382,-0.006939,0.033809,0.000000,0.000000,0.000000,1.000000,0.002641,0.004374,0.062657,-0.007024,0.040338,-0.006935,0.999137,0.000000,0.000000,0.043294,0.011648,0.004225,-0.011315,0.999859,0.000000,0.000000,0.027785,-0.063249,0.003314,-0.037339,0.997294,-0.003061,-0.004752,0.065137,0.000000,0.000000,0.000000,1.000000,0.015121,-0.006067,0.035073,0.000000,0.000000,0.000000,1.000000,0.002494,-0.000518,0.054380,-0.022096,0.170846,-0.040845,0.984203,0.000000,0.000000,0.039330,0.020667,0.002287,-0.034005,0.999205,0.000000,0.000000,0.026801,-0.007661,-0.029269,-0.004294,0.999533,-0.031959,-0.013127,0.033252,-0.192326,-0.301663,0.489899,0.794990,0.000000,0.000000,0.032791,-0.064954,0.075471,-0.082867,0.991574,0.000000,0.000000,0.034082,-0.175660,-0.073837,0.085056,0.977986,A
0.160140,0.864094,0.215036,-0.222247,-0.610371,-0.428033,0.628364,-0.020492,-0.008613,0.036279,0.000000,0.000000,0.000000,1.000000,-0.003260,0.001234,0.060539,-0.077435,-0.037682,0.021786,0.996047,0.000000,0.000000,0.038252,0.017473,0.006748,-0.025922,0.999489,0.000000,0.000000,0.024512,-0.047093,0.026777,-0.016203,0.998400,0.023195,-0.009500,0.034365,0.018312,0.140343,-0.207036,0.968042,-0.000002,-0.000001,0.046041,-0.118649,0.119853,0.112530,0.979232,0.000000,0.000000,0.030983,0.000904,0.042389,-0.038865,0.998345,0.000000,0.000000,0.020485,-0.010942,-0.049172,0.000690,0.998730,-0.004144,-0.007226,0.034098,0.000000,0.000000,0.000000,1.000000,0.002403,0.004661,0.062367,-0.006891,0.020034,-0.007975,0.999744,0.000000,0.000000,0.043294,0.010302,0.004241,-0.011307,0.999874,0.000000,0.000000,0.027785,-0.064050,0.003349,-0.037258,0.997245,-0.002942,-0.004896,0.065282,0.000000,0.000000,0.000000,1.000000,0.015121,-0.006067,0.035073,0.000000,0.000000,0.000000,1.000000,0.002494,-0.000518,0.054380,-0.023965,0.156118,-0.041905,0.986558,0.000000,0.000000,0.039330,0.019186,0.002337,-0.033968,0.999236,0.000000,0.000000,0.026801,-0.008575,-0.029264,-0.004251,0.999526,-0.031484,-0.014275,0.033831,-0.205968,-0.247484,0.495630,0.806647,0.000000,0.000000,0.032791,-0.047977,0.074125,-0.082986,0.992631,0.000000,0.000000,0.034082,-0.176683,-0.073911,0.085065,0.977796,A
0.142404,0.874067,0.209084,-0.382235,-0.538624,-0.255665,0.705986,-0.020201,-0.009208,0.036574,0.000000,0.000000,0.000000,1.000000,-0.003552,0.001828,0.060244,-0.037710,-0.007049,0.027375,0.998889,0.000000,0.000000,0.038252,0.016081,0.006785,-0.025915,0.999512,0.000000,0.000000,0.024512,-0.047031,0.026776,-0.016203,0.998403,0.023195,-0.009500,0.034365,0.018312,0.140343,-0.207036,0.968042,-0.000002,-0.000001,0.046041,-0.121243,-0.010517,0.097611,0.987756,0.000000,0.000000,0.030983,0.032595,0.041133,-0.041626,0.997754,0.000000,0.000000,0.020485,-0.011741,-0.049173,0.000687,0.998721,-0.003853,-0.007523,0.034393,0.000000,0.000000,0.000000,1.000000,0.002112,0.004959,0.062072,-0.007221,0.012478,-0.008356,0.999861,0.000000,0.000000,0.043294,0.009096,0.004254,-0.011299,0.999886,0.000000,0.000000,0.027785,-0.065333,0.003405,-0.037129,0.997167,-0.002797,-0.005044,0.065429,0.000000,0.000000,0.000000,1.000000,0.015121,-0.006067,0.035073,0.000000,0.000000,0.000000,1.000000,0.002494,-0.000518,0.054380,-0.030270,0.067925,-0.048894,0.996032,0.000000,0.000000,0.039330,0.017995,0.002377,-0.033939,0.999259,0.000000,0.000000,0.026801,-0.009534,-0.029259,-0.004206,0.999518,-0.030901,-0.015464,0.034422,-0.196838,-0.231241,0.515887,0.801027,0.000000,0.000000,0.032791,0.067123,0.064461,-0.083157,0.992182,0.000000,0.000000,0.034082,-0.177600,-0.073976,0.085072,0.977624,A
0.139260,0.856189,0.207927,-0.511469,-0.402236,-0.103159,0.752306,-0.020037,-0.009504,0.036720,0.000000,0.000000,0.000000,1.000000,-0.003715,0.002125,0.060098,0.000319,-0.086530,0.023932,0.995962,0.000000,0.000000,0.038252,0.014827,0.006817,-0.025910,0.999531,0.000000,0.000000,0.024512,-0.047606,0.026785,-0.016200,0.998376,0.023195,-0.009500,0.034365,0.018312,0.140343,-0.207036,0.968042,-0.000002,-0.000001,0.046041,-0.130267,-0.002278,0.099240,0.986497,0.000000,0.000000,0.030983,0.123691,0.037281,-0.049340,0.990392,0.000000,0.000000,0.020485,-0.002005,-0.049169,0.000721,0.998788,-0.003689,-0.007672,0.034539,0.000000,0.000000,0.000000,1.000000,0.001948,0.005107,0.061927,-0.058576,0.013893,-0.007880,0.998155,0.000000,0.000000,0.043294,0.008010,0.004267,-0.011292,0.999895,0.000000,0.000000,0.027785,-0.064776,0.003380,-0.037185,0.997201,-0.002715,-0.005118,0.065502,0.000000,0.000000,0.000000,1.000000,0.015121,-0.006067,0.035073,0.000000,0.000000,0.000000,1.000000,0.002494,-0.000518,0.054380,-0.073217,0.055205,-0.048128,0.994623,0.000000,0.000000,0.039330,0.022850,0.002214,-0.034058,0.999156,0.000000,0.000000,0.026801,-0.008240,-0.029266,-0.004266,0.999529,-0.030573,-0.016056,0.034712,-0.144488,-0.294525,0.548110,0.769385,0.000000,0.000000,0.032791,0.007334,0.069598,-0.083207,0.994072,0.000000,0.000000,0.034082,-0.178425,-0.074035,0.085079,0.977469,A
0.134229,0.856044,0.206931,-0.561105,-0.340176,-0.069247,0.751430,-0.019297,-0.010623,0.037257,0.000000,0.000000,0.000000,1.000000,-0.004455,0.003244,0.059561,0.001109,-0.135658,0.020793,0.990537,0.000000,0.000000,0.038252,0.014326,0.006830,-0.025907,0.999538,0.000000,0.000000,0.024512,-0.048209,0.026794,-0.016196,0.998346,0.023195,-0.009500,0.034365,0.018312,0.140343,-0.207036,0.968042,-0.000002,-0.000001,0.046041,-0.134210,0.029823,0.104012,0.985028,0.000000,0.000000,0.030983,0.113986,0.037708,-0.048534,0.991580,0.000000,0.000000,0.020485,-0.001573,-0.049168,0.000722,0.998789,-0.002949,-0.008231,0.035076,0.000000,0.000000,0.000000,1.000000,0.001208,0.005666,0.061389,-0.058999,0.015754,-0.007685,0.998104,0.000000,0.000000,0.043294,0.007097,0.004277,-0.011286,0.999902,0.000000,0.000000,0.027785,-0.063562,0.003327,-0.037307,0.997275,-0.002345,-0.005398,0.065771,0.000000,0.000000,0.000000,1.000000,0.015121,-0.006067,0.035073,0.000000,0.000000,0.000000,1.000000,0.002494,-0.000518,0.054380,-0.077519,0.061172,-0.047188,0.993993,0.000000,0.000000,0.039330,0.023238,0.002201,-0.034068,0.999147,0.000000,0.000000,0.026801,-0.007412,-0.029270,-0.004305,0.999535,-0.029093,-0.018294,0.035787,-0.062307,-0.340458,0.603278,0.718514,0.000000,0.000000,0.032791,-0.008536,0.070919,-0.083170,0.993972,0.000000,0.000000,0.034082,-0.178941,-0.074072,0.085083,0.977371,A
0.133950,0.858127,0.207757,-0.611813,-0.288743,-0.058531,0.734089,-0.018424,-0.011645,0.037729,0.000000,0.000000,0.000000,1.000000,-0.005329,0.004266,0.059089,0.001141,-0.148829,0.019893,0.988662,0.000000,0.000000,0.038252,0.015192,0.006808,-0.025911,0.999526,0.000000,0.000000,0.024512,-0.048923,0.026805,-0.016192,0.998312,0.023195,-0.009500,0.034365,0.018312,0.140343,-0.207036,0.968042,-0.000002,-0.000001,0.046041,-0.140119,0.104199,0.114541,0.977952,0.000000,0.000000,0.030983,0.069069,0.039634,-0.044754,0.995819,0.000000,0.000000,0.020485,-0.002930,-0.049169,0.000718,0.998786,-0.002076,-0.008742,0.035548,0.000000,0.000000,0.000000,1.000000,0.000335,0.006177,0.060917,-0.020736,0.015668,-0.008061,0.999630,0.000000,0.000000,0.043295,0.006373,0.004285,-0.011282,0.999907,0.000000,0.000000,0.027785,-0.059759,0.003161,-0.037690,0.997496,-0.001908,-0.005654,0.066007,0.000000,0.000000,0.000000,1.000000,0.015121,-0.006067,0.035073,0.000000,0.000000,0.000000,1.000000,0.002494,-0.000518,0.054380,-0.063255,0.081574,-0.045495,0.993617,0.000000,0.000000,0.039330,0.021502,0.002259,-0.034025,0.999187,0.000000,0.000000,0.026801,-0.006686,-0.029273,-0.004339,0.999540,-0.027347,-0.020339,0.036731,0.016596,-0.369437,0.644483,0.669241,0.000000,0.000000,0.032791,0.033796,0.067355,-0.083222,0.993678,0.000000,0.000000,0.034082,-0.179218,-0.074091,0.085085,0.977319,A
0.135755,0.861145,0.214787,-0.675472,-0.268472,-0.022553,0.686406,-0.017690,-0.012344,0.038039,0.000000,0.000000,0.000000,1.000000,-0.006062,0.004965,0.058779,0.005984,-0.139264,0.021381,0.990006,0.000000,0.000000,0.038252,0.021418,0.006646,-0.025941,0.999412,0.000000,0.000000,0.024512,-0.049276,0.026810,-0.016190,0.998294,0.023195,-0.009500,0.034365,0.018312,0.140343,-0.207036,0.968042,-0.000002,-0.000001,0.046041,-0.035930,0.115467,0.097845,0.987827,0.000000,0.000000,0.030983,0.066858,0.039726,-0.044566,0.995975,0.000000,0.000000,0.020485,-0.003681,-0.049170,0.000715,0.998783,-0.001342,-0.009092,0.035858,0.000000,0.000000,0.000000,1.000000,-0.000399,0.006527,0.060608,0.020504,0.016695,-0.008445,0.999615,0.000000,0.000000,0.043295,0.006908,0.004279,-0.011285,0.999903,0.000000,0.000000,0.027785,-0.058451,0.003104,-0.037822,0.997569,-0.001541,-0.005828,0.066161,0.000000,0.000000,0.000000,1.000000,0.015121,-0.006067,0.035073,0.000000,0.000000,0.000000,1.000000,0.002494,-0.000518,0.054380,0.000156,0.088926,-0.049486,0.994808,0.000000,0.000000,0.039330,0.021893,0.002246,-0.034035,0.999178,0.000000,0.000000,0.026801,-0.005063,-0.029281,-0.004415,0.999549,-0.025879,-0.021737,0.037350,0.064286,-0.373466,0.668542,0.639877,0.000000,0.000000,0.032791,0.073256,0.063919,-0.083135,0.991785,0.000000,0.000000,0.034082,-0.178474,-0.074038,0.085079,0.977459,A
0.141135,0.859770,0.223157,-0.710171,-0.259159,-0.040402,0.653346,-0.016973,-0.012924,0.038285,0.000000,0.000000,0.000000,1.000000,-0.006780,0.005545,0.058533,0.015515,-0.123984,0.023821,0.991877,0.000000,0.000000,0.038252,0.031645,0.006380,-0.025987,0.999141,0.000000,0.000000,0.024512,-0.048234,0.026795,-0.016196,0.998345,0.023195,-0.009500,0.034365,0.018312,0.140343,-0.207036,0.968042,-0.000002,-0.000001,0.046041,0.030458,0.119002,0.086775,0.988626,0.000000,0.000000,0.030983,0.066886,0.039725,-0.044568,0.995973,0.000000,0.000000,0.020485,-0.004141,-0.049170,0.000714,0.998782,-0.000625,-0.009382,0.036104,0.000000,0.000000,0.000000,1.000000,-0.001116,0.006817,0.060362,0.020879,0.020077,-0.008372,0.999545,0.000000,0.000000,0.043294,0.023739,0.004089,-0.011391,0.999645,0.000000,0.000000,0.027785,-0.054065,0.002913,-0.038262,0.997800,-0.001183,-0.005973,0.066285,0.000000,0.000000,0.000000,1.000000,0.015121,-0.006067,0.035073,0.000000,0.000000,0.000000,1.000000,0.002494,-0.000518,0.054380,0.017741,0.100670,-0.050415,0.993483,0.000000,0.000000,0.039330,0.028549,0.002022,-0.034197,0.999005,0.000000,0.000000,0.026801,0.005373,-0.029329,-0.004905,0.999543,-0.024444,-0.022897,0.037842,0.129606,-0.395727,0.684978,0.597835,0.000000,0.000000,0.032791,0.105029,0.061072,-0.082969,0.989119,0.000000,0.000000,0.034082,-0.177051,-0.073937,0.085068,0.977727,A
0.141433,0.857512,0.224579,-0.734114,-0.218631,-0.055016,0.640508,-0.016782,-0.013064,0.038342,0.000000,0.000000,0.000000,1.000000,-0.006970,0.005685,0.058476,0.023608,-0.108974,0.025729,0.993431,0.000000,0.000000,0.038252,0.044978,0.006031,-0.026043,0.998630,0.000000,0.000000,0.024512,-0.047922,0.026790,-0.016198,0.998360,0.023195,-0.009500,0.034365,0.018312,0.140343,-0.207036,0.968042,-0.000002,-0.000001,0.046041,-0.040515,0.087805,0.097942,0.990483,0.000000,0.000000,0.030983,0.075761,0.039352,-0.045322,0.995318,0.000000,0.000000,0.020485,-0.004575,-0.049170,0.000712,0.998780,-0.000434,-0.009451,0.036161,0.000000,0.000000,0.000000,1.000000,-0.001307,0.006887,0.060304,0.022920,0.020628,-0.008389,0.999489,0.000000,0.000000,0.043295,0.032933,0.003984,-0.011447,0.999384,0.000000,0.000000,0.027785,-0.052981,0.002866,-0.038371,0.997854,-0.001087,-0.006008,0.066313,0.000000,0.000000,0.000000,1.000000,0.015121,-0.006067,0.035073,0.000000,0.000000,0.000000,1.000000,0.002494,-0.000518,0.054380,0.012118,0.100433,-0.049917,0.993617,0.000000,0.000000,0.039330,0.054731,0.001141,-0.034822,0.997893,0.000000,0.000000,0.026801,0.011404,-0.029356,-0.005188,0.999491,-0.024064,-0.023176,0.037957,0.137516,-0.392571,0.689325,0.593135,0.000000,0.000000,0.032791,0.163230,0.055667,-0.082442,0.981560,0.000000,0.000000,0.034082,-0.132338,-0.070682,0.084620,0.985053,A
0.142425,0.856854,0.225416,-0.737018,-0.176746,-0.062995,0.649305,-0.016787,-0.013060,0.038341,0.000000,0.000000,0.000000,1.000000,-0.006965,0.005681,0.058477,0.029535,-0.107428,0.026617,0.993418,0.000000,0.000000,0.038252,0.046608,0.005989,-0.026049,0.998556,0.000000,0.000000,0.024512,-0.048381,0.026797,-0.016195,0.998338,0.023195,-0.009500,0.034365,0.018312,0.140343,-0.207036,0.968042,-0.000002,-0.000001,0.046041,-0.090585,0.054752,0.102352,0.989101,0.000000,0.000000,0.030983,0.082672,0.039060,-0.045907,0.994752,0.000000,0.000000,0.020485,-0.004578,-0.049170,0.000712,0.998780,-0.000439,-0.009450,0.036160,0.000000,0.000000,0.000000,1.000000,-0.001302,0.006885,0.060305,0.028062,0.021360,-0.008455,0.999342,0.000000,0.000000,0.043295,0.034408,0.003967,-0.011456,0.999334,0.000000,0.000000,0.027785,-0.052069,0.002826,-0.038463,0.997899,-0.001090,-0.006007,0.066313,0.000000,0.000000,0.000000,1.000000,0.015121,-0.006067,0.035073,0.000000,0.000000,0.000000,1.000000,0.002494,-0.000518,0.054380,-0.009999,0.101113,-0.047891,0.993671,0.000000,0.000000,0.039330,0.059857,0.000969,-0.034942,0.997595,0.000000,0.000000,0.026801,0.013908,-0.029367,-0.005305,0.999458,-0.024073,-0.023169,0.037955,0.137766,-0.393052,0.689164,0.592945,0.000000,0.000000,0.032791,0.217155,0.050437,-0.081689,0.971405,0.000000,0.000000,0.034082,-0.100490,-0.068287,0.084198,0.989014,A
0.142794,0.856709,0.225225,-0.733513,-0.163914,-0.068159,0.656084,-0.016779,-0.013066,0.038343,0.000000,0.000000,0.000000,1.000000,-0.006973,0.005687,0.058475,0.030008,-0.106201,0.026727,0.993532,0.000000,0.000000,0.038252,0.045599,0.006015,-0.026045,0.998602,0.000000,0.000000,0.024512,-0.049088,0.026807,-0.016191,0.998303,0.023195,-0.009500,0.034365,0.018312,0.140343,-0.207036,0.968042,-0.000002,-0.000001,0.046041,-0.099209,0.040652,0.101952,0.988995,0.000000,0.000000,0.030983,0.090843,0.038711,-0.046596,0.994021,0.000000,0.000000,0.020485,-0.004172,-0.049170,0.000713,0.998781,-0.000431,-0.009453,0.036162,0.000000,0.000000,0.000000,1.000000,-0.001310,0.006888,0.060303,0.031604,0.021456,-0.008510,0.999234,0.000000,0.000000,0.043294,0.034909,0.003962,-0.011459,0.999317,0.000000,0.000000,0.027785,-0.051839,0.002816,-0.038486,0.997910,-0.001086,-0.006009,0.066314,0.000000,0.000000,0.000000,1.000000,0.015121,-0.006067,0.035073,0.000000,0.000000,0.000000,1.000000,0.002494,-0.000518,0.054380,-0.009063,0.100303,-0.048028,0.993756,0.000000,0.000000,0.039330,0.064709,0.000805,-0.035055,0.997288,0.000000,0.000000,0.026801,0.014932,-0.029371,-0.005353,0.999443,-0.024057,-0.023180,0.037959,0.131611,-0.386938,0.690160,0.597191,0.000000,0.000000,0.032791,0.247877,0.047359,-0.081144,0.964225,0.000000,0.000000,0.034082,-0.072744,-0.066149,0.083760,0.991623,A
0.143297,0.856853,0.224923,-0.782515,-0.116703,0.028823,0.610917,-0.017108,-0.012822,0.038242,0.000000,0.000000,0.000000,1.000000,-0.006644,0.005442,0.058576,0.047511,-0.105902,0.029146,0.992813,0.000000,0.000000,0.038252,0.044712,0.006038,-0.026041,0.998642,0.000000,0.000000,0.024512,-0.049696,0.026817,-0.016188,0.998273,0.023195,-0.009500,0.034365,0.018312,0.140343,-0.207036,0.968042,-0.000002,-0.000001,0.046041,-0.097176,0.040587,0.101744,0.989221,0.000000,0.000000,0.030983,0.098779,0.038370,-0.047263,0.993246,0.000000,0.000000,0.020485,-0.002924,-0.049169,0.000718,0.998786,-0.000760,-0.009330,0.036061,0.000000,0.000000,0.000000,1.000000,-0.000981,0.006766,0.060404,0.003803,0.050377,-0.006902,0.998699,0.000000,0.000000,0.043294,0.034417,0.003967,-0.011456,0.999334,0.000000,0.000000,0.027785,-0.051463,0.002799,-0.038524,0.997928,-0.001250,-0.005948,0.066263,0.000000,0.000000,0.000000,1.000000,0.015121,-0.006067,0.035073,0.000000,0.000000,0.000000,1.000000,0.002494,-0.000518,0.054380,-0.019091,0.101131,-0.047075,0.993575,0.000000,0.000000,0.039330,0.063983,0.000830,-0.035038,0.997335,0.000000,0.000000,0.026801,0.014249,-0.029368,-0.005321,0.999453,-0.024715,-0.022691,0.037757,0.119006,-0.393344,0.682314,0.604620,0.000000,0.000000,0.032791,0.239764,0.048179,-0.081297,0.966221,0.000000,0.000000,0.034082,-0.070491,-0.065974,0.083721,0.991801,A
0.143429,0.857293,0.225632,-0.788969,-0.077369,0.061576,0.606424,-0.017453,-0.012546,0.038125,0.000000,0.000000,0.000000,1.000000,-0.006299,0.005167,0.058693,0.048627,-0.109345,0.029242,0.992383,0.000000,0.000000,0.038252,0.041765,0.006116,-0.026029,0.998770,0.000000,0.000000,0.024512,-0.050425,0.026828,-0.016184,0.998236,0.023195,-0.009500,0.034365,0.018312,0.140343,-0.207036,0.968042,-0.000002,-0.000001,0.046041,-0.096784,0.040377,0.101685,0.989274,0.000000,0.000000,0.030983,0.100281,0.038305,-0.047389,0.993092,0.000000,0.000000,0.020485,-0.002054,-0.049169,0.000721,0.998788,-0.001105,-0.009193,0.035944,0.000000,0.000000,0.000000,1.000000,-0.000636,0.006628,0.060521,-0.007671,0.059866,-0.005891,0.998160,0.000000,0.000000,0.043294,0.034360,0.003968,-0.011456,0.999336,0.000000,0.000000,0.027785,-0.050993,0.002779,-0.038571,0.997950,-0.001423,-0.005879,0.066205,0.000000,0.000000,0.000000,1.000000,0.015121,-0.006067,0.035073,0.000000,0.000000,0.000000,1.000000,0.002494,-0.000518,0.054380,-0.036472,0.102559,-0.045392,0.993021,0.000000,0.000000,0.039330,0.062836,0.000869,-0.035011,0.997409,0.000000,0.000000,0.026801,0.013783,-0.029366,-0.005299,0.999460,-0.025405,-0.022140,0.037524,0.105295,-0.400125,0.673592,0.612444,0.000000,0.000000,0.032791,0.232989,0.048860,-0.081419,0.967833,0.000000,0.000000,0.034082,-0.070427,-0.065969,0.083720,0.991806,A
0.142427,0.859930,0.230209,-0.790192,-0.078387,0.060965,0.604761,-0.017450,-0.012549,0.038126,0.000000,0.000000,0.000000,1.000000,-0.006302,0.005169,0.058692,0.060187,-0.114777,0.030852,0.991086,0.000000,0.000000,0.038252,0.040574,0.006147,-0.026025,0.998819,0.000000,0.000000,0.024512,-0.050812,0.026834,-0.016182,0.998217,0.023195,-0.009500,0.034365,0.018312,0.140343,-0.207036,0.968042,-0.000002,-0.000001,0.046041,-0.097234,0.040861,0.101777,0.989200,0.000000,0.000000,0.030983,0.101606,0.038248,-0.047500,0.992954,0.000000,0.000000,0.020485,-0.001323,-0.049168,0.000723,0.998789,-0.001102,-0.009194,0.035945,0.000000,0.000000,0.000000,1.000000,-0.000639,0.006629,0.060520,-0.006642,0.059776,-0.005952,0.998172,0.000000,0.000000,0.043294,0.035019,0.003960,-0.011460,0.999313,0.000000,0.000000,0.027785,-0.050299,0.002749,-0.038640,0.997983,-0.001421,-0.005879,0.066205,0.000000,0.000000,0.000000,1.000000,0.015121,-0.006067,0.035073,0.000000,0.000000,0.000000,1.000000,0.002494,-0.000518,0.054380,-0.037198,0.103599,-0.045227,0.992894,0.000000,0.000000,0.039330,0.062621,0.000876,-0.035006,0.997423,0.000000,0.000000,0.026801,0.013727,-0.029366,-0.005297,0.999460,-0.025399,-0.022146,0.037526,0.106053,-0.400678,0.673621,0.611920,0.000000,0.000000,0.032791,0.219426,0.050212,-0.081652,0.970909,0.000000,0.000000,0.034082,-0.072448,-0.066126,0.083755,0.991647,A
0.140560,0.861340,0.232699,-0.786796,-0.080552,0.056668,0.609305,-0.017486,-0.012519,0.038114,0.000000,0.000000,0.000000,1.000000,-0.006266,0.005139,0.058704,0.078389,-0.125038,0.033676,0.988477,0.000000,0.000000,0.038252,0.037314,0.006232,-0.026011,0.998946,0.000000,0.000000,0.024512,-0.051790,0.026848,-0.016176,0.998166,0.023195,-0.009501,0.034365,0.018312,0.140343,-0.207036,0.968042,-0.000002,-0.000001,0.046041,-0.097241,0.041661,0.101855,0.989158,0.000000,0.000000,0.030983,0.102637,0.038203,-0.047586,0.992845,0.000000,0.000000,0.020485,-0.000319,-0.049168,0.000727,0.998790,-0.001138,-0.009179,0.035933,0.000000,0.000000,0.000000,1.000000,-0.000603,0.006614,0.060533,-0.014394,0.061212,-0.005447,0.998006,0.000000,0.000000,0.043295,0.031094,0.004005,-0.011436,0.999443,0.000000,0.000000,0.027785,-0.050442,0.002755,-0.038626,0.997976,-0.001439,-0.005872,0.066199,0.000000,0.000000,0.000000,1.000000,0.015121,-0.006067,0.035073,0.000000,0.000000,0.000000,1.000000,0.002494,-0.000518,0.054380,-0.049179,0.126273,-0.041655,0.989900,0.000000,0.000000,0.039330,0.055434,0.001118,-0.034839,0.997854,0.000000,0.000000,0.026801,0.012615,-0.029361,-0.005244,0.999476,-0.025471,-0.022085,0.037500,0.112486,-0.409069,0.671987,0.606995,0.000000,0.000000,0.032791,0.206244,0.051513,-0.081862,0.973709,0.000000,0.000000,0.034082,-0.084922,-0.067093,0.083960,0.990574,A
0.138178,0.863530,0.231856,-0.766734,-0.082543,0.055819,0.634185,-0.017738,-0.012302,0.038020,0.000000,0.000000,0.000000,1.000000,-0.006014,0.004923,0.058798,0.079733,-0.119106,0.033805,0.989097,0.000000,0.000000,0.038252,0.033419,0.006334,-0.025994,0.999083,0.000000,0.000000,0.024512,-0.052241,0.026855,-0.016173,0.998142,0.023195,-0.009500,0.034365,0.018312,0.140343,-0.207036,0.968042,-0.000002,-0.000001,0.046041,-0.070666,0.043855,0.099396,0.991566,0.000000,0.000000,0.030983,0.109003,0.037926,-0.048119,0.992152,0.000000,0.000000,0.020485,0.007821,-0.049160,0.000755,0.998760,-0.001390,-0.009071,0.035839,0.000000,0.000000,0.000000,1.000000,-0.000351,0.006506,0.060626,-0.028105,0.061347,-0.004675,0.997710,0.000000,0.000000,0.043294,0.030553,0.004011,-0.011432,0.999460,0.000000,0.000000,0.027786,-0.050223,0.002745,-0.038648,0.997986,-0.001565,-0.005818,0.066152,0.000000,0.000000,0.000000,1.000000,0.015121,-0.006067,0.035073,0.000000,0.000000,0.000000,1.000000,0.002494,-0.000518,0.054380,-0.051947,0.125716,-0.041403,0.989840,0.000000,0.000000,0.039330,0.054359,0.001154,-0.034814,0.997914,0.000000,0.000000,0.026801,0.012017,-0.029359,-0.005216,0.999483,-0.025975,-0.021653,0.037313,0.120782,-0.432530,0.663613,0.598288,0.000000,0.000000,0.032791,0.205512,0.051585,-0.081874,0.973859,0.000000,0.000000,0.034082,-0.088082,-0.067337,0.084010,0.990278,A
0.137881,0.863260,0.230882,-0.723119,-0.105240,0.014385,0.682508,-0.017996,-0.012068,0.037918,0.000000,0.000000,0.000000,1.000000,-0.005757,0.004689,0.058900,0.078899,-0.093595,0.033309,0.991920,0.000000,0.000000,0.038252,0.032629,0.006354,-0.025991,0.999109,0.000000,0.000000,0.024512,-0.051602,0.026846,-0.016177,0.998176,0.023195,-0.009500,0.034365,0.018312,0.140343,-0.207036,0.968042,-0.000002,-0.000001,0.046041,0.088645,0.056142,0.083718,0.990950,0.000000,0.000000,0.030983,0.222120,0.032709,-0.057301,0.972785,0.000000,0.000000,0.020485,0.093193,-0.048886,0.001046,0.994447,-0.001647,-0.008954,0.035737,0.000000,0.000000,0.000000,1.000000,-0.000093,0.006389,0.060729,-0.038925,0.082726,-0.002265,0.995809,0.000000,0.000000,0.043295,0.041945,0.003881,-0.011501,0.999046,0.000000,0.000000,0.027785,-0.049295,0.002705,-0.038741,0.998029,-0.001694,-0.005759,0.066101,0.000000,0.000000,0.000000,1.000000,0.015121,-0.006067,0.035073,0.000000,0.000000,0.000000,1.000000,0.002494,-0.000518,0.054380,0.024477,0.124520,-0.050212,0.990643,0.000000,0.000000,0.039330,0.099440,-0.000367,-0.035836,0.994398,0.000000,0.000000,0.026801,0.022252,-0.029401,-0.005696,0.999304,-0.026490,-0.021184,0.037108,0.122415,-0.450674,0.655502,0.593486,0.000000,0.000000,0.032791,0.182319,0.053841,-0.082205,0.978317,0.000000,0.000000,0.034082,-0.090753,-0.067542,0.084051,0.990019,A
0.138402,0.863172,0.231245,-0.736892,-0.040909,0.112259,0.665368,-0.018812,-0.011221,0.037536,0.000000,0.000000,0.000000,1.000000,-0.004940,0.003842,0.059283,-0.003235,-0.079172,0.024014,0.996567,0.000000,0.000000,0.038252,0.035435,0.006281,-0.026003,0.999014,0.000000,0.000000,0.024512,-0.050682,0.026832,-0.016182,0.998223,0.023195,-0.009500,0.034365,0.018312,0.140343,-0.207036,0.968042,-0.000002,-0.000001,0.046041,0.256532,0.067025,0.065644,0.961972,0.000000,0.000000,0.030983,0.398600,0.023359,-0.070521,0.914111,0.000000,0.000000,0.020485,0.282397,-0.046961,0.001672,0.958146,-0.002464,-0.008530,0.035355,0.000000,0.000000,0.000000,1.000000,0.000723,0.005965,0.061111,-0.027224,0.111355,-0.001065,0.993407,0.000000,0.000000,0.043294,0.053509,0.003749,-0.011569,0.998493,0.000000,0.000000,0.027785,-0.047388,0.002621,-0.038932,0.998114,-0.002102,-0.005548,0.065910,0.000000,0.000000,0.000000,1.000000,0.015121,-0.006067,0.035073,0.000000,0.000000,0.000000,1.000000,0.002494,-0.000518,0.054380,0.107179,0.187235,-0.062726,0.974434,0.000000,0.000000,0.039330,0.234848,-0.004973,-0.038486,0.971257,0.000000,0.000000,0.026801,0.148466,-0.029669,-0.011566,0.988405,-0.028124,-0.019490,0.036344,0.048649,-0.431860,0.632885,0.640770,0.000000,0.000000,0.032791,0.122456,0.059480,-0.082842,0.987221,0.000000,0.000000,0.034082,-0.069278,-0.065879,0.083701,0.991895,A
0.137921,0.863610,0.231812,-0.725117,-0.030483,0.113143,0.678583,-0.018951,-0.011058,0.037460,0.000000,0.000000,0.000000,1.000000,-0.004801,0.003679,0.059358,-0.019888,-0.080410,0.022091,0.996319,0.000000,0.000000,0.038252,0.038385,0.006204,-0.026015,0.998905,0.000000,0.000000,0.024512,-0.051019,0.026837,-0.016180,0.998206,0.023195,-0.009500,0.034365,0.018312,0.140343,-0.207036,0.968042,-0.000002,-0.000001,0.046041,0.323224,0.072540,0.057466,0.941786,0.000000,0.000000,0.030983,0.470443,0.019076,-0.075466,0.878991,0.000000,0.000000,0.020485,0.332359,-0.046131,0.001833,0.942022,-0.002603,-0.008449,0.035279,0.000000,0.000000,0.000000,1.000000,0.000862,0.005884,0.061186,-0.004852,0.106677,-0.003685,0.994275,0.000000,0.000000,0.043294,0.056702,0.003712,-0.011588,0.998317,0.000000,0.000000,0.027785,-0.035352,0.002096,-0.040133,0.998567,-0.002172,-0.005507,0.065872,0.000000,0.000000,0.000000,1.000000,0.015121,-0.006067,0.035073,0.000000,0.000000,0.000000,1.000000,0.002494,-0.000518,0.054380,0.123170,0.160596,-0.064137,0.977203,0.000000,0.000000,0.039330,0.275454,-0.006366,-0.039153,0.960496,0.000000,0.000000,0.026801,0.172419,-0.029666,-0.012672,0.984495,-0.028401,-0.019164,0.036193,0.017726,-0.408235,0.626917,0.663329,0.000000,0.000000,0.032791,0.104694,0.061102,-0.082971,0.989152,0.000000,0.000000,0.034082,-0.061785,-0.065292,0.083569,0.992439,A
0.134715,0.867436,0.231754,-0.647733,-0.026995,0.060600,0.758973,-0.018922,-0.011092,0.037476,0.000000,0.000000,0.000000,1.000000,-0.004830,0.003713,0.059342,-0.017722,-0.099254,0.020765,0.994688,0.000000,0.000000,0.038252,0.031038,0.006396,-0.025984,0.999160,0.000000,0.000000,0.024512,-0.051905,0.026850,-0.016175,0.998160,0.023195,-0.009500,0.034365,0.018312,0.140343,-0.207036,0.968042,-0.000002,-0.000001,0.046041,0.349973,0.074773,0.054006,0.932208,0.000000,0.000000,0.030983,0.441910,0.020813,-0.073535,0.893798,0.000000,0.000000,0.020485,0.286650,-0.046896,0.001686,0.956886,-0.002574,-0.008466,0.035295,0.000000,0.000000,0.000000,1.000000,0.000833,0.005901,0.061170,0.090653,0.101910,-0.013207,0.990567,0.000000,0.000000,0.043294,0.042510,0.003875,-0.011505,0.999022,0.000000,0.000000,0.027785,-0.034379,0.002054,-0.040230,0.998597,-0.002157,-0.005515,0.065880,0.000000,0.000000,0.000000,1.000000,0.015121,-0.006067,0.035073,0.000000,0.000000,0.000000,1.000000,0.002494,-0.000518,0.054380,0.140146,0.154201,-0.066357,0.975796,0.000000,0.000000,0.039330,0.186574,-0.003325,-0.037615,0.981715,0.000000,0.000000,0.026801,0.135394,-0.029663,-0.010962,0.990287,-0.028344,-0.019233,0.036225,-0.045315,-0.333095,0.620125,0.708829,0.000000,0.000000,0.032791,0.085968,0.062789,-0.083079,0.990841,0.000000,0.000000,0.034082,-0.072203,-0.066107,0.083751,0.991667,A
0.129978,0.869099,0.221269,-0.618275,-0.027265,0.050401,0.783870,-0.018731,-0.011314,0.037578,0.000000,0.000000,0.000000,1.000000,-0.005022,0.003935,0.059240,-0.004840,-0.098996,0.022455,0.994823,0.000000,0.000000,0.038252,0.030300,0.006415,-0.025981,0.999183,0.000000,0.000000,0.024512,-0.036958,0.026622,-0.016259,0.998830,0.023195,-0.009500,0.034365,0.018312,0.140343,-0.207036,0.968042,-0.000002,-0.000001,0.046041,0.448206,0.083003,0.040267,0.889157,0.000000,0.000000,0.030983,0.421286,0.022039,-0.072112,0.903788,0.000000,0.000000,0.020485,0.257564,-0.047321,0.001592,0.965101,-0.002382,-0.008577,0.035397,0.000000,0.000000,0.000000,1.000000,0.000642,0.006012,0.061068,0.235872,0.065815,-0.020788,0.969330,0.000000,0.000000,0.043295,0.164622,0.002447,-0.012148,0.986279,0.000000,0.000000,0.027785,0.061502,-0.002134,-0.049569,0.996873,-0.002062,-0.005571,0.065931,0.000000,0.000000,0.000000,1.000000,0.015121,-0.006067,0.035073,0.000000,0.000000,0.000000,1.000000,0.002494,-0.000518,0.054380,0.369374,0.109231,-0.090987,0.918342,0.000000,0.000000,0.039330,0.330738,-0.008271,-0.039959,0.942840,0.000000,0.000000,0.026801,0.208984,-0.029627,-0.014354,0.977365,-0.027960,-0.019676,0.036429,-0.072084,-0.287888,0.621331,0.725171,0.000000,0.000000,0.032791,0.067863,0.064395,-0.083154,0.992136,0.000000,0.000000,0.034082,-0.084614,-0.067069,0.083955,0.990603,A
0.129477,0.875364,0.210812,-0.604033,-0.043247,0.032569,0.795119,-0.018578,-0.011482,0.037655,0.000000,0.000000,0.000000,1.000000,-0.005175,0.004103,0.059163,0.157631,-0.069416,0.041075,0.984199,0.000000,0.000000,0.038252,0.139218,0.003533,-0.026306,0.989906,0.000000,0.000000,0.024512,0.021110,0.025678,-0.016552,0.999310,0.023195,-0.009500,0.034365,0.018312,0.140343,-0.207036,0.968042,-0.000002,-0.000001,0.046041,0.480811,0.084510,0.035978,0.872001,0.000000,0.000000,0.030983,0.478495,0.018576,-0.076002,0.874598,0.000000,0.000000,0.020485,0.297992,-0.046717,0.001722,0.953423,-0.002229,-0.008661,0.035474,0.000000,0.000000,0.000000,1.000000,0.000489,0.006096,0.060991,0.399623,0.040626,-0.023051,0.915489,0.000000,0.000000,0.043294,0.345911,0.000199,-0.012774,0.938181,0.000000,0.000000,0.027785,0.190706,-0.007786,-0.061504,0.979688,-0.001985,-0.005613,0.065970,0.000000,0.000000,0.000000,1.000000,0.015121,-0.006067,0.035073,0.000000,0.000000,0.000000,1.000000,0.002494,-0.000518,0.054380,0.491908,0.081251,-0.096949,0.861409,0.000000,0.000000,0.039330,0.432284,-0.011799,-0.041117,0.900722,0.000000,0.000000,0.026801,0.287498,-0.029400,-0.017943,0.957162,-0.027654,-0.020013,0.036583,-0.076075,-0.273321,0.625642,0.726691,0.000000,0.000000,0.032791,0.068283,0.064358,-0.083153,0.992109,0.000000,0.000000,0.034082,-0.084993,-0.067099,0.083961,0.990568,A
0.133576,0.876794,0.212555,-0.599856,-0.078220,-0.002412,0.796272,-0.018490,-0.011576,0.037698,0.000000,0.000000,0.000000,1.000000,-0.005262,0.004197,0.059120,0.284381,-0.022845,0.044148,0.957422,0.000000,0.000000,0.038252,0.267544,0.000024,-0.026280,0.963187,0.000000,0.000000,0.024512,0.113653,0.023993,-0.016902,0.993087,0.023195,-0.009500,0.034365,0.018312,0.140343,-0.207036,0.968042,-0.000002,-0.000001,0.046041,0.438891,0.080404,0.042552,0.893924,0.000000,0.000000,0.030983,0.486994,0.018044,-0.076564,0.869856,0.000000,0.000000,0.020485,0.332237,-0.046133,0.001832,0.942065,-0.002142,-0.008708,0.035517,0.000000,0.000000,0.000000,1.000000,0.000401,0.006143,0.060949,0.490789,0.037566,-0.026419,0.870067,0.000000,0.000000,0.043294,0.396440,-0.000457,-0.012872,0.917971,0.000000,0.000000,0.027785,0.238313,-0.009870,-0.065708,0.968913,-0.001941,-0.005636,0.065991,0.000000,0.000000,0.000000,1.000000,0.015121,-0.006067,0.035073,0.000000,0.000000,0.000000,1.000000,0.002494,-0.000518,0.054380,0.535426,0.073560,-0.099235,0.835500,0.000000,0.000000,0.039330,0.459598,-0.012755,-0.041350,0.887073,0.000000,0.000000,0.026801,0.320966,-0.029242,-0.019463,0.946439,-0.027479,-0.020201,0.036668,-0.071811,-0.272974,0.629556,0.723870,0.000000,0.000000,0.032791,0.069481,0.064253,-0.083149,0.992033,0.000000,0.000000,0.034082,-0.084977,-0.067097,0.083961,0.990569,A
0.135768,0.876459,0.213380,-0.584611,-0.080761,-0.010855,0.807211,-0.018447,-0.011621,0.037718,0.000000,0.000000,0.000000,1.000000,-0.005305,0.004242,0.059100,0.390532,-0.018827,0.049859,0.919045,0.000000,0.000000,0.038252,0.397133,-0.003655,-0.025769,0.917392,0.000000,0.000000,0.024512,0.173200,0.022789,-0.017052,0.984475,0.023195,-0.009500,0.034365,0.018312,0.140343,-0.207036,0.968042,-0.000002,-0.000001,0.046041,0.259521,0.079739,0.061853,0.960451,0.000000,0.000000,0.030983,0.429772,0.021538,-0.072700,0.899748,0.000000,0.000000,0.020485,0.219000,-0.047815,0.001465,0.974552,-0.002099,-0.008730,0.035537,0.000000,0.000000,0.000000,1.000000,0.000358,0.006165,0.060928,0.479284,0.040202,-0.027094,0.876320,0.000000,0.000000,0.043294,0.397546,-0.000472,-0.012874,0.917492,0.000000,0.000000,0.027785,0.237181,-0.009821,-0.065609,0.969198,-0.001920,-0.005648,0.066001,0.000000,0.000000,0.000000,1.000000,0.015121,-0.006067,0.035073,0.000000,0.000000,0.000000,1.000000,0.002494,-0.000518,0.054380,0.443171,0.085171,-0.092005,0.887627,0.000000,0.000000,0.039330,0.430941,-0.011753,-0.041104,0.901367,0.000000,0.000000,0.026801,0.282324,-0.029421,-0.017708,0.958704,-0.027394,-0.020290,0.036709,-0.060409,-0.283774,0.633384,0.717389,0.000000,0.000000,0.032791,0.068832,0.064310,-0.083151,0.992075,0.000000,0.000000,0.034082,-0.083565,-0.066988,0.083938,0.990699,A
0.137513,0.876653,0.214498,-0.578697,-0.084123,-0.013498,0.811080,-0.018305,-0.011767,0.037784,0.000000,0.000000,0.000000,1.000000,-0.005448,0.004388,0.059034,0.423310,-0.017059,0.051376,0.904366,0.000000,0.000000,0.038252,0.442773,-0.004987,-0.025459,0.896259,0.000000,0.000000,0.024512,0.210290,0.021990,-0.017114,0.977242,0.023195,-0.009500,0.034365,0.018312,0.140343,-0.207036,0.968042,-0.000002,-0.000001,0.046041,0.220957,0.083828,0.065159,0.969487,0.000000,0.000000,0.030983,0.403814,0.023058,-0.070889,0.911799,0.000000,0.000000,0.020485,0.178627,-0.048247,0.001332,0.982732,-0.001956,-0.008803,0.035603,0.000000,0.000000,0.000000,1.000000,0.000216,0.006239,0.060862,0.447759,0.041221,-0.025808,0.892831,0.000000,0.000000,0.043294,0.417137,-0.000730,-0.012902,0.908752,0.000000,0.000000,0.027785,0.237974,-0.009855,-0.065678,0.968998,-0.001849,-0.005684,0.066034,0.000000,0.000000,0.000000,1.000000,0.015121,-0.006067,0.035073,0.000000,0.000000,0.000000,1.000000,0.002494,-0.000518,0.054380,0.403778,0.089680,-0.088666,0.906123,0.000000,0.000000,0.039330,0.423758,-0.011502,-0.041037,0.904772,0.000000,0.000000,0.026801,0.267526,-0.029477,-0.017033,0.962949,-0.027108,-0.020583,0.036841,-0.040301,-0.298230,0.641732,0.705418,0.000000,0.000000,0.032791,0.068711,0.064321,-0.083151,0.992082,0.000000,0.000000,0.034082,-0.082486,-0.066905,0.083921,0.990796,A
0.138681,0.878430,0.213260,-0.579741,-0.085416,-0.009447,0.810257,-0.018199,-0.011873,0.037831,0.000000,0.000000,0.000000,1.000000,-0.005553,0.004494,0.058987,0.389478,-0.003808,0.044428,0.919956,0.000000,0.000000,0.038252,0.455137,-0.005351,-0.025362,0.890044,0.000000,0.000000,0.024512,0.212659,0.021937,-0.017117,0.976730,0.023195,-0.009500,0.034365,0.018312,0.140343,-0.207036,0.968042,-0.000002,-0.000001,0.046041,0.246158,0.083340,0.062374,0.963624,0.000000,0.000000,0.030983,0.419624,0.022137,-0.071996,0.904568,0.000000,0.000000,0.020485,0.249553,-0.047430,0.001565,0.967198,-0.001851,-0.008856,0.035650,0.000000,0.000000,0.000000,1.000000,0.000110,0.006291,0.060815,0.436139,0.041124,-0.025136,0.898588,0.000000,0.000000,0.043294,0.428563,-0.000882,-0.012915,0.903419,0.000000,0.000000,0.027785,0.261379,-0.010881,-0.067705,0.962798,-0.001796,-0.005710,0.066058,0.000000,0.000000,0.000000,1.000000,0.015121,-0.006067,0.035073,0.000000,0.000000,0.000000,1.000000,0.002494,-0.000518,0.054380,0.395960,0.086665,-0.086544,0.910063,0.000000,0.000000,0.039330,0.424036,-0.011511,-0.041040,0.904642,0.000000,0.000000,0.026801,0.279429,-0.029433,-0.017576,0.959554,-0.026897,-0.020794,0.036935,-0.008800,-0.327072,0.649431,0.686430,0.000000,0.000000,0.032791,0.069783,0.064226,-0.083148,0.992014,0.000000,0.000000,0.034082,-0.080292,-0.066735,0.083885,0.990991,A
0.141663,0.880711,0.211158,-0.550161,-0.101007,-0.045714,0.827666,-0.018080,-0.011988,0.037882,0.000000,0.000000,0.000000,1.000000,-0.005672,0.004609,0.058936,0.396211,0.016750,0.037224,0.917252,0.000000,0.000000,0.038252,0.555732,-0.008377,-0.024357,0.830963,0.000000,0.000000,0.024512,0.302099,0.019845,-0.017163,0.952915,0.023195,-0.009500,0.034365,0.018312,0.140343,-0.207036,0.968042,-0.000002,-0.000001,0.046041,0.304981,0.078233,0.057405,0.947402,0.000000,0.000000,0.030983,0.523115,0.015732,-0.078906,0.848456,0.000000,0.000000,0.020485,0.374319,-0.045321,0.001966,0.926190,-0.001732,-0.008914,0.035701,0.000000,0.000000,0.000000,1.000000,-0.000009,0.006349,0.060764,0.463647,0.039229,-0.025758,0.884776,0.000000,0.000000,0.043294,0.529617,-0.002259,-0.012945,0.848135,0.000000,0.000000,0.027785,0.359920,-0.015202,-0.075938,0.929763,-0.001736,-0.005739,0.066083,0.000000,0.000000,0.000000,1.000000,0.015121,-0.006067,0.035073,0.000000,0.000000,0.000000,1.000000,0.002494,-0.000518,0.054380,0.446064,0.080141,-0.090193,0.886831,0.000000,0.000000,0.039330,0.533956,-0.015374,-0.041799,0.844339,0.000000,0.000000,0.026801,0.385407,-0.028826,-0.022373,0.922025,-0.026660,-0.021024,0.037037,-0.002898,-0.326292,0.653782,0.682711,0.000000,0.000000,0.032791,0.070963,0.064122,-0.083143,0.991937,0.000000,0.000000,0.034082,-0.077083,-0.066487,0.083833,0.991267,A
0.150740,0.880995,0.214694,-0.544327,-0.121941,-0.051031,0.828393,-0.018062,-0.012005,0.037890,0.000000,0.000000,0.000000,1.000000,-0.005690,0.004626,0.058928,0.466165,0.034937,0.030552,0.883480,0.000000,0.000000,0.038252,0.653178,-0.011430,-0.022945,0.756770,0.000000,0.000000,0.024512,0.383545,0.017730,-0.017073,0.923194,0.023195,-0.009500,0.034365,0.018312,0.140343,-0.207036,0.968042,-0.000002,-0.000001,0.046041,0.326992,0.076672,0.055638,0.940267,0.000000,0.000000,0.030983,0.597202,0.010695,-0.083439,0.797667,0.000000,0.000000,0.020485,0.472296,-0.042995,0.002270,0.880388,-0.001714,-0.008922,0.035709,0.000000,0.000000,0.000000,1.000000,-0.000027,0.006357,0.060757,0.506634,0.039927,-0.028557,0.860763,0.000000,0.000000,0.043294,0.598538,-0.003239,-0.012858,0.800985,0.000000,0.000000,0.027785,0.429199,-0.018244,-0.081412,0.899349,-0.001727,-0.005744,0.066087,0.000000,0.000000,0.000000,1.000000,0.015121,-0.006067,0.035073,0.000000,0.000000,0.000000,1.000000,0.002494,-0.000518,0.054380,0.468341,0.077616,-0.091937,0.875317,0.000000,0.000000,0.039330,0.615184,-0.018267,-0.041935,0.787056,0.000000,0.000000,0.026801,0.458947,-0.028160,-0.025663,0.887647,-0.026624,-0.021058,0.037052,0.012264,-0.341630,0.655652,0.673245,0.000000,0.000000,0.032791,0.072566,0.063980,-0.083137,0.991831,0.000000,0.000000,0.034082,-0.063244,-0.065406,0.083595,0.992338,A
0.164137,0.883691,0.215166,-0.470379,-0.147358,-0.054746,0.868350,-0.018053,-0.012013,0.037893,0.000000,0.000000,0.000000,1.000000,-0.005699,0.004634,0.058925,0.521563,0.047666,0.023657,0.851552,0.000000,0.000000,0.038252,0.704708,-0.013105,-0.021978,0.709036,0.000000,0.000000,0.024512,0.439938,0.016139,-0.016929,0.897724,0.023195,-0.009500,0.034365,0.018312,0.140343,-0.207036,0.968042,-0.000002,-0.000001,0.046041,0.370908,0.071310,0.053334,0.924390,0.000000,0.000000,0.030983,0.644067,0.007277,-0.086094,0.760074,0.000000,0.000000,0.020485,0.521841,-0.041562,0.002421,0.852026,-0.001705,-0.008926,0.035713,0.000000,0.000000,0.000000,1.000000,-0.000035,0.006361,0.060753,0.543579,0.043470,-0.032974,0.837583,0.000000,0.000000,0.043294,0.637284,-0.003807,-0.012765,0.770514,0.000000,0.000000,0.027785,0.476554,-0.020326,-0.084989,0.874791,-0.001723,-0.005746,0.066089,0.000000,0.000000,0.000000,1.000000,0.015121,-0.006067,0.035073,0.000000,0.000000,0.000000,1.000000,0.002494,-0.000518,0.054380,0.502650,0.074288,-0.094913,0.856047,0.000000,0.000000,0.039330,0.659931,-0.019877,-0.041821,0.749898,0.000000,0.000000,0.026801,0.509566,-0.027572,-0.027907,0.859537,-0.026606,-0.021075,0.037060,0.015285,-0.344331,0.656145,0.671325,0.000000,0.000000,0.032791,0.077342,0.063557,-0.083118,0.991499,0.000000,0.000000,0.034082,-0.060725,-0.065209,0.083550,0.992512,A
0.178633,0.902789,0.204949,-0.271397,-0.135922,-0.043936,0.951808,-0.019224,-0.010718,0.037302,0.000000,0.000000,0.000000,1.000000,-0.004528,0.003339,0.059516,0.500674,0.047900,0.023944,0.863978,0.000000,0.000000,0.038252,0.718064,-0.013548,-0.021698,0.695507,0.000000,0.000000,0.024512,0.457631,0.015617,-0.016870,0.888845,0.023195,-0.009500,0.034365,0.018312,0.140343,-0.207036,0.968042,-0.000002,-0.000001,0.046041,0.413300,0.069707,0.050120,0.906539,0.000000,0.000000,0.030983,0.657348,0.006271,-0.086813,0.748544,0.000000,0.000000,0.020485,0.534985,-0.041151,0.002460,0.843855,-0.002876,-0.008279,0.035121,0.000000,0.000000,0.000000,1.000000,0.001135,0.005714,0.061345,0.546732,0.046599,-0.035061,0.835275,0.000000,0.000000,0.043295,0.646462,-0.003944,-0.012738,0.762830,0.000000,0.000000,0.027785,0.490637,-0.020945,-0.086025,0.866854,-0.002308,-0.005422,0.065793,0.000000,0.000000,0.000000,1.000000,0.015121,-0.006067,0.035073,0.000000,0.000000,0.000000,1.000000,0.002494,-0.000518,0.054380,0.515522,0.073400,-0.096244,0.848284,0.000000,0.000000,0.039330,0.671466,-0.020295,-0.041767,0.739579,0.000000,0.000000,0.026801,0.525189,-0.027367,-0.028595,0.850065,-0.028948,-0.018485,0.035876,-0.063767,-0.332996,0.605644,0.719891,0.000000,0.000000,0.032791,0.078253,0.063476,-0.083114,0.991433,0.000000,0.000000,0.034082,-0.074010,-0.066248,0.083781,0.991521,A
0.180743,0.925062,0.207259,-0.103681,-0.155285,0.022423,0.982158,-0.019233,-0.010707,0.037297,0.000000,0.000000,0.000000,1.000000,-0.004519,0.003328,0.059522,0.501243,0.046009,0.024899,0.863724,0.000000,0.000000,0.038252,0.702651,-0.013037,-0.022020,0.711074,0.000000,0.000000,0.024512,0.444885,0.015994,-0.016913,0.895285,0.023195,-0.009500,0.034365,0.018312,0.140343,-0.207036,0.968042,-0.000002,-0.000001,0.046041,0.418117,0.069241,0.049904,0.904375,0.000000,0.000000,0.030983,0.656658,0.006324,-0.086776,0.749153,0.000000,0.000000,0.020485,0.531102,-0.041274,0.002448,0.846299,-0.002885,-0.008273,0.035116,0.000000,0.000000,0.000000,1.000000,0.001144,0.005708,0.061350,0.545792,0.047370,-0.035446,0.835829,0.000000,0.000000,0.043294,0.624379,-0.003616,-0.012800,0.781009,0.000000,0.000000,0.027785,0.486812,-0.020777,-0.085745,0.869040,-0.002313,-0.005419,0.065790,0.000000,0.000000,0.000000,1.000000,0.015121,-0.006067,0.035073,0.000000,0.000000,0.000000,1.000000,0.002494,-0.000518,0.054380,0.515467,0.072997,-0.096020,0.848378,0.000000,0.000000,0.039330,0.659584,-0.019865,-0.041823,0.750204,0.000000,0.000000,0.026801,0.522222,-0.027407,-0.028465,0.851894,-0.028965,-0.018462,0.035866,-0.060493,-0.337715,0.606030,0.717647,0.000000,0.000000,0.032791,0.077509,0.063542,-0.083117,0.991487,0.000000,0.000000,0.034082,-0.086051,-0.067180,0.083978,0.990470,A
0.186998,0.925659,0.234006,0.082727,-0.245802,0.040738,0.964924,-0.019237,-0.010701,0.037294,0.000000,0.000000,0.000000,1.000000,-0.004515,0.003322,0.059524,0.473243,0.038171,0.029033,0.879625,0.000000,0.000000,0.038252,0.534331,-0.007723,-0.024606,0.844882,0.000000,0.000000,0.024512,0.311493,0.019612,-0.017159,0.949891,0.023195,-0.009500,0.034365,0.018312,0.140343,-0.207036,0.968042,-0.000002,-0.000001,0.046041,0.471468,0.065151,0.047438,0.878193,0.000000,0.000000,0.030983,0.607221,0.009981,-0.084022,0.790015,0.000000,0.000000,0.020485,0.493519,-0.042404,0.002335,0.868698,-0.002889,-0.008270,0.035113,0.000000,0.000000,0.000000,1.000000,0.001149,0.005705,0.061353,0.535558,0.047760,-0.034879,0.842425,0.000000,0.000000,0.043295,0.561646,-0.002710,-0.012916,0.827273,0.000000,0.000000,0.027785,0.455056,-0.019380,-0.083383,0.886338,-0.002315,-0.005418,0.065789,0.000000,0.000000,0.000000,1.000000,0.015121,-0.006067,0.035073,0.000000,0.000000,0.000000,1.000000,0.002494,-0.000518,0.054380,0.515966,0.072612,-0.095882,0.848124,0.000000,0.000000,0.039330,0.616543,-0.018316,-0.041933,0.785991,0.000000,0.000000,0.026801,0.495327,-0.027749,-0.027277,0.867835,-0.028974,-0.018450,0.035860,-0.028507,-0.376938,0.611712,0.694920,0.000000,0.000000,0.032791,0.086501,0.062741,-0.083076,0.990798,0.000000,0.000000,0.034082,-0.086833,-0.067240,0.083990,0.990396,A
0.182373,0.923320,0.255045,0.205054,-0.270079,0.075013,0.937754,-0.019244,-0.010693,0.037290,0.000000,0.000000,0.000000,1.000000,-0.004509,0.003314,0.059528,0.453385,0.019223,0.037488,0.890319,0.000000,0.000000,0.038252,0.404116,-0.003858,-0.025726,0.914338,0.000000,0.000000,0.024512,0.216830,0.021845,-0.017123,0.975815,0.023195,-0.009500,0.034365,0.018312,0.140343,-0.207036,0.968042,-0.000002,-0.000001,0.046041,0.480402,0.065473,0.046552,0.873361,0.000000,0.000000,0.030983,0.473985,0.018856,-0.075702,0.877070,0.000000,0.000000,0.020485,0.393886,-0.044906,0.002027,0.918060,-0.002896,-0.008266,0.035109,0.000000,0.000000,0.000000,1.000000,0.001155,0.005701,0.061356,0.523564,0.045856,-0.032904,0.850115,0.000000,0.000000,0.043295,0.416479,-0.000721,-0.012901,0.909054,0.000000,0.000000,0.027785,0.344123,-0.014509,-0.074652,0.935840,-0.002318,-0.005415,0.065787,0.000000,0.000000,0.000000,1.000000,0.015121,-0.006067,0.035073,0.000000,0.000000,0.000000,1.000000,0.002494,-0.000518,0.054380,0.514301,0.072412,-0.095542,0.849190,0.000000,0.000000,0.039330,0.491695,-0.013883,-0.041579,0.869663,0.000000,0.000000,0.026801,0.405614,-0.028664,-0.023280,0.913298,-0.028987,-0.018434,0.035853,-0.017859,-0.390110,0.613008,0.686817,0.000000,0.000000,0.032791,0.098029,0.061705,-0.083013,0.989794,0.000000,0.000000,0.034082,-0.092054,-0.067642,0.084071,0.989890,A
0.183004,0.924844,0.283952,0.315627,-0.285683,0.076197,0.901643,-0.018655,-0.011398,0.037617,0.000000,0.000000,0.000000,1.000000,-0.005097,0.004018,0.059201,0.448201,-0.010592,0.050279,0.892455,0.000000,0.000000,0.038252,0.285125,-0.000467,-0.026241,0.958131,0.000000,0.000000,0.024512,0.129767,0.023677,-0.016948,0.991117,0.023195,-0.009500,0.034365,0.018312,0.140343,-0.207036,0.968042,-0.000002,-0.000001,0.046041,0.490023,0.071164,0.042584,0.867756,0.000000,0.000000,0.030983,0.334664,0.026928,-0.065897,0.939645,0.000000,0.000000,0.020485,0.232425,-0.047652,0.001509,0.971445,-0.002307,-0.008618,0.035436,0.000000,0.000000,0.000000,1.000000,0.000566,0.006054,0.061030,0.517962,0.038343,-0.028379,0.854072,0.000000,0.000000,0.043294,0.265298,0.001218,-0.012546,0.964084,0.000000,0.000000,0.027785,0.193654,-0.007915,-0.061767,0.979092,-0.002024,-0.005592,0.065950,0.000000,0.000000,0.000000,1.000000,0.015121,-0.006067,0.035073,0.000000,0.000000,0.000000,1.000000,0.002494,-0.000518,0.054380,0.515233,0.073468,-0.096240,0.848455,0.000000,0.000000,0.039330,0.329978,-0.008245,-0.039949,0.943107,0.000000,0.000000,0.026801,0.264207,-0.029488,-0.016882,0.963867,-0.027810,-0.019844,0.036506,0.006576,-0.374152,0.636108,0.674784,0.000000,0.000000,0.032791,0.106975,0.060895,-0.082956,0.988922,0.000000,0.000000,0.034082,-0.098131,-0.068107,0.084163,0.989267,A
0.190777,0.926876,0.297390,0.398672,-0.312585,0.028434,0.861710,-0.017738,-0.012302,0.038020,0.000000,0.000000,0.000000,1.000000,-0.006014,0.004923,0.058798,0.422223,0.001273,0.044005,0.905423,0.000000,0.000000,0.038252,0.201633,0.001842,-0.026350,0.979105,0.000000,0.000000,0.024512,0.064273,0.024920,-0.016733,0.997481,0.023195,-0.009500,0.034365,0.018312,0.140343,-0.207036,0.968042,-0.000002,-0.000001,0.046041,0.496313,0.076321,0.039065,0.863899,0.000000,0.000000,0.030983,0.233984,0.032128,-0.058233,0.969963,0.000000,0.000000,0.020485,0.144004,-0.048550,0.001217,0.988385,-0.001390,-0.009071,0.035839,0.000000,0.000000,0.000000,1.000000,-0.000351,0.006506,0.060626,0.510380,0.036725,-0.027064,0.858738,0.000000,0.000000,0.043294,0.170764,0.002373,-0.012175,0.985234,0.000000,0.000000,0.027785,0.104872,-0.004030,-0.053659,0.993029,-0.001565,-0.005818,0.066152,0.000000,0.000000,0.000000,1.000000,0.015121,-0.006067,0.035073,0.000000,0.000000,0.000000,1.000000,0.002494,-0.000518,0.054380,0.519115,0.074947,-0.097597,0.845800,0.000000,0.000000,0.039330,0.204191,-0.003925,-0.037943,0.978188,0.000000,0.000000,0.026801,0.173749,-0.029665,-0.012733,0.984261,-0.025976,-0.021652,0.037313,0.034492,-0.345725,0.666773,0.659316,0.000000,0.000000,0.032791,0.106685,0.060922,-0.082958,0.988951,0.000000,0.000000,0.034082,-0.096594,-0.067989,0.084140,0.989428,A
0.199059,0.915726,0.319100,0.451566,-0.310025,-0.023137,0.836324,-0.018096,-0.011973,0.037876,0.000000,0.000000,0.000000,1.000000,-0.005657,0.004594,0.058942,0.417324,0.068770,0.017083,0.905991,0.000000,0.000000,0.038252,0.151272,0.003209,-0.026322,0.988136,0.000000,0.000000,0.024512,0.028929,0.025545,-0.016587,0.999117,0.023195,-0.009500,0.034365,0.018312,0.140343,-0.207036,0.968042,-0.000002,-0.000001,0.046041,0.499037,0.077170,0.038314,0.862287,0.000000,0.000000,0.030983,0.168385,0.035259,-0.053004,0.983664,0.000000,0.000000,0.020485,0.081062,-0.048947,0.001005,0.995506,-0.001748,-0.008906,0.035695,0.000000,0.000000,0.000000,1.000000,0.000007,0.006341,0.060771,0.505874,0.056877,-0.037516,0.859913,0.000000,0.000000,0.043294,0.093461,0.003287,-0.011794,0.995548,0.000000,0.000000,0.027785,0.032228,-0.000855,-0.046761,0.998386,-0.001744,-0.005736,0.066080,0.000000,0.000000,0.000000,1.000000,0.015121,-0.006067,0.035073,0.000000,0.000000,0.000000,1.000000,0.002494,-0.000518,0.054380,0.525034,0.079244,-0.100842,0.841363,0.000000,0.000000,0.039330,0.111134,-0.000763,-0.036090,0.993150,0.000000,0.000000,0.026801,0.108446,-0.029635,-0.009713,0.993613,-0.026691,-0.020994,0.037024,0.072770,-0.407403,0.655962,0.631222,0.000000,0.000000,0.032791,0.133399,0.058468,-0.082748,0.985870,0.000000,0.000000,0.034082,-0.090386,-0.067514,0.084046,0.990055,A
0.202684,0.910063,0.341091,0.474222,-0.331163,-0.041057,0.814714,-0.018362,-0.011709,0.037758,0.000000,0.000000,0.000000,1.000000,-0.005390,0.004330,0.059060,0.394907,0.095924,0.007847,0.913666,0.000000,0.000000,0.038252,0.098729,0.004614,-0.026221,0.994758,0.000000,0.000000,0.024512,0.020759,0.025684,-0.016550,0.999318,0.023195,-0.009500,0.034365,0.018312,0.140343,-0.207036,0.968042,-0.000002,-0.000001,0.046041,0.508319,0.085762,0.032278,0.856280,0.000000,0.000000,0.030983,0.131879,0.036917,-0.050017,0.989315,0.000000,0.000000,0.020485,0.048328,-0.049075,0.000894,0.997625,-0.002014,-0.008774,0.035577,0.000000,0.000000,0.000000,1.000000,0.000273,0.006209,0.060889,0.502374,0.076705,-0.047697,0.859920,0.000000,0.000000,0.043295,0.047345,0.003820,-0.011533,0.998805,0.000000,0.000000,0.027785,-0.002121,0.000645,-0.043417,0.999055,-0.001877,-0.005670,0.066021,0.000000,0.000000,0.000000,1.000000,0.015121,-0.006067,0.035073,0.000000,0.000000,0.000000,1.000000,0.002494,-0.000518,0.054380,0.538692,0.091348,-0.109972,0.830285,0.000000,0.000000,0.039330,0.062764,0.000871,-0.035010,0.997414,0.000000,0.000000,0.026801,0.074292,-0.029569,-0.008125,0.996765,-0.027223,-0.020466,0.036788,0.086085,-0.438945,0.646962,0.617541,0.000000,0.000000,0.032791,0.147923,0.057113,-0.082609,0.983887,0.000000,0.000000,0.034082,-0.086705,-0.067231,0.083988,0.990408,A
0.205636,0.900526,0.356518,0.538163,-0.392596,-0.136969,0.733136,-0.018285,-0.011787,0.037793,0.000000,0.000000,0.000000,1.000000,-0.005467,0.004408,0.059025,0.280178,0.087053,0.018109,0.955821,0.000000,0.000000,0.038252,0.036605,0.006250,-0.026008,0.998972,0.000000,0.000000,0.024512,-0.002625,0.026074,-0.016439,0.999521,0.023195,-0.009500,0.034365,0.018312,0.140343,-0.207036,0.968042,-0.000002,-0.000001,0.046041,0.395953,0.095911,0.040120,0.912367,0.000000,0.000000,0.030983,0.120915,0.037404,-0.049110,0.990742,0.000000,0.000000,0.020485,0.044835,-0.049085,0.000882,0.997787,-0.001937,-0.008813,0.035612,0.000000,0.000000,0.000000,1.000000,0.000196,0.006248,0.060854,0.367863,0.093386,-0.039863,0.924320,0.000000,0.000000,0.043294,0.019274,0.004139,-0.011363,0.999741,0.000000,0.000000,0.027785,-0.020763,0.001459,-0.041581,0.998918,-0.001839,-0.005689,0.066039,0.000000,0.000000,0.000000,1.000000,0.015121,-0.006067,0.035073,0.000000,0.000000,0.000000,1.000000,0.002494,-0.000518,0.054380,0.417815,0.112409,-0.099593,0.896034,0.000000,0.000000,0.039330,0.028048,0.002039,-0.034185,0.999020,0.000000,0.000000,0.026801,0.063115,-0.029539,-0.007605,0.997540,-0.027069,-0.020623,0.036858,0.087833,-0.435443,0.649339,0.617280,0.000000,0.000000,0.032791,0.155284,0.056420,-0.082531,0.982798,0.000000,0.000000,0.034082,-0.081435,-0.066824,0.083904,0.990890,A
0.205472,0.905721,0.355316,0.518737,-0.427808,-0.100011,0.733410,-0.018878,-0.011144,0.037500,0.000000,0.000000,0.000000,1.000000,-0.004874,0.003765,0.059318,0.138168,-0.007620,0.034131,0.989791,0.000000,0.000000,0.038252,0.022318,0.006623,-0.025945,0.999392,0.000000,0.000000,0.024512,-0.010375,0.026201,-0.016400,0.999468,0.023195,-0.009500,0.034365,0.018312,0.140343,-0.207036,0.968042,-0.000002,-0.000001,0.046041,0.301236,0.059541,0.063796,0.949548,0.000000,0.000000,0.030983,0.106214,0.038048,-0.047886,0.992461,0.000000,0.000000,0.020485,0.040348,-0.049098,0.000866,0.997978,-0.002530,-0.008492,0.035319,0.000000,0.000000,0.000000,1.000000,0.000790,0.005927,0.061146,0.272994,0.080867,-0.026896,0.958234,0.000000,0.000000,0.043294,0.015455,0.004182,-0.011339,0.999808,0.000000,0.000000,0.027785,-0.020855,0.001463,-0.041572,0.998917,-0.002135,-0.005528,0.065892,0.000000,0.000000,0.000000,1.000000,0.015121,-0.006067,0.035073,0.000000,0.000000,0.000000,1.000000,0.002494,-0.000518,0.054380,0.328766,0.102385,-0.083322,0.935140,0.000000,0.000000,0.039330,0.025116,0.002138,-0.034114,0.999100,0.000000,0.000000,0.026801,0.047089,-0.029491,-0.006857,0.998432,-0.028256,-0.019336,0.036273,0.057901,-0.446852,0.630660,0.631854,0.000000,0.000000,0.032791,0.155251,0.056423,-0.082531,0.982803,0.000000,0.000000,0.034082,-0.080969,-0.066788,0.083896,0.990931,A
0.183299,0.930561,0.303916,0.407558,-0.356582,0.047838,0.839320,-0.018953,-0.011056,0.037459,0.000000,0.000000,0.000000,1.000000,-0.004799,0.003677,0.059359,-0.024776,-0.041195,0.024977,0.998532,0.000000,0.000000,0.038252,0.020054,0.006681,-0.025934,0.999440,0.000000,0.000000,0.024512,-0.031879,0.026543,-0.016287,0.999007,0.023195,-0.009500,0.034365,0.018312,0.140343,-0.207036,0.968042,-0.000002,-0.000001,0.046041,0.149144,0.025460,0.082557,0.985034,0.000000,0.000000,0.030983,0.070692,0.039566,-0.044892,0.995702,0.000000,0.000000,0.020485,0.025888,-0.049132,0.000817,0.998456,-0.002605,-0.008448,0.035278,0.000000,0.000000,0.000000,1.000000,0.000864,0.005883,0.061187,0.094783,-0.001102,-0.008377,0.995462,0.000000,0.000000,0.043294,0.013742,0.004202,-0.011328,0.999833,0.000000,0.000000,0.027785,-0.022003,0.001513,-0.041458,0.998897,-0.002173,-0.005506,0.065872,0.000000,0.000000,0.000000,1.000000,0.015121,-0.006067,0.035073,0.000000,0.000000,0.000000,1.000000,0.002494,-0.000518,0.054380,0.138548,0.047388,-0.057192,0.987567,0.000000,0.000000,0.039330,0.022610,0.002222,-0.034052,0.999162,0.000000,0.000000,0.026801,0.039012,-0.029464,-0.006480,0.998783,-0.028405,-0.019160,0.036192,0.016566,-0.407051,0.626783,0.664212,0.000000,0.000000,0.032791,0.155642,0.056386,-0.082527,0.982744,0.000000,0.000000,0.034082,-0.077051,-0.066484,0.083832,0.991270,A
0.162631,0.936005,0.264698,0.330096,-0.308869,0.102335,0.886095,-0.019395,-0.010490,0.037194,0.000000,0.000000,0.000000,1.000000,-0.004357,0.003111,0.059624,-0.076139,-0.024651,0.023651,0.996512,0.000000,0.000000,0.038252,0.018410,0.006724,-0.025927,0.999472,0.000000,0.000000,0.024512,-0.047568,0.026784,-0.016200,0.998377,0.023195,-0.009500,0.034365,0.018312,0.140343,-0.207036,0.968042,-0.000002,-0.000001,0.046041,0.086416,0.022348,0.086792,0.992220,0.000000,0.000000,0.030983,0.069075,0.039633,-0.044754,0.995819,0.000000,0.000000,0.020485,0.018096,-0.049146,0.000790,0.998627,-0.003047,-0.008165,0.035013,0.000000,0.000000,0.000000,1.000000,0.001307,0.005600,0.061452,-0.014881,0.001034,-0.008973,0.999849,0.000000,0.000000,0.043295,0.012200,0.004219,-0.011319,0.999853,0.000000,0.000000,0.027785,-0.036649,0.002153,-0.040004,0.998525,-0.002394,-0.005365,0.065739,0.000000,0.000000,0.000000,1.000000,0.015121,-0.006067,0.035073,0.000000,0.000000,0.000000,1.000000,0.002494,-0.000518,0.054380,0.051956,0.054889,-0.053599,0.995698,0.000000,0.000000,0.039330,0.020948,0.002277,-0.034012,0.999199,0.000000,0.000000,0.026801,0.013085,-0.029363,-0.005266,0.999469,-0.029290,-0.018029,0.035662,-0.018363,-0.402025,0.607378,0.684931,0.000000,0.000000,0.032791,0.126789,0.059080,-0.082806,0.986700,0.000000,0.000000,0.034082,-0.133006,-0.070731,0.084628,0.984959,A
0.149523,0.920585,0.236509,0.223662,-0.240464,0.154404,0.931833,-0.019819,-0.009867,0.036896,0.000000,0.000000,0.000000,1.000000,-0.003934,0.002488,0.059922,-0.066620,-0.024733,0.024141,0.997180,0.000000,0.000000,0.038252,0.016910,0.006763,-0.025919,0.999498,0.000000,0.000000,0.024512,-0.047940,0.026790,-0.016198,0.998360,0.023195,-0.009500,0.034365,0.018312,0.140343,-0.207036,0.968042,-0.000002,-0.000001,0.046041,0.050731,0.059802,0.087242,0.993096,0.000000,0.000000,0.030983,0.059218,0.040044,-0.043914,0.996474,0.000000,0.000000,0.020485,0.000322,-0.049167,0.000729,0.998790,-0.003470,-0.007853,0.034715,0.000000,0.000000,0.000000,1.000000,0.001730,0.005288,0.061750,-0.041946,0.012204,-0.008153,0.999012,0.000000,0.000000,0.043294,0.010793,0.004235,-0.011310,0.999869,0.000000,0.000000,0.027785,-0.040675,0.002328,-0.039603,0.998385,-0.002606,-0.005209,0.065590,0.000000,0.000000,0.000000,1.000000,0.015121,-0.006067,0.035073,0.000000,0.000000,0.000000,1.000000,0.002494,-0.000518,0.054380,0.001818,0.060670,-0.051054,0.996850,0.000000,0.000000,0.039330,0.019433,0.002328,-0.033974,0.999231,0.000000,0.000000,0.026801,0.002358,-0.029316,-0.004764,0.999556,-0.030136,-0.016782,0.035065,-0.027214,-0.429764,0.589773,0.683177,0.000000,0.000000,0.032791,0.046283,0.066280,-0.083208,0.993248,0.000000,0.000000,0.034082,-0.165803,-0.073130,0.084971,0.979766,A
0.159447,0.897064,0.249272,0.130639,-0.210621,0.118650,0.961506,-0.020053,-0.009476,0.036706,0.000000,0.000000,0.000000,1.000000,-0.003700,0.002097,0.060112,-0.064767,-0.061615,0.019582,0.995804,0.000000,0.000000,0.038252,0.015567,0.006798,-0.025913,0.999520,0.000000,0.000000,0.024512,-0.046974,0.026775,-0.016203,0.998406,0.023195,-0.009500,0.034365,0.018312,0.140343,-0.207036,0.968042,-0.000002,-0.000001,0.046041,0.034861,0.111375,0.086476,0.989395,0.000000,0.000000,0.030983,0.055040,0.040217,-0.043557,0.996723,0.000000,0.000000,0.020485,-0.000128,-0.049167,0.000727,0.998790,-0.003704,-0.007658,0.034525,0.000000,0.000000,0.000000,1.000000,0.001964,0.005093,0.061940,-0.055064,0.079988,-0.001291,0.995273,0.000000,0.000000,0.043295,0.009534,0.004249,-0.011302,0.999882,0.000000,0.000000,0.027785,-0.040889,0.002338,-0.039581,0.998377,-0.002723,-0.005111,0.065495,0.000000,0.000000,0.000000,1.000000,0.015121,-0.006067,0.035073,0.000000,0.000000,0.000000,1.000000,0.002494,-0.000518,0.054380,0.004182,0.120249,-0.048127,0.991568,0.000000,0.000000,0.039330,0.018076,0.002374,-0.033941,0.999258,0.000000,0.000000,0.026801,0.003477,-0.029321,-0.004816,0.999553,-0.030604,-0.016001,0.034685,-0.002485,-0.484150,0.583456,0.652052,0.000000,0.000000,0.032791,0.000025,0.070209,-0.083192,0.994057,0.000000,0.000000,0.034082,-0.169071,-0.073365,0.085000,0.979187,A
0.150082,0.882979,0.247890,0.032365,-0.147453,0.155869,0.976174,-0.020302,-0.009012,0.036478,0.000000,0.000000,0.000000,1.000000,-0.003450,0.001633,0.060340,-0.075863,-0.112793,0.011276,0.990654,0.000000,0.000000,0.038252,0.014274,0.006832,-0.025907,0.999539,0.000000,0.000000,0.024512,-0.047651,0.026786,-0.016200,0.998373,0.023195,-0.009500,0.034365,0.018312,0.140343,-0.207036,0.968042,-0.000002,-0.000001,0.046041,0.031869,0.191041,0.081858,0.977644,0.000000,0.000000,0.030983,0.033272,0.041106,-0.041684,0.997730,0.000000,0.000000,0.020485,-0.001772,-0.049169,0.000722,0.998789,-0.003954,-0.007426,0.034297,0.000000,0.000000,0.000000,1.000000,0.002213,0.004861,0.062169,-0.071452,0.103276,0.002698,0.992079,0.000000,0.000000,0.043294,0.008321,0.004263,-0.011294,0.999893,0.000000,0.000000,0.027785,-0.049661,0.002721,-0.038704,0.998012,-0.002847,-0.004995,0.065381,0.000000,0.000000,0.000000,1.000000,0.015121,-0.006067,0.035073,0.000000,0.000000,0.000000,1.000000,0.002494,-0.000518,0.054380,0.008764,0.182319,-0.045129,0.982164,0.000000,0.000000,0.039330,0.016770,0.002418,-0.033909,0.999281,0.000000,0.000000,0.026801,0.003217,-0.029320,-0.004804,0.999553,-0.031103,-0.015072,0.034228,-0.007946,-0.506486,0.572013,0.645144,0.000000,0.000000,0.032791,-0.034744,0.073062,-0.083062,0.993255,0.000000,0.000000,0.034082,-0.170858,-0.073493,0.085016,0.978866,A
0.141504,0.868343,0.239451,-0.074950,-0.110642,0.217517,0.966865,-0.020655,-0.008232,0.036088,0.000000,0.000000,0.000000,1.000000,-0.003097,0.000853,0.060730,-0.076973,-0.145758,0.006198,0.986302,0.000000,0.000000,0.038252,0.013193,0.006860,-0.025902,0.999554,0.000000,0.000000,0.024512,-0.049203,0.026809,-0.016191,0.998298,0.023195,-0.009500,0.034365,0.018312,0.140343,-0.207036,0.968042,-0.000002,-0.000001,0.046041,0.111694,0.252279,0.052268,0.959764,0.000000,0.000000,0.030983,0.033389,0.041101,-0.041694,0.997726,0.000000,0.000000,0.020485,-0.002794,-0.049169,0.000718,0.998786,-0.004307,-0.007036,0.033907,0.000000,0.000000,0.000000,1.000000,0.002566,0.004471,0.062559,-0.073906,0.105611,0.003225,0.991652,0.000000,0.000000,0.043294,0.007307,0.004274,-0.011288,0.999901,0.000000,0.000000,0.027785,-0.062620,0.003286,-0.037402,0.997331,-0.003024,-0.004800,0.065186,0.000000,0.000000,0.000000,1.000000,0.015121,-0.006067,0.035073,0.000000,0.000000,0.000000,1.000000,0.002494,-0.000518,0.054380,0.055824,0.233013,-0.052551,0.969447,0.000000,0.000000,0.039330,0.015678,0.002454,-0.033882,0.999300,0.000000,0.000000,0.026801,0.002807,-0.029318,-0.004785,0.999555,-0.031809,-0.013512,0.033448,-0.084358,-0.455228,0.539556,0.703229,0.000000,0.000000,0.032791,-0.059788,0.075064,-0.082906,0.991926,0.000000,0.000000,0.034082,-0.171754,-0.073558,0.085024,0.978704,A
0.140787,0.854236,0.232298,-0.210662,-0.117287,0.220038,0.945224,-0.020741,-0.008012,0.035976,0.000000,0.000000,0.000000,1.000000,-0.003012,0.000632,0.060842,-0.072629,-0.165408,0.004060,0.983539,0.000000,0.000000,0.038252,0.015523,0.006799,-0.025913,0.999521,0.000000,0.000000,0.024512,-0.048593,0.026800,-0.016194,0.998328,0.023195,-0.009500,0.034365,0.018312,0.140343,-0.207036,0.968042,-0.000002,-0.000001,0.046041,0.162808,0.275629,0.030809,0.946876,0.000000,0.000000,0.030983,0.039458,0.040855,-0.042218,0.997493,0.000000,0.000000,0.020485,-0.002999,-0.049169,0.000717,0.998786,-0.004392,-0.006925,0.033795,0.000000,0.000000,0.000000,1.000000,0.002652,0.004361,0.062671,-0.054328,0.036683,-0.005665,0.997833,0.000000,0.000000,0.043294,0.006383,0.004285,-0.011282,0.999907,0.000000,0.000000,0.027785,-0.064923,0.003387,-0.037170,0.997192,-0.003067,-0.004745,0.065130,0.000000,0.000000,0.000000,1.000000,0.015121,-0.006067,0.035073,0.000000,0.000000,0.000000,1.000000,0.002494,-0.000518,0.054380,0.131150,0.234577,-0.070245,0.960645,0.000000,0.000000,0.039330,0.015872,0.002448,-0.033887,0.999297,0.000000,0.000000,0.026801,0.002696,-0.029317,-0.004779,0.999555,-0.031980,-0.013071,0.033224,-0.174041,-0.333463,0.499129,0.780630,0.000000,0.000000,0.032791,-0.026795,0.072417,-0.083101,0.993545,0.000000,0.000000,0.034082,-0.163862,-0.072990,0.084954,0.980104,A
0.141110,0.851707,0.229948,-0.316316,-0.162562,0.212396,0.910168,-0.019965,-0.009627,0.036780,0.000000,0.000000,0.000000,1.000000,-0.003787,0.002248,0.060038,-0.040880,-0.174638,0.009309,0.983740,0.000000,0.000000,0.038252,0.081163,0.005080,-0.026171,0.996344,0.000000,0.000000,0.024512,-0.030238,0.026517,-0.016296,0.999058,0.023195,-0.009500,0.034365,0.018312,0.140343,-0.207036,0.968042,-0.000002,-0.000001,0.046041,0.070546,0.277400,0.061076,0.956212,0.000000,0.000000,0.030983,0.045055,0.040627,-0.042700,0.997244,0.000000,0.000000,0.020485,-0.005281,-0.049170,0.000710,0.998776,-0.003617,-0.007733,0.034599,0.000000,0.000000,0.000000,1.000000,0.001877,0.005168,0.061867,-0.024171,0.021741,-0.007615,0.999442,0.000000,0.000000,0.043294,0.023380,0.004093,-0.011388,0.999653,0.000000,0.000000,0.027785,-0.064439,0.003366,-0.037219,0.997222,-0.002679,-0.005149,0.065532,0.000000,0.000000,0.000000,1.000000,0.015121,-0.006067,0.035073,0.000000,0.000000,0.000000,1.000000,0.002494,-0.000518,0.054380,0.144732,0.172361,-0.068572,0.971927,0.000000,0.000000,0.039330,0.072621,0.000539,-0.035236,0.996737,0.000000,0.000000,0.026801,0.004448,-0.029325,-0.004862,0.999548,-0.030430,-0.016302,0.034832,-0.166720,-0.255297,0.541828,0.783231,0.000000,0.000000,0.032791,0.098839,0.061632,-0.083008,0.989718,0.000000,0.000000,0.034082,-0.150902,-0.072048,0.084827,0.982264,A
0.141549,0.866934,0.234539,-0.391821,-0.154121,0.251689,0.871422,-0.019538,-0.010291,0.037100,0.000000,0.000000,0.000000,1.000000,-0.004214,0.002912,0.059718,-0.042524,-0.137903,0.013235,0.989444,0.000000,0.000000,0.038252,0.065415,0.005495,-0.026119,0.997501,0.000000,0.000000,0.024512,-0.029110,0.026499,-0.016302,0.999092,0.023195,-0.009500,0.034365,0.018312,0.140343,-0.207036,0.968042,-0.000002,-0.000001,0.046041,-0.043014,0.221529,0.099959,0.969063,0.000000,0.000000,0.030983,0.060005,0.040012,-0.043981,0.996426,0.000000,0.000000,0.020485,-0.007373,-0.049171,0.000702,0.998763,-0.003190,-0.008065,0.034919,0.000000,0.000000,0.000000,1.000000,0.001449,0.005500,0.061547,0.044439,0.023974,-0.008717,0.998686,0.000000,0.000000,0.043294,0.024290,0.004082,-0.011394,0.999632,0.000000,0.000000,0.027785,-0.064998,0.003390,-0.037162,0.997187,-0.002465,-0.005315,0.065692,0.000000,0.000000,0.000000,1.000000,0.015121,-0.006067,0.035073,0.000000,0.000000,0.000000,1.000000,0.002494,-0.000518,0.054380,0.144327,0.146905,-0.066393,0.976310,0.000000,0.000000,0.039330,0.107877,-0.000652,-0.036020,0.993511,0.000000,0.000000,0.026801,0.012313,-0.029360,-0.005230,0.999479,-0.029575,-0.017630,0.035472,-0.157695,-0.233224,0.564087,0.776238,0.000000,0.000000,0.032791,0.080273,0.063297,-0.083106,0.991284,0.000000,0.000000,0.034082,-0.151021,-0.072057,0.084828,0.982245,A
0.144117,0.871847,0.236896,-0.439239,-0.139824,0.269204,0.845605,-0.019533,-0.010298,0.037103,0.000000,0.000000,0.000000,1.000000,-0.004219,0.002919,0.059715,0.011653,-0.091790,0.024980,0.995397,0.000000,0.000000,0.038252,0.063795,0.005538,-0.026114,0.997606,0.000000,0.000000,0.024512,-0.026373,0.026456,-0.016317,0.999169,0.023195,-0.009500,0.034365,0.018312,0.140343,-0.207036,0.968042,-0.000002,-0.000001,0.046041,-0.083330,0.200874,0.110481,0.969794,0.000000,0.000000,0.030983,0.072354,0.039496,-0.045033,0.995579,0.000000,0.000000,0.020485,-0.009007,-0.049172,0.000697,0.998750,-0.003185,-0.008069,0.034922,0.000000,0.000000,0.000000,1.000000,0.001444,0.005504,0.061543,0.080287,0.041238,-0.010018,0.995868,0.000000,0.000000,0.043294,0.055742,0.003723,-0.011582,0.998371,0.000000,0.000000,0.027785,-0.064365,0.003362,-0.037226,0.997226,-0.002463,-0.005317,0.065694,0.000000,0.000000,0.000000,1.000000,0.015121,-0.006067,0.035073,0.000000,0.000000,0.000000,1.000000,0.002494,-0.000518,0.054380,0.148834,0.134297,-0.065931,0.977479,0.000000,0.000000,0.039330,0.155345,-0.002262,-0.037008,0.987164,0.000000,0.000000,0.026801,0.024591,-0.029410,-0.005805,0.999248,-0.029565,-0.017644,0.035479,-0.162689,-0.225823,0.562206,0.778756,0.000000,0.000000,0.032791,0.068254,0.064361,-0.083153,0.992111,0.000000,0.000000,0.034082,-0.151725,-0.072108,0.084835,0.982132,A
0.147943,0.871861,0.241891,-0.483108,-0.103138,0.304750,0.814308,-0.019546,-0.010279,0.037094,0.000000,0.000000,0.000000,1.000000,-0.004206,0.002900,0.059724,0.108036,-0.045138,0.034755,0.992513,0.000000,0.000000,0.038252,0.162180,0.002914,-0.026334,0.986406,0.000000,0.000000,0.024512,0.010774,0.025853,-0.016504,0.999472,0.023195,-0.009500,0.034365,0.018312,0.140343,-0.207036,0.968042,-0.000002,-0.000001,0.046041,-0.095992,0.191013,0.113245,0.970297,0.000000,0.000000,0.030983,0.073477,0.039448,-0.045128,0.995494,0.000000,0.000000,0.020485,-0.010490,-0.049172,0.000692,0.998735,-0.003198,-0.008059,0.034913,0.000000,0.000000,0.000000,1.000000,0.001457,0.005494,0.061552,0.163356,0.052645,-0.014480,0.985055,0.000000,0.000000,0.043294,0.150704,0.002613,-0.012083,0.988502,0.000000,0.000000,0.027785,-0.021450,0.001489,-0.041513,0.998907,-0.002469,-0.005312,0.065689,0.000000,0.000000,0.000000,1.000000,0.015121,-0.006067,0.035073,0.000000,0.000000,0.000000,1.000000,0.002494,-0.000518,0.054380,0.239322,0.123756,-0.076669,0.959964,0.000000,0.000000,0.039330,0.228109,-0.004743,-0.038370,0.972868,0.000000,0.000000,0.026801,0.041532,-0.029472,-0.006597,0.998681,-0.029591,-0.017606,0.035461,-0.164800,-0.223831,0.560758,0.779931,0.000000,0.000000,0.032791,0.063971,0.064738,-0.083167,0.992371,0.000000,0.000000,0.034082,-0.152934,-0.072197,0.084848,0.981937,A
0.150073,0.873369,0.253611,-0.505476,-0.065672,0.371678,0.775910,-0.019559,-0.010260,0.037085,0.000000,0.000000,0.000000,1.000000,-0.004193,0.002881,0.059733,0.200825,-0.040326,0.041529,0.977916,0.000000,0.000000,0.038252,0.240875,0.000764,-0.026323,0.970199,0.000000,0.000000,0.024512,0.064292,0.024920,-0.016733,0.997480,0.023195,-0.009500,0.034365,0.018312,0.140343,-0.207036,0.968042,-0.000002,-0.000001,0.046041,-0.105509,0.174385,0.114483,0.972292,0.000000,0.000000,0.030983,0.087863,0.038839,-0.046345,0.994296,0.000000,0.000000,0.020485,-0.011942,-0.049173,0.000687,0.998719,-0.003211,-0.008050,0.034904,0.000000,0.000000,0.000000,1.000000,0.001471,0.005485,0.061562,0.242048,0.051704,-0.018329,0.968712,0.000000,0.000000,0.043294,0.232602,0.001622,-0.012430,0.972491,0.000000,0.000000,0.027785,0.053806,-0.001798,-0.048834,0.997355,-0.002476,-0.005307,0.065685,0.000000,0.000000,0.000000,1.000000,0.015121,-0.006067,0.035073,0.000000,0.000000,0.000000,1.000000,0.002494,-0.000518,0.054380,0.237590,0.112364,-0.074317,0.961978,0.000000,0.000000,0.039330,0.277116,-0.006423,-0.039179,0.960016,0.000000,0.000000,0.026801,0.073378,-0.029567,-0.008083,0.996833,-0.029618,-0.017568,0.035443,-0.170227,-0.217107,0.557847,0.782748,0.000000,0.000000,0.032791,0.063082,0.064816,-0.083170,0.992423,0.000000,0.000000,0.034082,-0.149149,-0.071920,0.084809,0.982543,A
0.157244,0.868386,0.267512,-0.569179,-0.093043,0.392408,0.716516,-0.018509,-0.011555,0.037688,0.000000,0.000000,0.000000,1.000000,-0.005243,0.004176,0.059130,0.231977,-0.024222,0.041126,0.971550,0.000000,0.000000,0.038252,0.361809,-0.002638,-0.025960,0.931887,0.000000,0.000000,0.024512,0.124477,0.023781,-0.016934,0.991793,0.023195,-0.009500,0.034365,0.018312,0.140343,-0.207036,0.968042,-0.000002,-0.000001,0.046041,-0.119616,0.190146,0.119213,0.967122,0.000000,0.000000,0.030983,0.206181,0.033479,-0.056039,0.976334,0.000000,0.000000,0.020485,0.017146,-0.049148,0.000787,0.998644,-0.002161,-0.008697,0.035507,0.000000,0.000000,0.000000,1.000000,0.000421,0.006132,0.060958,0.285538,0.050013,-0.020218,0.956848,0.000000,0.000000,0.043294,0.388497,-0.000353,-0.012859,0.921360,0.000000,0.000000,0.027785,0.164084,-0.006620,-0.059107,0.984652,-0.001951,-0.005631,0.065986,0.000000,0.000000,0.000000,1.000000,0.015121,-0.006067,0.035073,0.000000,0.000000,0.000000,1.000000,0.002494,-0.000518,0.054380,0.254119,0.111200,-0.076130,0.957738,0.000000,0.000000,0.039330,0.439826,-0.012063,-0.041185,0.897057,0.000000,0.000000,0.026801,0.214913,-0.029617,-0.014626,0.976074,-0.027518,-0.020159,0.036649,-0.081431,-0.262717,0.626684,0.729120,0.000000,0.000000,0.032791,0.068963,0.064299,-0.083151,0.992066,0.000000,0.000000,0.034082,-0.061702,-0.065286,0.083568,0.992445,A
0.160581,0.868670,0.271212,-0.594219,-0.119533,0.404248,0.684981,-0.017959,-0.012102,0.037933,0.000000,0.000000,0.000000,1.000000,-0.005793,0.004723,0.058885,0.175034,-0.021283,0.037302,0.983625,0.000000,0.000000,0.038252,0.417408,-0.004244,-0.025640,0.908347,0.000000,0.000000,0.024512,0.186749,0.022501,-0.017077,0.982001,0.023195,-0.009500,0.034365,0.018312,0.140343,-0.207036,0.968042,-0.000002,-0.000001,0.046041,-0.132055,0.196088,0.123003,0.963837,0.000000,0.000000,0.030983,0.248104,0.031428,-0.059335,0.966404,0.000000,0.000000,0.020485,0.082001,-0.048942,0.001008,0.995429,-0.001611,-0.008971,0.035752,0.000000,0.000000,0.000000,1.000000,-0.000130,0.006406,0.060714,0.274094,0.063208,-0.022769,0.959353,0.000000,0.000000,0.043294,0.505723,-0.001927,-0.012953,0.862596,0.000000,0.000000,0.027785,0.276027,-0.011523,-0.068961,0.958604,-0.001676,-0.005768,0.066108,0.000000,0.000000,0.000000,1.000000,0.015121,-0.006067,0.035073,0.000000,0.000000,0.000000,1.000000,0.002494,-0.000518,0.054380,0.248311,0.115934,-0.076349,0.958682,0.000000,0.000000,0.039330,0.525967,-0.015092,-0.041765,0.849345,0.000000,0.000000,0.026801,0.295455,-0.029366,-0.018305,0.954730,-0.026417,-0.021252,0.037138,0.014588,-0.337852,0.659017,0.671818,0.000000,0.000000,0.032791,0.109296,0.060684,-0.082940,0.988682,0.000000,0.000000,0.034082,0.016366,-0.058966,0.081920,0.994758,A
0.163215,0.868373,0.272005,-0.601622,-0.162553,0.376537,0.685454,-0.017939,-0.012121,0.037941,0.000000,0.000000,0.000000,1.000000,-0.005814,0.004742,0.058877,0.138877,-0.013697,0.034658,0.989608,0.000000,0.000000,0.038252,0.485057,-0.006239,-0.025105,0.874100,0.000000,0.000000,0.024512,0.254491,0.020988,-0.017157,0.966695,0.023195,-0.009500,0.034365,0.018312,0.140343,-0.207036,0.968042,-0.000002,-0.000001,0.046041,-0.106890,0.159304,0.113660,0.974822,0.000000,0.000000,0.030983,0.251399,0.031263,-0.059591,0.965542,0.000000,0.000000,0.020485,0.110640,-0.048785,0.001105,0.992662,-0.001590,-0.008980,0.035760,0.000000,0.000000,0.000000,1.000000,-0.000150,0.006415,0.060705,0.236763,0.074281,-0.022526,0.968462,0.000000,0.000000,0.043295,0.602394,-0.003295,-0.012851,0.798089,0.000000,0.000000,0.027785,0.372238,-0.015743,-0.076931,0.924810,-0.001666,-0.005773,0.066113,0.000000,0.000000,0.000000,1.000000,0.015121,-0.006067,0.035073,0.000000,0.000000,0.000000,1.000000,0.002494,-0.000518,0.054380,0.215114,0.120161,-0.072854,0.966426,0.000000,0.000000,0.039330,0.587917,-0.017292,-0.041935,0.807649,0.000000,0.000000,0.026801,0.362022,-0.028994,-0.021320,0.931475,-0.026376,-0.021291,0.037155,0.092753,-0.417557,0.659911,0.617706,0.000000,0.000000,0.032791,0.221553,0.050001,-0.081617,0.970440,0.000000,0.000000,0.034082,0.107920,-0.051083,0.079342,0.989671,A
0.166030,0.867282,0.277421,-0.587030,-0.175210,0.375868,0.695285,-0.017894,-0.012162,0.037959,0.000000,0.000000,0.000000,1.000000,-0.005858,0.004783,0.058859,0.145073,0.023739,0.031602,0.988631,0.000000,0.000000,0.038252,0.512585,-0.007065,-0.024838,0.858248,0.000000,0.000000,0.024512,0.274838,0.020507,-0.017165,0.961119,0.023195,-0.009500,0.034365,0.018312,0.140343,-0.207036,0.968042,-0.000002,-0.000001,0.046041,-0.096377,0.134723,0.109618,0.980074,0.000000,0.000000,0.030983,0.242610,0.031701,-0.058907,0.967815,0.000000,0.000000,0.020485,0.114515,-0.048761,0.001118,0.992223,-0.001546,-0.009001,0.035778,0.000000,0.000000,0.000000,1.000000,-0.000195,0.006436,0.060687,0.243214,0.073317,-0.022820,0.966929,0.000000,0.000000,0.043294,0.644461,-0.003914,-0.012744,0.764521,0.000000,0.000000,0.027785,0.410294,-0.017414,-0.079946,0.908275,-0.001643,-0.005783,0.066122,0.000000,0.000000,0.000000,1.000000,0.015121,-0.006067,0.035073,0.000000,0.000000,0.000000,1.000000,0.002494,-0.000518,0.054380,0.214642,0.118725,-0.072563,0.966731,0.000000,0.000000,0.039330,0.610508,-0.018100,-0.041938,0.790692,0.000000,0.000000,0.026801,0.382195,-0.028850,-0.022228,0.923364,-0.026287,-0.021373,0.037191,0.125824,-0.447376,0.658255,0.592219,0.000000,0.000000,0.032791,0.273188,0.044768,-0.080630,0.957530,0.000000,0.000000,0.034082,0.174515,-0.045023,0.077022,0.980604,A
0.167993,0.868108,0.276190,-0.575207,-0.195140,0.409357,0.680797,-0.017742,-0.012299,0.038019,0.000000,0.000000,0.000000,1.000000,-0.006010,0.004920,0.058799,0.246303,0.038706,0.029743,0.967963,0.000000,0.000000,0.038252,0.508311,-0.006936,-0.024882,0.860786,0.000000,0.000000,0.024512,0.273119,0.020548,-0.017164,0.961608,0.023195,-0.009500,0.034365,0.018312,0.140343,-0.207036,0.968042,-0.000002,-0.000001,0.046041,-0.095967,0.128400,0.109075,0.981023,0.000000,0.000000,0.030983,0.202584,0.033651,-0.055752,0.977097,0.000000,0.000000,0.020485,0.099895,-0.048849,0.001069,0.993798,-0.001394,-0.009069,0.035838,0.000000,0.000000,0.000000,1.000000,-0.000347,0.006504,0.060628,0.321676,0.068826,-0.027658,0.943940,0.000000,0.000000,0.043294,0.623501,-0.003603,-0.012802,0.781710,0.000000,0.000000,0.027785,0.361301,-0.015263,-0.076050,0.929217,-0.001567,-0.005817,0.066152,0.000000,0.000000,0.000000,1.000000,0.015121,-0.006067,0.035073,0.000000,0.000000,0.000000,1.000000,0.002494,-0.000518,0.054380,0.234164,0.112218,-0.073871,0.962869,0.000000,0.000000,0.039330,0.565577,-0.016496,-0.041900,0.823466,0.000000,0.000000,0.026801,0.335154,-0.029163,-0.020106,0.941497,-0.025983,-0.021646,0.037310,0.134927,-0.446460,0.661753,0.586985,0.000000,0.000000,0.032791,0.281567,0.043899,-0.080446,0.955155,0.000000,0.000000,0.034082,0.200511,-0.042581,0.076013,0.975810,A
0.171193,0.869125,0.276231,-0.576082,-0.212686,0.425556,0.664678,-0.017221,-0.012734,0.038205,0.000000,0.000000,0.000000,1.000000,-0.006532,0.005355,0.058613,0.336392,0.038870,0.029334,0.940462,0.000000,0.000000,0.038252,0.520536,-0.007305,-0.024756,0.853450,0.000000,0.000000,0.024512,0.266742,0.020700,-0.017162,0.963393,0.023195,-0.009501,0.034365,0.018312,0.140343,-0.207036,0.968042,-0.000002,-0.000001,0.046041,-0.113201,0.134679,0.112906,0.977906,0.000000,0.000000,0.030983,0.172338,0.035075,-0.053324,0.982968,0.000000,0.000000,0.020485,0.078182,-0.048960,0.000995,0.995736,-0.000872,-0.009287,0.036024,0.000000,0.000000,0.000000,1.000000,-0.000868,0.006722,0.060441,0.389289,0.064509,-0.031453,0.918316,0.000000,0.000000,0.043294,0.617015,-0.003508,-0.012818,0.786839,0.000000,0.000000,0.027785,0.341097,-0.014376,-0.074405,0.936969,-0.001307,-0.005926,0.066245,0.000000,0.000000,0.000000,1.000000,0.015121,-0.006067,0.035073,0.000000,0.000000,0.000000,1.000000,0.002494,-0.000518,0.054380,0.276717,0.108964,-0.078460,0.951524,0.000000,0.000000,0.039330,0.559956,-0.016296,-0.041886,0.827303,0.000000,0.000000,0.026801,0.317281,-0.029261,-0.019296,0.947684,-0.024940,-0.022516,0.037683,0.156935,-0.435409,0.673939,0.575845,0.000000,0.000000,0.032791,0.282103,0.043843,-0.080434,0.955001,0.000000,0.000000,0.034082,0.197155,-0.042899,0.076147,0.976469,A
0.171165,0.870216,0.275582,-0.571794,-0.220886,0.436894,0.658320,-0.016964,-0.012931,0.038288,0.000000,0.000000,0.000000,1.000000,-0.006789,0.005552,0.058531,0.373820,0.036209,0.030087,0.926306,0.000000,0.000000,0.038252,0.526757,-0.007493,-0.024689,0.849624,0.000000,0.000000,0.024512,0.260421,0.020849,-0.017160,0.965118,0.023195,-0.009500,0.034365,0.018312,0.140343,-0.207036,0.968042,-0.000002,-0.000001,0.046041,-0.121304,0.133142,0.114354,0.976976,0.000000,0.000000,0.030983,0.152387,0.035993,-0.051702,0.986311,0.000000,0.000000,0.020485,0.070236,-0.048995,0.000968,0.996326,-0.000616,-0.009385,0.036107,0.000000,0.000000,0.000000,1.000000,-0.001125,0.006820,0.060359,0.428595,0.063768,-0.034320,0.900590,0.000000,0.000000,0.043295,0.616866,-0.003506,-0.012819,0.786956,0.000000,0.000000,0.027785,0.340723,-0.014360,-0.074374,0.937107,-0.001178,-0.005975,0.066286,0.000000,0.000000,0.000000,1.000000,0.015121,-0.006067,0.035073,0.000000,0.000000,0.000000,1.000000,0.002494,-0.000518,0.054380,0.297945,0.109828,-0.081377,0.944746,0.000000,0.000000,0.039330,0.560616,-0.016320,-0.041888,0.826855,0.000000,0.000000,0.026801,0.317358,-0.029261,-0.019300,0.947658,-0.024427,-0.022910,0.037848,0.164582,-0.427550,0.680015,0.572446,0.000000,0.000000,0.032791,0.281219,0.043935,-0.080454,0.955256,0.000000,0.000000,0.034082,0.186868,-0.043868,0.076550,0.978415,A
0.170945,0.871435,0.274518,-0.567572,-0.226376,0.441764,0.656857,-0.016904,-0.012975,0.038306,0.000000,0.000000,0.000000,1.000000,-0.006848,0.005596,0.058512,0.387310,0.035249,0.030417,0.920773,0.000000,0.000000,0.038252,0.510333,-0.006997,-0.024861,0.859589,0.000000,0.000000,0.024512,0.256096,0.020950,-0.017158,0.966272,0.023195,-0.009500,0.034365,0.018312,0.140343,-0.207036,0.968042,-0.000002,-0.000001,0.046041,-0.121476,0.119277,0.112987,0.978903,0.000000,0.000000,0.030983,0.145897,0.036287,-0.051171,0.987309,0.000000,0.000000,0.020485,0.068121,-0.049004,0.000961,0.996472,-0.000556,-0.009407,0.036125,0.000000,0.000000,0.000000,1.000000,-0.001185,0.006842,0.060341,0.443486,0.064178,-0.035748,0.893265,0.000000,0.000000,0.043294,0.613263,-0.003453,-0.012827,0.789767,0.000000,0.000000,0.027785,0.341280,-0.014384,-0.074420,0.936901,-0.001148,-0.005986,0.066295,0.000000,0.000000,0.000000,1.000000,0.015121,-0.006067,0.035073,0.000000,0.000000,0.000000,1.000000,0.002494,-0.000518,0.054380,0.307400,0.112338,-0.083278,0.941249,0.000000,0.000000,0.039330,0.560728,-0.016324,-0.041888,0.826778,0.000000,0.000000,0.026801,0.317941,-0.029258,-0.019326,0.947462,-0.024307,-0.022999,0.037885,0.160408,-0.420344,0.682448,0.576061,0.000000,0.000000,0.032791,0.268412,0.045260,-0.080731,0.958848,0.000000,0.000000,0.034082,0.106310,-0.051226,0.079393,0.989834,A
0.170169,0.871915,0.276073,-0.568310,-0.209795,0.442048,0.661516,-0.019460,-0.010401,0.037152,0.000000,0.000000,0.000000,1.000000,-0.004292,0.003022,0.059666,0.461570,0.031855,0.031949,0.885956,0.000000,0.000000,0.038252,0.552466,-0.008277,-0.024396,0.833137,0.000000,0.000000,0.024512,0.255760,0.020958,-0.017158,0.966361,0.023195,-0.009500,0.034365,0.018312,0.140343,-0.207036,0.968042,-0.000002,-0.000001,0.046041,-0.110105,0.077403,0.106913,0.985117,0.000000,0.000000,0.030983,0.148961,0.036148,-0.051422,0.986843,0.000000,0.000000,0.020485,0.032676,-0.049117,0.000840,0.998258,-0.003112,-0.008120,0.034971,0.000000,0.000000,0.000000,1.000000,0.001371,0.005555,0.061494,0.511086,0.060186,-0.039753,0.856498,0.000000,0.000000,0.043294,0.591183,-0.003132,-0.012872,0.806429,0.000000,0.000000,0.027785,0.341301,-0.014385,-0.074421,0.936893,-0.002426,-0.005343,0.065718,0.000000,0.000000,0.000000,1.000000,0.015121,-0.006067,0.035073,0.000000,0.000000,0.000000,1.000000,0.002494,-0.000518,0.054380,0.394585,0.103592,-0.092636,0.908290,0.000000,0.000000,0.039330,0.562925,-0.016402,-0.041894,0.825283,0.000000,0.000000,0.026801,0.318875,-0.029253,-0.019369,0.947147,-0.029419,-0.017851,0.035577,-0.073384,-0.339631,0.594612,0.725054,0.000000,0.000000,0.032791,0.010395,0.069341,-0.083212,0.994062,0.000000,0.000000,0.034082,-0.143656,-0.071517,0.084750,0.983395,A
0.168332,0.872416,0.278307,-0.577584,-0.206317,0.396746,0.682952,-0.020063,-0.009459,0.036698,0.000000,0.000000,0.000000,1.000000,-0.003690,0.002080,0.060120,0.510219,0.031863,0.032146,0.858853,0.000000,0.000000,0.038252,0.582360,-0.009198,-0.024018,0.812524,0.000000,0.000000,0.024512,0.256563,0.020939,-0.017158,0.966148,0.023195,-0.009500,0.034365,0.018312,0.140343,-0.207036,0.968042,-0.000002,-0.000001,0.046041,-0.088711,0.033591,0.100287,0.990426,0.000000,0.000000,0.030983,0.160821,0.035607,-0.052390,0.984949,0.000000,0.000000,0.020485,0.016122,-0.049149,0.000783,0.998661,-0.003714,-0.007649,0.034517,0.000000,0.000000,0.000000,1.000000,0.001974,0.005084,0.061949,0.559008,0.052205,-0.039479,0.826575,0.000000,0.000000,0.043294,0.590199,-0.003118,-0.012874,0.807149,0.000000,0.000000,0.027785,0.334897,-0.014104,-0.073895,0.939247,-0.002727,-0.005107,0.065491,0.000000,0.000000,0.000000,1.000000,0.015121,-0.006067,0.035073,0.000000,0.000000,0.000000,1.000000,0.002494,-0.000518,0.054380,0.438345,0.093054,-0.094729,0.888944,0.000000,0.000000,0.039330,0.571064,-0.016691,-0.041911,0.819666,0.000000,0.000000,0.026801,0.319326,-0.029250,-0.019389,0.946995,-0.030624,-0.015967,0.034668,-0.147594,-0.292487,0.545696,0.771287,0.000000,0.000000,0.032791,-0.029944,0.072673,-0.083086,0.993438,0.000000,0.000000,0.034082,-0.164945,-0.073068,0.084963,0.979916,A
0.165498,0.875892,0.277626,-0.545352,-0.208138,0.370141,0.722679,-0.020207,-0.009195,0.036568,0.000000,0.000000,0.000000,1.000000,-0.003545,0.001816,0.060250,0.528978,0.050798,0.021775,0.846834,0.000000,0.000000,0.038252,0.587441,-0.009355,-0.023950,0.808858,0.000000,0.000000,0.024512,0.258300,0.020899,-0.017159,0.965686,0.023195,-0.009500,0.034365,0.018312,0.140343,-0.207036,0.968042,-0.000002,-0.000001,0.046041,-0.055107,-0.016829,0.094084,0.993896,0.000000,0.000000,0.030983,0.163548,0.035482,-0.052611,0.984492,0.000000,0.000000,0.020485,0.014299,-0.049152,0.000777,0.998689,-0.003859,-0.007517,0.034387,0.000000,0.000000,0.000000,1.000000,0.002119,0.004952,0.062078,0.577494,0.051411,-0.040659,0.813759,0.000000,0.000000,0.043294,0.590064,-0.003116,-0.012874,0.807248,0.000000,0.000000,0.027785,0.327531,-0.013781,-0.073288,0.941893,-0.002800,-0.005041,0.065426,0.000000,0.000000,0.000000,1.000000,0.015121,-0.006067,0.035073,0.000000,0.000000,0.000000,1.000000,0.002494,-0.000518,0.054380,0.452646,0.079060,-0.090559,0.883550,0.000000,0.000000,0.039330,0.583304,-0.017127,-0.041930,0.810991,0.000000,0.000000,0.026801,0.319219,-0.029251,-0.019384,0.947031,-0.030914,-0.015438,0.034409,-0.185015,-0.250447,0.521729,0.794257,0.000000,0.000000,0.032791,-0.017189,0.071632,-0.083141,0.993811,0.000000,0.000000,0.034082,-0.161765,-0.072838,0.084934,0.980466,A
0.165008,0.884715,0.277018,-0.507702,-0.210985,0.343651,0.761333,-0.020185,-0.009236,0.036589,0.000000,0.000000,0.000000,1.000000,-0.003567,0.001857,0.060229,0.486649,0.065810,0.015401,0.870979,0.000000,0.000000,0.038252,0.604534,-0.009889,-0.023711,0.796165,0.000000,0.000000,0.024512,0.292171,0.020089,-0.017165,0.956001,0.023195,-0.009500,0.034365,0.018312,0.140343,-0.207036,0.968042,-0.000002,-0.000001,0.046041,0.059569,-0.033306,0.091039,0.993506,0.000000,0.000000,0.030983,0.162246,0.035542,-0.052506,0.984711,0.000000,0.000000,0.020485,0.013842,-0.049153,0.000775,0.998695,-0.003837,-0.007538,0.034408,0.000000,0.000000,0.000000,1.000000,0.002097,0.004973,0.062058,0.554986,0.056425,-0.041695,0.828896,0.000000,0.000000,0.043295,0.616363,-0.003499,-0.012820,0.787350,0.000000,0.000000,0.027785,0.331003,-0.013933,-0.073574,0.940654,-0.002789,-0.005051,0.065436,0.000000,0.000000,0.000000,1.000000,0.015121,-0.006067,0.035073,0.000000,0.000000,0.000000,1.000000,0.002494,-0.000518,0.054380,0.456283,0.077611,-0.090374,0.881825,0.000000,0.000000,0.039330,0.603504,-0.017849,-0.041941,0.796056,0.000000,0.000000,0.026801,0.327302,-0.029207,-0.019750,0.944262,-0.030870,-0.015521,0.034450,-0.184330,-0.249324,0.523147,0.793837,0.000000,0.000000,0.032791,0.022042,0.068358,-0.083222,0.993939,0.000000,0.000000,0.034082,-0.142040,-0.071399,0.084732,0.983640,A
0.170074,0.884393,0.271634,-0.528176,-0.232315,0.298351,0.760294,-0.020126,-0.009346,0.036642,0.000000,0.000000,0.000000,1.000000,-0.003626,0.001967,0.060176,0.402374,0.071755,0.016576,0.912508,0.000000,0.000000,0.038252,0.641529,-0.011057,-0.023140,0.766670,0.000000,0.000000,0.024512,0.355926,0.018471,-0.017118,0.934175,0.023195,-0.009500,0.034365,0.018312,0.140343,-0.207036,0.968042,-0.000002,-0.000001,0.046041,0.217783,-0.013303,0.086662,0.972051,0.000000,0.000000,0.030983,0.233726,0.032141,-0.058213,0.970026,0.000000,0.000000,0.020485,0.040055,-0.049099,0.000865,0.997990,-0.003778,-0.007592,0.034461,0.000000,0.000000,0.000000,1.000000,0.002037,0.005028,0.062004,0.478625,0.066803,-0.040143,0.874554,0.000000,0.000000,0.043294,0.617263,-0.003512,-0.012818,0.786645,0.000000,0.000000,0.027785,0.343763,-0.014493,-0.074623,0.935975,-0.002759,-0.005079,0.065463,0.000000,0.000000,0.000000,1.000000,0.015121,-0.006067,0.035073,0.000000,0.000000,0.000000,1.000000,0.002494,-0.000518,0.054380,0.475580,0.072907,-0.090641,0.871948,0.000000,0.000000,0.039330,0.603535,-0.017850,-0.041941,0.796033,0.000000,0.000000,0.026801,0.336633,-0.029154,-0.020173,0.940969,-0.030751,-0.015740,0.034557,-0.171818,-0.262686,0.532083,0.786361,0.000000,0.000000,0.032791,0.021364,0.068415,-0.083222,0.993950,0.000000,0.000000,0.034082,-0.119507,-0.069724,0.084460,0.986774,A
0.174514,0.883644,0.266974,-0.546824,-0.266853,0.238813,0.756797,-0.020064,-0.009457,0.036697,0.000000,0.000000,0.000000,1.000000,-0.003689,0.002078,0.060121,0.327395,0.090847,0.014235,0.940402,0.000000,0.000000,0.038252,0.671231,-0.012011,-0.022626,0.740806,0.000000,0.000000,0.024512,0.403074,0.017192,-0.017031,0.914847,0.023195,-0.009500,0.034365,0.018312,0.140343,-0.207036,0.968042,-0.000002,-0.000001,0.046041,0.332979,0.025883,0.072822,0.939762,0.000000,0.000000,0.030983,0.530407,0.015254,-0.079368,0.843882,0.000000,0.000000,0.020485,0.375517,-0.045296,0.001970,0.925706,-0.003716,-0.007648,0.034516,0.000000,0.000000,0.000000,1.000000,0.001975,0.005083,0.061950,0.438014,0.085388,-0.044575,0.893793,0.000000,0.000000,0.043295,0.595325,-0.003192,-0.012865,0.803376,0.000000,0.000000,0.027785,0.365166,-0.015432,-0.076362,0.927677,-0.002728,-0.005107,0.065491,0.000000,0.000000,0.000000,1.000000,0.015121,-0.006067,0.035073,0.000000,0.000000,0.000000,1.000000,0.002494,-0.000518,0.054380,0.495986,0.070460,-0.092055,0.860558,0.000000,0.000000,0.039330,0.617074,-0.018335,-0.041933,0.785573,0.000000,0.000000,0.026801,0.429263,-0.028455,-0.024339,0.902403,-0.030626,-0.015963,0.034667,-0.143832,-0.298069,0.547178,0.768807,0.000000,0.000000,0.032791,0.016980,0.068786,-0.083219,0.994009,0.000000,0.000000,0.034082,-0.102423,-0.068434,0.084226,0.988804,A
0.174984,0.884718,0.264727,-0.553937,-0.289858,0.218805,0.749174,-0.020052,-0.009477,0.036707,0.000000,0.000000,0.000000,1.000000,-0.003700,0.002098,0.060111,0.159023,0.096197,0.023830,0.982288,0.000000,0.000000,0.038252,0.548481,-0.008155,-0.024444,0.835766,0.000000,0.000000,0.024512,0.276112,0.020477,-0.017165,0.960754,0.023195,-0.009500,0.034365,0.018312,0.140343,-0.207036,0.968042,-0.000002,-0.000001,0.046041,0.420585,0.073102,0.047879,0.903035,0.000000,0.000000,0.030983,0.621327,0.008960,-0.084828,0.778894,0.000000,0.000000,0.020485,0.436440,-0.043920,0.002160,0.898658,-0.003704,-0.007658,0.034526,0.000000,0.000000,0.000000,1.000000,0.001963,0.005093,0.061940,0.307015,0.113760,-0.039010,0.944076,0.000000,0.000000,0.043294,0.555785,-0.002626,-0.012923,0.831221,0.000000,0.000000,0.027785,0.371736,-0.015721,-0.076891,0.925015,-0.002722,-0.005112,0.065496,0.000000,0.000000,0.000000,1.000000,0.015121,-0.006067,0.035073,0.000000,0.000000,0.000000,1.000000,0.002494,-0.000518,0.054380,0.419768,0.082285,-0.087787,0.899621,0.000000,0.000000,0.039330,0.633568,-0.018927,-0.041906,0.772319,0.000000,0.000000,0.026801,0.457056,-0.028180,-0.025579,0.888623,-0.030604,-0.016003,0.034686,-0.133926,-0.311208,0.551577,0.762218,0.000000,0.000000,0.032791,0.033160,0.067410,-0.083222,0.993695,0.000000,0.000000,0.034082,-0.086401,-0.067207,0.083983,0.990437,A
0.174864,0.884576,0.262919,-0.557001,-0.291034,0.212246,0.748332,-0.020037,-0.009503,0.036719,0.000000,0.000000,0.000000,1.000000,-0.003715,0.002124,0.060099,0.081708,0.006786,0.031482,0.996136,0.000000,0.000000,0.038252,0.486597,-0.006285,-0.025091,0.873244,0.000000,0.000000,0.024512,0.251934,0.021047,-0.017155,0.967364,0.023195,-0.009500,0.034365,0.018312,0.140343,-0.207036,0.968042,-0.000002,-0.000001,0.046041,0.455176,0.105584,0.027606,0.883688,0.000000,0.000000,0.030983,0.634451,0.007994,-0.085565,0.768171,0.000000,0.000000,0.020485,0.449785,-0.043586,0.002201,0.892070,-0.003689,-0.007671,0.034538,0.000000,0.000000,0.000000,1.000000,0.001948,0.005106,0.061927,0.159290,0.125294,-0.022763,0.978984,0.000000,0.000000,0.043294,0.450461,-0.001175,-0.012936,0.892702,0.000000,0.000000,0.027785,0.294561,-0.012335,-0.070533,0.952946,-0.002715,-0.005118,0.065502,0.000000,0.000000,0.000000,1.000000,0.015121,-0.006067,0.035073,0.000000,0.000000,0.000000,1.000000,0.002494,-0.000518,0.054380,0.324231,0.113551,-0.085918,0.935200,0.000000,0.000000,0.039330,0.589056,-0.017333,-0.041936,0.806818,0.000000,0.000000,0.026801,0.433635,-0.028414,-0.024534,0.900307,-0.030574,-0.016055,0.034712,-0.132407,-0.311907,0.552817,0.761299,0.000000,0.000000,0.032791,0.040055,0.066818,-0.083217,0.993482,0.000000,0.000000,0.034082,-0.079252,-0.066655,0.083868,0.991081,A
0.173785,0.884239,0.262005,-0.515470,-0.229175,0.230598,0.792839,-0.020037,-0.009505,0.036720,0.000000,0.000000,0.000000,1.000000,-0.003716,0.002125,0.060098,0.019365,-0.057029,0.027448,0.997807,0.000000,0.000000,0.038252,0.318021,-0.001392,-0.026142,0.947722,0.000000,0.000000,0.024512,0.137080,0.023531,-0.016968,0.990135,0.023195,-0.009500,0.034365,0.018312,0.140343,-0.207036,0.968042,-0.000002,-0.000001,0.046041,0.435280,0.126973,0.019372,0.891086,0.000000,0.000000,0.030983,0.474094,0.018850,-0.075710,0.877011,0.000000,0.000000,0.020485,0.265189,-0.047214,0.001616,0.963038,-0.003688,-0.007672,0.034539,0.000000,0.000000,0.000000,1.000000,0.001948,0.005107,0.061926,0.018243,0.102988,-0.006133,0.994496,0.000000,0.000000,0.043294,0.205860,0.001949,-0.012326,0.978502,0.000000,0.000000,0.027785,0.079493,-0.002920,-0.051276,0.995512,-0.002715,-0.005118,0.065502,0.000000,0.000000,0.000000,1.000000,0.015121,-0.006067,0.035073,0.000000,0.000000,0.000000,1.000000,0.002494,-0.000518,0.054380,0.294656,0.138316,-0.088049,0.941432,0.000000,0.000000,0.039330,0.451590,-0.012475,-0.041286,0.891183,0.000000,0.000000,0.026801,0.264205,-0.029488,-0.016882,0.963868,-0.030572,-0.016057,0.034713,-0.136113,-0.306546,0.551434,0.763822,0.000000,0.000000,0.032791,0.039267,0.066886,-0.083218,0.993509,0.000000,0.000000,0.034082,-0.078786,-0.066619,0.083861,0.991122,A
0.173443,0.883746,0.261147,-0.506977,-0.232154,0.213893,0.802078,-0.020032,-0.009512,0.036724,0.000000,0.000000,0.000000,1.000000,-0.003720,0.002133,0.060094,0.011376,-0.076423,0.025757,0.996678,0.000000,0.000000,0.038252,0.233174,0.000976,-0.026332,0.972078,0.000000,0.000000,0.024512,0.063013,0.024943,-0.016728,0.997561,0.023195,-0.009500,0.034365,0.018312,0.140343,-0.207036,0.968042,-0.000002,-0.000001,0.046041,0.410611,0.135777,0.019197,0.901440,0.000000,0.000000,0.030983,0.435672,0.021187,-0.073107,0.896882,0.000000,0.000000,0.020485,0.212900,-0.047885,0.001445,0.975899,-0.003684,-0.007676,0.034543,0.000000,0.000000,0.000000,1.000000,0.001943,0.005111,0.061923,-0.029415,0.075979,-0.003508,0.996669,0.000000,0.000000,0.043294,0.084953,0.003386,-0.011747,0.996310,0.000000,0.000000,0.027785,-0.023726,0.001589,-0.041288,0.998864,-0.002712,-0.005120,0.065504,0.000000,0.000000,0.000000,1.000000,0.015121,-0.006067,0.035073,0.000000,0.000000,0.000000,1.000000,0.002494,-0.000518,0.054380,0.278074,0.144066,-0.086712,0.945728,0.000000,0.000000,0.039330,0.403440,-0.010793,-0.040833,0.914031,0.000000,0.000000,0.026801,0.207557,-0.029629,-0.014288,0.977670,-0.030564,-0.016073,0.034720,-0.141546,-0.298309,0.549505,0.767477,0.000000,0.000000,0.032791,0.037513,0.067036,-0.083219,0.993566,0.000000,0.000000,0.034082,-0.078439,-0.066592,0.083855,0.991152,A
0.172918,0.883723,0.260695,-0.532002,-0.237682,0.220179,0.782306,-0.020027,-0.009522,0.036728,0.000000,0.000000,0.000000,1.000000,-0.003725,0.002143,0.060090,0.019096,-0.087145,0.026103,0.995671,0.000000,0.000000,0.038252,0.133487,0.003687,-0.026296,0.990695,0.000000,0.000000,0.024512,-0.007105,0.026148,-0.016417,0.999498,0.023195,-0.009500,0.034365,0.018312,0.140343,-0.207036,0.968042,-0.000002,-0.000001,0.046041,0.406420,0.122545,0.026315,0.905049,0.000000,0.000000,0.030983,0.435702,0.021185,-0.073109,0.896867,0.000000,0.000000,0.020485,0.199807,-0.048031,0.001402,0.978656,-0.003679,-0.007680,0.034547,0.000000,0.000000,0.000000,1.000000,0.001938,0.005116,0.061918,-0.045512,0.076778,-0.002299,0.996006,0.000000,0.000000,0.043295,0.021859,0.004110,-0.011379,0.999688,0.000000,0.000000,0.027785,-0.070850,0.003645,-0.036571,0.996810,-0.002710,-0.005123,0.065506,0.000000,0.000000,0.000000,1.000000,0.015121,-0.006067,0.035073,0.000000,0.000000,0.000000,1.000000,0.002494,-0.000518,0.054380,0.316536,0.129444,-0.089213,0.935463,0.000000,0.000000,0.039330,0.391221,-0.010368,-0.040702,0.919338,0.000000,0.000000,0.026801,0.188485,-0.029654,-0.013412,0.981537,-0.030553,-0.016092,0.034730,-0.142079,-0.297014,0.549536,0.767859,0.000000,0.000000,0.032791,0.036998,0.067081,-0.083220,0.993582,0.000000,0.000000,0.034082,-0.079596,-0.066681,0.083874,0.991052,A
0.171534,0.883009,0.260551,-0.569846,-0.261261,0.196386,0.753957,-0.020014,-0.009545,0.036740,0.000000,0.000000,0.000000,1.000000,-0.003739,0.002166,0.060078,-0.065246,-0.098957,0.014653,0.992842,0.000000,0.000000,0.038252,0.029709,0.006430,-0.025978,0.999200,0.000000,0.000000,0.024512,-0.050515,0.026829,-0.016183,0.998232,0.023195,-0.009500,0.034365,0.018312,0.140343,-0.207036,0.968042,-0.000002,-0.000001,0.046041,0.449823,0.123656,0.018713,0.884318,0.000000,0.000000,0.030983,0.446466,0.020539,-0.073846,0.891512,0.000000,0.000000,0.020485,0.210930,-0.047908,0.001439,0.976326,-0.003665,-0.007692,0.034559,0.000000,0.000000,0.000000,1.000000,0.001925,0.005127,0.061907,-0.002992,0.085407,-0.004913,0.996330,0.000000,0.000000,0.043295,0.015855,0.004178,-0.011342,0.999801,0.000000,0.000000,0.027785,-0.074901,0.003822,-0.036161,0.996528,-0.002703,-0.005128,0.065512,0.000000,0.000000,0.000000,1.000000,0.015121,-0.006067,0.035073,0.000000,0.000000,0.000000,1.000000,0.002494,-0.000518,0.054380,0.380851,0.119673,-0.096347,0.911783,0.000000,0.000000,0.039330,0.429473,-0.011701,-0.041091,0.902069,0.000000,0.000000,0.026801,0.212717,-0.029621,-0.014525,0.976557,-0.030526,-0.016138,0.034752,-0.141784,-0.296162,0.550245,0.767734,0.000000,0.000000,0.032791,0.037973,0.066997,-0.083219,0.993551,0.000000,0.000000,0.034082,-0.088936,-0.067402,0.084023,0.990196,A
0.171470,0.881444,0.262176,-0.574248,-0.255141,0.204073,0.750664,-0.019811,-0.009879,0.036902,0.000000,0.000000,0.000000,1.000000,-0.003941,0.002500,0.059916,-0.054849,-0.088810,0.017229,0.994388,0.000000,0.000000,0.038252,0.025857,0.006530,-0.025961,0.999307,0.000000,0.000000,0.024512,-0.050550,0.026830,-0.016183,0.998230,0.023195,-0.009500,0.034365,0.018312,0.140343,-0.207036,0.968042,-0.000002,-0.000001,0.046041,0.480126,0.111245,0.020898,0.869866,0.000000,0.000000,0.030983,0.501715,0.017112,-0.077528,0.861382,0.000000,0.000000,0.020485,0.286649,-0.046896,0.001686,0.956886,-0.003463,-0.007859,0.034721,0.000000,0.000000,0.000000,1.000000,0.001722,0.005294,0.061744,0.107458,0.084865,-0.013778,0.990485,0.000000,0.000000,0.043294,0.024936,0.004075,-0.011398,0.999616,0.000000,0.000000,0.027785,-0.063795,0.003337,-0.037284,0.997261,-0.002602,-0.005212,0.065593,0.000000,0.000000,0.000000,1.000000,0.015121,-0.006067,0.035073,0.000000,0.000000,0.000000,1.000000,0.002494,-0.000518,0.054380,0.411786,0.114248,-0.099339,0.898616,0.000000,0.000000,0.039330,0.487168,-0.013724,-0.041550,0.872211,0.000000,0.000000,0.026801,0.281915,-0.029423,-0.017689,0.958825,-0.030121,-0.016807,0.035077,-0.132666,-0.290507,0.562518,0.762613,0.000000,0.000000,0.032791,0.044010,0.066477,-0.083212,0.993338,0.000000,0.000000,0.034082,-0.089684,-0.067460,0.084035,0.990123,A
0.171333,0.881788,0.262137,-0.571290,-0.255337,0.203819,0.752920,-0.019716,-0.010028,0.036974,0.000000,0.000000,0.000000,1.000000,-0.004037,0.002649,0.059844,-0.051262,-0.041263,0.023113,0.997565,0.000000,0.000000,0.038252,0.030288,0.006415,-0.025981,0.999183,0.000000,0.000000,0.024512,-0.044861,0.026743,-0.016215,0.998504,0.023195,-0.009500,0.034365,0.018312,0.140343,-0.207036,0.968042,-0.000002,-0.000001,0.046041,0.526920,0.095635,0.023986,0.844176,0.000000,0.000000,0.030983,0.517020,0.016128,-0.078516,0.852212,0.000000,0.000000,0.020485,0.309185,-0.046533,0.001758,0.949861,-0.003367,-0.007934,0.034793,0.000000,0.000000,0.000000,1.000000,0.001627,0.005369,0.061673,0.216753,0.046781,-0.016159,0.974971,0.000000,0.000000,0.043294,0.102829,0.003178,-0.011843,0.994624,0.000000,0.000000,0.027785,0.008563,0.000179,-0.044463,0.998974,-0.002554,-0.005249,0.065629,0.000000,0.000000,0.000000,1.000000,0.015121,-0.006067,0.035073,0.000000,0.000000,0.000000,1.000000,0.002494,-0.000518,0.054380,0.497286,0.094733,-0.104624,0.856030,0.000000,0.000000,0.039330,0.508413,-0.014472,-0.041678,0.859982,0.000000,0.000000,0.026801,0.311212,-0.029292,-0.019021,0.949699,-0.029930,-0.017104,0.035220,-0.130212,-0.285669,0.567413,0.761236,0.000000,0.000000,0.032791,0.056321,0.065407,-0.083188,0.992789,0.000000,0.000000,0.034082,-0.088703,-0.067384,0.084020,0.990218,A
0.170889,0.882174,0.259606,-0.612490,-0.277330,0.190999,0.715167,-0.019477,-0.010378,0.037141,0.000000,0.000000,0.000000,1.000000,-0.004276,0.002999,0.059677,-0.054368,0.026602,0.030503,0.997700,0.000000,0.000000,0.038252,0.032501,0.006358,-0.025990,0.999114,0.000000,0.000000,0.024512,-0.032600,0.026554,-0.016283,0.998983,0.023195,-0.009500,0.034365,0.018312,0.140343,-0.207036,0.968042,-0.000002,-0.000001,0.046041,0.580659,0.076734,0.030968,0.809931,0.000000,0.000000,0.030983,0.572395,0.012428,-0.081964,0.815776,0.000000,0.000000,0.020485,0.382645,-0.045147,0.001992,0.922790,-0.003128,-0.008109,0.034960,0.000000,0.000000,0.000000,1.000000,0.001388,0.005544,0.061505,0.381531,0.044271,-0.023491,0.922996,0.000000,0.000000,0.043294,0.285843,0.000961,-0.012612,0.958193,0.000000,0.000000,0.027785,0.158337,-0.006369,-0.058585,0.985625,-0.002435,-0.005337,0.065713,0.000000,0.000000,0.000000,1.000000,0.015121,-0.006067,0.035073,0.000000,0.000000,0.000000,1.000000,0.002494,-0.000518,0.054380,0.584689,0.071741,-0.106018,0.801094,0.000000,0.000000,0.039330,0.563902,-0.016437,-0.041896,0.824615,0.000000,0.000000,0.026801,0.384557,-0.028832,-0.022335,0.922381,-0.029452,-0.017804,0.035555,-0.119464,-0.280865,0.580786,0.754673,0.000000,0.000000,0.032791,0.056699,0.065375,-0.083187,0.992770,0.000000,0.000000,0.034082,-0.075711,-0.066380,0.083810,0.991382,A
0.170693,0.881998,0.259126,-0.628727,-0.269997,0.191026,0.703785,-0.019467,-0.010391,0.037147,0.000000,0.000000,0.000000,1.000000,-0.004285,0.003012,0.059671,-0.054471,0.049935,0.033021,0.996719,0.000000,0.000000,0.038252,0.032492,0.006358,-0.025990,0.999114,0.000000,0.000000,0.024512,-0.028745,0.026493,-0.016304,0.999103,0.023195,-0.009500,0.034365,0.018312,0.140343,-0.207036,0.968042,-0.000002,-0.000001,0.046041,0.579312,0.065629,0.038992,0.811523,0.000000,0.000000,0.030983,0.643566,0.007314,-0.086067,0.760501,0.000000,0.000000,0.020485,0.459923,-0.043324,0.002232,0.886899,-0.003119,-0.008115,0.034966,0.000000,0.000000,0.000000,1.000000,0.001378,0.005550,0.061499,0.476524,0.075988,-0.044455,0.874743,0.000000,0.000000,0.043294,0.488368,-0.001689,-0.012953,0.872540,0.000000,0.000000,0.027785,0.319668,-0.013436,-0.072636,0.944646,-0.002430,-0.005340,0.065716,0.000000,0.000000,0.000000,1.000000,0.015121,-0.006067,0.035073,0.000000,0.000000,0.000000,1.000000,0.002494,-0.000518,0.054380,0.622358,0.065476,-0.108363,0.772425,0.000000,0.000000,0.039330,0.618569,-0.018388,-0.041931,0.784396,0.000000,0.000000,0.026801,0.442017,-0.028333,-0.024908,0.896213,-0.029433,-0.017831,0.035568,-0.118949,-0.280811,0.581332,0.754354,0.000000,0.000000,0.032791,0.063831,0.064750,-0.083167,0.992379,0.000000,0.000000,0.034082,-0.072137,-0.066102,0.083750,0.991672,A
0.170284,0.881961,0.258839,-0.624138,-0.260173,0.184815,0.713166,-0.019491,-0.010358,0.037131,0.000000,0.000000,0.000000,1.000000,-0.004261,0.002979,0.059687,-0.045365,0.059825,0.033779,0.996605,0.000000,0.000000,0.038252,0.032163,0.006366,-0.025989,0.999124,0.000000,0.000000,0.024512,-0.029061,0.026498,-0.016302,0.999093,0.023195,-0.009500,0.034365,0.018312,0.140343,-0.207036,0.968042,-0.000002,-0.000001,0.046041,0.542356,0.061431,0.044378,0.836724,0.000000,0.000000,0.030983,0.682089,0.004349,-0.088107,0.725929,0.000000,0.000000,0.020485,0.493238,-0.042412,0.002334,0.868857,-0.003143,-0.008098,0.034950,0.000000,0.000000,0.000000,1.000000,0.001402,0.005534,0.061515,0.514696,0.076435,-0.048982,0.852553,0.000000,0.000000,0.043294,0.578843,-0.002955,-0.012893,0.815332,0.000000,0.000000,0.027785,0.390940,-0.016564,-0.078423,0.916920,-0.002442,-0.005332,0.065708,0.000000,0.000000,0.000000,1.000000,0.015121,-0.006067,0.035073,0.000000,0.000000,0.000000,1.000000,0.002494,-0.000518,0.054380,0.615960,0.065815,-0.107448,0.777635,0.000000,0.000000,0.039330,0.653978,-0.019662,-0.041845,0.755100,0.000000,0.000000,0.026801,0.457882,-0.028171,-0.025615,0.888197,-0.029481,-0.017764,0.035536,-0.120426,-0.280705,0.579897,0.755263,0.000000,0.000000,0.032791,0.064913,0.064655,-0.083164,0.992315,0.000000,0.000000,0.034082,-0.072544,-0.066134,0.083756,0.991639,A
0.170127,0.881978,0.258086,-0.614906,-0.250002,0.173530,0.727514,-0.019541,-0.010287,0.037098,0.000000,0.000000,0.000000,1.000000,-0.004211,0.002907,0.059720,-0.019068,0.074404,0.033965,0.996467,0.000000,0.000000,0.038252,0.034673,0.006301,-0.026000,0.999041,0.000000,0.000000,0.024512,-0.029655,0.026508,-0.016299,0.999076,0.023195,-0.009501,0.034365,0.018312,0.140343,-0.207036,0.968042,-0.000002,-0.000001,0.046041,0.485397,0.055706,0.051552,0.870993,0.000000,0.000000,0.030983,0.701569,0.002788,-0.089083,0.707006,0.000000,0.000000,0.020485,0.508382,-0.041970,0.002380,0.860105,-0.003193,-0.008063,0.034917,0.000000,0.000000,0.000000,1.000000,0.001452,0.005498,0.061549,0.527130,0.076049,-0.050244,0.844882,0.000000,0.000000,0.043294,0.607701,-0.003372,-0.012839,0.794055,0.000000,0.000000,0.027785,0.419808,-0.017832,-0.080686,0.903843,-0.002467,-0.005314,0.065691,0.000000,0.000000,0.000000,1.000000,0.015121,-0.006067,0.035073,0.000000,0.000000,0.000000,1.000000,0.002494,-0.000518,0.054380,0.583979,0.069945,-0.104724,0.801941,0.000000,0.000000,0.039330,0.673251,-0.020359,-0.041758,0.737953,0.000000,0.000000,0.026801,0.470516,-0.028036,-0.026177,0.881557,-0.029581,-0.017622,0.035468,-0.123455,-0.280567,0.576892,0.757124,0.000000,0.000000,0.032791,0.065656,0.064590,-0.083162,0.992271,0.000000,0.000000,0.034082,-0.074046,-0.066251,0.083782,0.991518,A
0.170025,0.882238,0.257255,-0.580497,-0.232058,0.164318,0.763002,-0.019607,-0.010191,0.037052,0.000000,0.000000,0.000000,1.000000,-0.004146,0.002812,0.059766,-0.021041,0.074164,0.034038,0.996443,0.000000,0.000000,0.038252,0.036908,0.006242,-0.026009,0.998961,0.000000,0.000000,0.024512,-0.030505,0.026521,-0.016295,0.999050,0.023195,-0.009500,0.034365,0.018312,0.140343,-0.207036,0.968042,-0.000002,-0.000001,0.046041,0.337805,0.049581,0.064302,0.937707,0.000000,0.000000,0.030983,0.707779,0.002281,-0.089385,0.700753,0.000000,0.000000,0.020485,0.526293,-0.041425,0.002434,0.849290,-0.003258,-0.008015,0.034871,0.000000,0.000000,0.000000,1.000000,0.001518,0.005450,0.061594,0.500175,0.076571,-0.047375,0.861230,0.000000,0.000000,0.043294,0.612577,-0.003443,-0.012829,0.790299,0.000000,0.000000,0.027785,0.421047,-0.017886,-0.080782,0.903257,-0.002500,-0.005290,0.065668,0.000000,0.000000,0.000000,1.000000,0.015121,-0.006067,0.035073,0.000000,0.000000,0.000000,1.000000,0.002494,-0.000518,0.054380,0.523868,0.070661,-0.095931,0.843425,0.000000,0.000000,0.039330,0.682627,-0.020699,-0.041705,0.729283,0.000000,0.000000,0.026801,0.474265,-0.027994,-0.026344,0.879543,-0.029712,-0.017430,0.035377,-0.127117,-0.280889,0.572975,0.759369,0.000000,0.000000,0.032791,0.065724,0.064584,-0.083161,0.992267,0.000000,0.000000,0.034082,-0.106353,-0.068732,0.084282,0.988363,A
0.170219,0.881986,0.255735,-0.554187,-0.209631,0.160625,0.789386,-0.019622,-0.010169,0.037041,0.000000,0.000000,0.000000,1.000000,-0.004130,0.002790,0.059777,-0.018263,0.040429,0.031559,0.998517,0.000000,0.000000,0.038252,0.024712,0.006560,-0.025956,0.999336,0.000000,0.000000,0.024512,-0.032290,0.026549,-0.016285,0.998993,0.023195,-0.009500,0.034365,0.018312,0.140343,-0.207036,0.968042,-0.000002,-0.000001,0.046041,0.153970,0.078253,0.073999,0.982188,0.000000,0.000000,0.030983,0.526833,0.015489,-0.079142,0.846135,0.000000,0.000000,0.020485,0.379966,-0.045204,0.001984,0.923893,-0.003274,-0.008004,0.034860,0.000000,0.000000,0.000000,1.000000,0.001533,0.005439,0.061605,0.475088,0.074139,-0.043395,0.875735,0.000000,0.000000,0.043294,0.619565,-0.003546,-0.012812,0.784833,0.000000,0.000000,0.027785,0.423631,-0.018000,-0.080982,0.902028,-0.002507,-0.005284,0.065663,0.000000,0.000000,0.000000,1.000000,0.015121,-0.006067,0.035073,0.000000,0.000000,0.000000,1.000000,0.002494,-0.000518,0.054380,0.455860,0.066928,-0.085502,0.883403,0.000000,0.000000,0.039330,0.682444,-0.020693,-0.041706,0.729454,0.000000,0.000000,0.026801,0.475046,-0.027985,-0.026378,0.879120,-0.029743,-0.017386,0.035355,-0.128355,-0.280431,0.571924,0.760123,0.000000,0.000000,0.032791,0.074596,0.063801,-0.083129,0.991693,0.000000,0.000000,0.034082,-0.136567,-0.070995,0.084670,0.984449,A
0.170488,0.882165,0.255496,-0.565594,-0.212082,0.163684,0.779957,-0.019648,-0.010130,0.037023,0.000000,0.000000,0.000000,1.000000,-0.004104,0.002750,0.059796,0.025643,0.041631,0.031119,0.998319,0.000000,0.000000,0.038252,0.042208,0.006104,-0.026031,0.998751,0.000000,0.000000,0.024512,-0.032389,0.026551,-0.016284,0.998990,0.023195,-0.009500,0.034365,0.018312,0.140343,-0.207036,0.968042,-0.000002,-0.000001,0.046041,0.073377,0.074084,0.083781,0.991014,0.000000,0.000000,0.030983,0.398546,0.023362,-0.070517,0.914135,0.000000,0.000000,0.020485,0.267234,-0.047185,0.001623,0.962475,-0.003300,-0.007984,0.034842,0.000000,0.000000,0.000000,1.000000,0.001559,0.005420,0.061624,0.409036,0.073962,-0.036800,0.908771,0.000000,0.000000,0.043294,0.604429,-0.003324,-0.012846,0.796549,0.000000,0.000000,0.027785,0.416786,-0.017699,-0.080452,0.905264,-0.002520,-0.005275,0.065653,0.000000,0.000000,0.000000,1.000000,0.015121,-0.006067,0.035073,0.000000,0.000000,0.000000,1.000000,0.002494,-0.000518,0.054380,0.400873,0.073334,-0.082111,0.909495,0.000000,0.000000,0.039330,0.640819,-0.019188,-0.041888,0.766308,0.000000,0.000000,0.026801,0.444169,-0.028311,-0.025004,0.895147,-0.029795,-0.017307,0.035318,-0.129803,-0.280611,0.570332,0.761007,0.000000,0.000000,0.032791,0.077160,0.063573,-0.083119,0.991512,0.000000,0.000000,0.034082,-0.135411,-0.070909,0.084657,0.984616,A
0.171623,0.882271,0.255417,-0.578824,-0.204798,0.176015,0.769441,-0.019697,-0.010056,0.036987,0.000000,0.000000,0.000000,1.000000,-0.004055,0.002677,0.059831,0.114502,-0.005282,0.033025,0.992860,0.000000,0.000000,0.038252,0.142676,0.003440,-0.026311,0.989414,0.000000,0.000000,0.024512,-0.001253,0.026052,-0.016446,0.999525,0.023195,-0.009500,0.034365,0.018312,0.140343,-0.207036,0.968042,-0.000002,-0.000001,0.046041,0.002816,0.071694,0.092189,0.993153,0.000000,0.000000,0.030983,0.341113,0.026578,-0.066373,0.937299,0.000000,0.000000,0.020485,0.204834,-0.047976,0.001419,0.977619,-0.003349,-0.007948,0.034806,0.000000,0.000000,0.000000,1.000000,0.001608,0.005383,0.061659,0.338567,0.067796,-0.028643,0.938060,0.000000,0.000000,0.043294,0.507693,-0.001954,-0.012953,0.861439,0.000000,0.000000,0.027785,0.323833,-0.013619,-0.072981,0.943197,-0.002545,-0.005256,0.065636,0.000000,0.000000,0.000000,1.000000,0.015121,-0.006067,0.035073,0.000000,0.000000,0.000000,1.000000,0.002494,-0.000518,0.054380,0.301984,0.085807,-0.075686,0.946422,0.000000,0.000000,0.039330,0.547264,-0.015846,-0.041849,0.835763,0.000000,0.000000,0.026801,0.356845,-0.029029,-0.021086,0.933474,-0.029893,-0.017160,0.035247,-0.132706,-0.280663,0.567272,0.762771,0.000000,0.000000,0.032791,0.077742,0.063522,-0.083116,0.991470,0.000000,0.000000,0.034082,-0.117321,-0.069560,0.084432,0.987050,A
0.172842,0.882251,0.255017,-0.598300,-0.162851,0.225671,0.751392,-0.019922,-0.009700,0.036815,0.000000,0.000000,0.000000,1.000000,-0.003830,0.002320,0.060003,0.168134,-0.091842,0.044607,0.980462,0.000000,0.000000,0.038252,0.184064,0.002321,-0.026348,0.982558,0.000000,0.000000,0.024512,0.029993,0.025526,-0.016591,0.999086,0.023195,-0.009500,0.034365,0.018312,0.140343,-0.207036,0.968042,-0.000002,-0.000001,0.046041,-0.099066,0.062506,0.104040,0.987651,0.000000,0.000000,0.030983,0.322513,0.027582,-0.064997,0.943928,0.000000,0.000000,0.020485,0.197842,-0.048052,0.001396,0.979054,-0.003574,-0.007769,0.034634,0.000000,0.000000,0.000000,1.000000,0.001833,0.005204,0.061831,0.218739,0.070278,-0.020448,0.973035,0.000000,0.000000,0.043295,0.482222,-0.001605,-0.012952,0.875952,0.000000,0.000000,0.027785,0.313462,-0.013164,-0.072119,0.946767,-0.002657,-0.005167,0.065550,0.000000,0.000000,0.000000,1.000000,0.015121,-0.006067,0.035073,0.000000,0.000000,0.000000,1.000000,0.002494,-0.000518,0.054380,0.150748,0.129257,-0.065724,0.977879,0.000000,0.000000,0.039330,0.520349,-0.014893,-0.041739,0.852803,0.000000,0.000000,0.026801,0.329437,-0.029195,-0.019847,0.943517,-0.030343,-0.016447,0.034903,-0.151498,-0.273624,0.550357,0.774136,0.000000,0.000000,0.032791,0.076575,0.063625,-0.083121,0.991554,0.000000,0.000000,0.034082,-0.106322,-0.068730,0.084281,0.988367,A
0.172536,0.882252,0.255068,-0.619103,-0.146940,0.227050,0.737271,-0.020095,-0.009401,0.036669,0.000000,0.000000,0.000000,1.000000,-0.003657,0.002022,0.060149,0.189145,-0.142989,0.053958,0.969983,0.000000,0.000000,0.038252,0.250328,0.000502,-0.026310,0.967804,0.000000,0.000000,0.024512,0.090419,0.024437,-0.016827,0.995462,0.023195,-0.009500,0.034365,0.018312,0.140343,-0.207036,0.968042,-0.000002,-0.000001,0.046041,-0.142453,0.058580,0.108860,0.982051,0.000000,0.000000,0.030983,0.323939,0.027506,-0.065103,0.943435,0.000000,0.000000,0.020485,0.257799,-0.047318,0.001592,0.965038,-0.003747,-0.007620,0.034488,0.000000,0.000000,0.000000,1.000000,0.002006,0.005055,0.061977,0.141422,0.078560,-0.015934,0.986699,0.000000,0.000000,0.043294,0.559662,-0.002681,-0.012919,0.828616,0.000000,0.000000,0.027785,0.403603,-0.017120,-0.079422,0.911320,-0.002744,-0.005093,0.065477,0.000000,0.000000,0.000000,1.000000,0.015121,-0.006067,0.035073,0.000000,0.000000,0.000000,1.000000,0.002494,-0.000518,0.054380,0.073618,0.137347,-0.056103,0.986189,0.000000,0.000000,0.039330,0.597557,-0.017636,-0.041940,0.800535,0.000000,0.000000,0.026801,0.403120,-0.028685,-0.023168,0.914404,-0.030690,-0.015851,0.034612,-0.168223,-0.265129,0.535199,0.784200,0.000000,0.000000,0.032791,0.075127,0.063754,-0.083127,0.991656,0.000000,0.000000,0.034082,-0.105978,-0.068704,0.084277,0.988406,A
0.172782,0.882316,0.255298,-0.617168,-0.141131,0.219867,0.742189,-0.020192,-0.009224,0.036583,0.000000,0.000000,0.000000,1.000000,-0.003560,0.001845,0.060236,0.240387,-0.144150,0.063856,0.957788,0.000000,0.000000,0.038252,0.288170,-0.000552,-0.026233,0.957220,0.000000,0.000000,0.024512,0.125953,0.023752,-0.016938,0.991607,0.023195,-0.009500,0.034365,0.018312,0.140343,-0.207036,0.968042,-0.000002,-0.000001,0.046041,-0.191017,0.061086,0.115433,0.972860,0.000000,0.000000,0.030983,0.239376,0.031862,-0.058655,0.968630,0.000000,0.000000,0.020485,0.186451,-0.048170,0.001358,0.981282,-0.003844,-0.007532,0.034402,0.000000,0.000000,0.000000,1.000000,0.002103,0.004967,0.062064,0.014170,0.070809,-0.006740,0.997367,0.000000,0.000000,0.043295,0.482748,-0.001612,-0.012952,0.875662,0.000000,0.000000,0.027785,0.340594,-0.014354,-0.074363,0.937155,-0.002792,-0.005048,0.065433,0.000000,0.000000,0.000000,1.000000,0.015121,-0.006067,0.035073,0.000000,0.000000,0.000000,1.000000,0.002494,-0.000518,0.054380,-0.051799,0.137098,-0.040109,0.988389,0.000000,0.000000,0.039330,0.520360,-0.014894,-0.041739,0.852797,0.000000,0.000000,0.026801,0.343689,-0.029112,-0.020492,0.938409,-0.030883,-0.015497,0.034438,-0.172817,-0.267695,0.528480,0.786881,0.000000,0.000000,0.032791,0.067682,0.064411,-0.083155,0.992147,0.000000,0.000000,0.034082,-0.104113,-0.068562,0.084250,0.988616,A
0.172382,0.882570,0.255943,-0.613686,-0.121953,0.234911,0.743864,-0.020313,-0.008991,0.036467,0.000000,0.000000,0.000000,1.000000,-0.003440,0.001612,0.060351,0.290389,-0.145075,0.073955,0.942952,0.000000,0.000000,0.038252,0.285406,-0.000475,-0.026240,0.958047,0.000000,0.000000,0.024512,0.120039,0.023868,-0.016921,0.992338,0.023195,-0.009500,0.034365,0.018312,0.140343,-0.207036,0.968042,-0.000002,-0.000001,0.046041,-0.202430,0.083982,0.121483,0.968097,0.000000,0.000000,0.030983,0.138784,0.036608,-0.050587,0.988352,0.000000,0.000000,0.020485,0.062584,-0.049026,0.000942,0.996835,-0.003964,-0.007415,0.034286,0.000000,0.000000,0.000000,1.000000,0.002224,0.004850,0.062179,-0.047848,0.053265,-0.004328,0.997424,0.000000,0.000000,0.043295,0.270123,0.001158,-0.012562,0.962743,0.000000,0.000000,0.027785,0.156388,-0.006283,-0.058408,0.985947,-0.002853,-0.004990,0.065376,0.000000,0.000000,0.000000,1.000000,0.015121,-0.006067,0.035073,0.000000,0.000000,0.000000,1.000000,0.002494,-0.000518,0.054380,-0.073653,0.127015,-0.038766,0.988403,0.000000,0.000000,0.039330,0.317775,-0.007824,-0.039781,0.947299,0.000000,0.000000,0.026801,0.187075,-0.029655,-0.013347,0.981807,-0.031124,-0.015030,0.034207,-0.185645,-0.260319,0.516191,0.794555,0.000000,0.000000,0.032791,0.065632,0.064592,-0.083162,0.992272,0.000000,0.000000,0.034082,-0.100250,-0.068268,0.084194,0.989040,A
0.170480,0.883904,0.254814,-0.627195,-0.127935,0.237465,0.730664,-0.020321,-0.008974,0.036459,0.000000,0.000000,0.000000,1.000000,-0.003431,0.001595,0.060359,0.342419,-0.141104,0.083566,0.925125,0.000000,0.000000,0.038252,0.287777,-0.000541,-0.026234,0.957338,0.000000,0.000000,0.024512,0.106863,0.024124,-0.016881,0.993838,0.023195,-0.009500,0.034365,0.018312,0.140343,-0.207036,0.968042,-0.000002,-0.000001,0.046041,-0.207312,0.137195,0.132671,0.959478,0.000000,0.000000,0.030983,0.077471,0.039280,-0.045467,0.995183,0.000000,0.000000,0.020485,0.000803,-0.049167,0.000731,0.998790,-0.003973,-0.007407,0.034278,0.000000,0.000000,0.000000,1.000000,0.002232,0.004842,0.062187,-0.063027,0.026605,-0.006482,0.997636,0.000000,0.000000,0.043294,0.088620,0.003343,-0.011767,0.995990,0.000000,0.000000,0.027786,0.001063,0.000506,-0.043729,0.999043,-0.002857,-0.004986,0.065372,0.000000,0.000000,0.000000,1.000000,0.015121,-0.006067,0.035073,0.000000,0.000000,0.000000,1.000000,0.002494,-0.000518,0.054380,-0.076443,0.120081,-0.039412,0.989032,0.000000,0.000000,0.039330,0.103431,-0.000502,-0.035923,0.993988,0.000000,0.000000,0.026801,0.038000,-0.029460,-0.006432,0.998823,-0.031141,-0.014997,0.034191,-0.194241,-0.247543,0.511248,0.799761,0.000000,0.000000,0.032791,0.064717,0.064672,-0.083165,0.992327,0.000000,0.000000,0.034082,-0.100420,-0.068281,0.084197,0.989022,A
0.168797,0.885656,0.252384,-0.658475,-0.152566,0.241236,0.696376,-0.020293,-0.009030,0.036487,0.000000,0.000000,0.000000,1.000000,-0.003459,0.001651,0.060331,0.358807,-0.130960,0.083722,0.920379,0.000000,0.000000,0.038252,0.309834,-0.001161,-0.026170,0.950430,0.000000,0.000000,0.024512,0.091389,0.024419,-0.016831,0.995374,0.023195,-0.009500,0.034365,0.018312,0.140343,-0.207036,0.968042,-0.000002,-0.000001,0.046041,-0.209691,0.154714,0.136549,0.955745,0.000000,0.000000,0.030983,0.045782,0.040597,-0.042763,0.997210,0.000000,0.000000,0.020485,-0.006014,-0.049171,0.000707,0.998772,-0.003945,-0.007435,0.034306,0.000000,0.000000,0.000000,1.000000,0.002204,0.004870,0.062160,-0.010417,0.003209,-0.008834,0.999902,0.000000,0.000000,0.043294,0.022972,0.004097,-0.011386,0.999663,0.000000,0.000000,0.027786,-0.068094,0.003525,-0.036850,0.996992,-0.002843,-0.005000,0.065386,0.000000,0.000000,0.000000,1.000000,0.015121,-0.006067,0.035073,0.000000,0.000000,0.000000,1.000000,0.002494,-0.000518,0.054380,-0.078324,0.116247,-0.039747,0.989329,0.000000,0.000000,0.039330,0.030919,0.001943,-0.034255,0.998933,0.000000,0.000000,0.026801,-0.002373,-0.029294,-0.004542,0.999558,-0.031085,-0.015108,0.034246,-0.194574,-0.244085,0.512491,0.799948,0.000000,0.000000,0.032791,0.065635,0.064592,-0.083162,0.992272,0.000000,0.000000,0.034082,-0.106814,-0.068767,0.084288,0.988310,A
0.168687,0.885326,0.251757,-0.665403,-0.147666,0.257415,0.684961,-0.020040,-0.009498,0.036717,0.000000,0.000000,0.000000,1.000000,-0.003712,0.002119,0.060101,0.359272,-0.096012,0.072525,0.925443,0.000000,0.000000,0.038252,0.351446,-0.002341,-0.026009,0.935844,0.000000,0.000000,0.024512,0.092739,0.024394,-0.016835,0.995249,0.023195,-0.009500,0.034365,0.018312,0.140343,-0.207036,0.968042,-0.000002,-0.000001,0.046041,-0.211192,0.153531,0.136678,0.955587,0.000000,0.000000,0.030983,0.045527,0.040608,-0.042741,0.997222,0.000000,0.000000,0.020485,-0.008020,-0.049172,0.000700,0.998758,-0.003692,-0.007669,0.034536,0.000000,0.000000,0.000000,1.000000,0.001951,0.005104,0.061930,0.037271,0.001182,-0.008728,0.999266,0.000000,0.000000,0.043294,0.015898,0.004177,-0.011342,0.999801,0.000000,0.000000,0.027785,-0.075278,0.003838,-0.036123,0.996501,-0.002716,-0.005117,0.065501,0.000000,0.000000,0.000000,1.000000,0.015121,-0.006067,0.035073,0.000000,0.000000,0.000000,1.000000,0.002494,-0.000518,0.054380,-0.079143,0.116814,-0.039583,0.989204,0.000000,0.000000,0.039330,0.023564,0.002190,-0.034076,0.999139,0.000000,0.000000,0.026801,-0.007475,-0.029269,-0.004302,0.999534,-0.030580,-0.016045,0.034707,-0.181284,-0.240245,0.531554,0.791751,0.000000,0.000000,0.032791,0.064752,0.064669,-0.083165,0.992325,0.000000,0.000000,0.034082,-0.127040,-0.070288,0.084556,0.985784,A
0.168764,0.884646,0.251761,-0.671673,-0.127106,0.276409,0.675498,-0.020018,-0.009537,0.036736,0.000000,0.000000,0.000000,1.000000,-0.003735,0.002158,0.060082,0.357958,-0.081899,0.067812,0.927664,0.000000,0.000000,0.038252,0.359805,-0.002580,-0.025970,0.932663,0.000000,0.000000,0.024512,0.095563,0.024340,-0.016845,0.994983,0.023195,-0.009500,0.034365,0.018312,0.140343,-0.207036,0.968042,-0.000002,-0.000001,0.046041,-0.212358,0.152889,0.136829,0.955409,0.000000,0.000000,0.030983,0.046805,0.040556,-0.042851,0.997160,0.000000,0.000000,0.020485,-0.009591,-0.049172,0.000695,0.998744,-0.003669,-0.007688,0.034555,0.000000,0.000000,0.000000,1.000000,0.001929,0.005123,0.061910,0.056856,-0.000220,-0.008626,0.998345,0.000000,0.000000,0.043295,0.014143,0.004197,-0.011331,0.999827,0.000000,0.000000,0.027785,-0.077019,0.003914,-0.035947,0.996374,-0.002705,-0.005127,0.065510,0.000000,0.000000,0.000000,1.000000,0.015121,-0.006067,0.035073,0.000000,0.000000,0.000000,1.000000,0.002494,-0.000518,0.054380,-0.075205,0.116723,-0.040004,0.989505,0.000000,0.000000,0.039330,0.021808,0.002249,-0.034033,0.999180,0.000000,0.000000,0.026801,-0.009198,-0.029261,-0.004221,0.999521,-0.030534,-0.016123,0.034745,-0.179530,-0.240848,0.533459,0.790686,0.000000,0.000000,0.032791,0.063368,0.064791,-0.083169,0.992406,0.000000,0.000000,0.034082,-0.138230,-0.071118,0.084689,0.984207,A
0.168497,0.883850,0.251576,-0.674086,-0.116758,0.282820,0.672301,-0.020033,-0.009511,0.036723,0.000000,0.000000,0.000000,1.000000,-0.003719,0.002132,0.060095,0.346728,-0.060247,0.059651,0.934126,0.000000,0.000000,0.038252,0.362662,-0.002662,-0.025956,0.931555,0.000000,0.000000,0.024512,0.102452,0.024209,-0.016867,0.994300,0.023195,-0.009500,0.034365,0.018312,0.140343,-0.207036,0.968042,-0.000002,-0.000001,0.046041,-0.213275,0.151094,0.136695,0.955510,0.000000,0.000000,0.030983,0.049863,0.040430,-0.043113,0.997006,0.000000,0.000000,0.020485,-0.011020,-0.049172,0.000690,0.998729,-0.003685,-0.007675,0.034542,0.000000,0.000000,0.000000,1.000000,0.001944,0.005110,0.061923,0.065006,-0.000007,-0.008586,0.997848,0.000000,0.000000,0.043294,0.012547,0.004215,-0.011321,0.999848,0.000000,0.000000,0.027785,-0.078604,0.003983,-0.035786,0.996256,-0.002713,-0.005120,0.065504,0.000000,0.000000,0.000000,1.000000,0.015121,-0.006067,0.035073,0.000000,0.000000,0.000000,1.000000,0.002494,-0.000518,0.054380,-0.068633,0.111913,-0.041308,0.990484,0.000000,0.000000,0.039330,0.020211,0.002302,-0.033994,0.999215,0.000000,0.000000,0.026801,-0.010766,-0.029253,-0.004148,0.999506,-0.030565,-0.016070,0.034719,-0.175273,-0.248681,0.534784,0.788317,0.000000,0.000000,0.032791,0.052794,0.065715,-0.083196,0.992962,0.000000,0.000000,0.034082,-0.137858,-0.071090,0.084685,0.984261,A
0.167911,0.883426,0.250748,-0.672374,-0.115605,0.272429,0.678477,-0.020146,-0.009310,0.036625,0.000000,0.000000,0.000000,1.000000,-0.003607,0.001931,0.060193,0.297665,-0.025027,0.045544,0.953255,0.000000,0.000000,0.038252,0.363697,-0.002692,-0.025951,0.931152,0.000000,0.000000,0.024512,0.107626,0.024110,-0.016883,0.993756,0.023195,-0.009500,0.034365,0.018312,0.140343,-0.207036,0.968042,-0.000002,-0.000001,0.046041,-0.213469,0.133339,0.133247,0.958591,0.000000,0.000000,0.030983,0.052791,0.040310,-0.043364,0.996849,0.000000,0.000000,0.020485,-0.012292,-0.049173,0.000685,0.998714,-0.003797,-0.007575,0.034444,0.000000,0.000000,0.000000,1.000000,0.002057,0.005010,0.062022,0.065763,0.012000,-0.008851,0.997724,0.000000,0.000000,0.043295,0.011125,0.004231,-0.011312,0.999865,0.000000,0.000000,0.027785,-0.080014,0.004045,-0.035643,0.996148,-0.002769,-0.005070,0.065455,0.000000,0.000000,0.000000,1.000000,0.015121,-0.006067,0.035073,0.000000,0.000000,0.000000,1.000000,0.002494,-0.000518,0.054380,-0.067867,0.111511,-0.041435,0.990577,0.000000,0.000000,0.039330,0.018788,0.002350,-0.033958,0.999244,0.000000,0.000000,0.026801,-0.012162,-0.029246,-0.004082,0.999490,-0.030790,-0.015669,0.034522,-0.175104,-0.259594,0.529600,0.788336,0.000000,0.000000,0.032791,0.038895,0.066918,-0.083218,0.993521,0.000000,0.000000,0.034082,-0.137913,-0.071094,0.084685,0.984253,A
0.167436,0.882838,0.249193,-0.668624,-0.117093,0.261946,0.686015,-0.020159,-0.009285,0.036613,0.000000,0.000000,0.000000,1.000000,-0.003593,0.001906,0.060205,0.254957,-0.031689,0.044083,0.965427,0.000000,0.000000,0.038252,0.333910,-0.001842,-0.026083,0.942242,0.000000,0.000000,0.024512,0.106892,0.024124,-0.016881,0.993835,0.023195,-0.009500,0.034365,0.018312,0.140343,-0.207036,0.968042,-0.000002,-0.000001,0.046041,-0.214333,0.131960,0.133157,0.958602,0.000000,0.000000,0.030983,0.052842,0.040308,-0.043369,0.996846,0.000000,0.000000,0.020485,-0.013447,-0.049173,0.000681,0.998700,-0.003811,-0.007562,0.034432,0.000000,0.000000,0.000000,1.000000,0.002070,0.004997,0.062034,0.052161,0.032200,-0.008928,0.998080,0.000000,0.000000,0.043294,0.009834,0.004246,-0.011304,0.999879,0.000000,0.000000,0.027786,-0.081295,0.004101,-0.035513,0.996049,-0.002776,-0.005064,0.065449,0.000000,0.000000,0.000000,1.000000,0.015121,-0.006067,0.035073,0.000000,0.000000,0.000000,1.000000,0.002494,-0.000518,0.054380,-0.067503,0.120076,-0.040372,0.989644,0.000000,0.000000,0.039330,0.017497,0.002393,-0.033927,0.999268,0.000000,0.000000,0.026801,-0.013430,-0.029240,-0.004023,0.999474,-0.030817,-0.015619,0.034498,-0.169542,-0.269368,0.531598,0.784920,0.000000,0.000000,0.032791,0.037470,0.067040,-0.083219,0.993568,0.000000,0.000000,0.034082,-0.137458,-0.071061,0.084680,0.984320,A
0.167640,0.882276,0.248560,-0.652818,-0.100048,0.269180,0.700971,-0.020209,-0.009193,0.036567,0.000000,0.000000,0.000000,1.000000,-0.003544,0.001814,0.060251,0.135851,-0.079885,0.039571,0.986710,0.000000,0.000000,0.038252,0.172770,0.002628,-0.026343,0.984606,0.000000,0.000000,0.024512,0.018765,0.025718,-0.016541,0.999356,0.023195,-0.009500,0.034365,0.018312,0.140343,-0.207036,0.968042,-0.000002,-0.000001,0.046041,-0.202292,0.147282,0.133445,0.958947,0.000000,0.000000,0.030983,0.050066,0.040422,-0.043131,0.996995,0.000000,0.000000,0.020485,-0.014487,-0.049173,0.000678,0.998685,-0.003860,-0.007516,0.034386,0.000000,0.000000,0.000000,1.000000,0.002120,0.004951,0.062079,-0.012942,0.039916,-0.006755,0.999096,0.000000,0.000000,0.043295,0.008673,0.004259,-0.011296,0.999890,0.000000,0.000000,0.027785,-0.082239,0.004142,-0.035417,0.995975,-0.002801,-0.005040,0.065426,0.000000,0.000000,0.000000,1.000000,0.015121,-0.006067,0.035073,0.000000,0.000000,0.000000,1.000000,0.002494,-0.000518,0.054380,-0.067166,0.120952,-0.040295,0.989564,0.000000,0.000000,0.039330,0.016334,0.002432,-0.033898,0.999289,0.000000,0.000000,0.026801,-0.014570,-0.029234,-0.003969,0.999459,-0.030916,-0.015434,0.034407,-0.171173,-0.271911,0.528456,0.785811,0.000000,0.000000,0.032791,0.036668,0.067109,-0.083220,0.993593,0.000000,0.000000,0.034082,-0.141276,-0.071342,0.084723,0.983755,A
0.169109,0.882142,0.248050,-0.627444,-0.112221,0.236195,0.733439,-0.020339,-0.008937,0.036441,0.000000,0.000000,0.000000,1.000000,-0.003413,0.001558,0.060377,0.067236,-0.089921,0.031824,0.993167,0.000000,0.000000,0.038252,0.102448,0.004516,-0.026231,0.994382,0.000000,0.000000,0.024512,-0.023222,0.026406,-0.016333,0.999248,0.023195,-0.009500,0.034365,0.018312,0.140343,-0.207036,0.968042,-0.000002,-0.000001,0.046041,-0.192572,0.167494,0.134705,0.957453,0.000000,0.000000,0.030983,0.042705,0.040723,-0.042498,0.997352,0.000000,0.000000,0.020485,-0.015422,-0.049173,0.000675,0.998671,-0.003991,-0.007388,0.034260,0.000000,0.000000,0.000000,1.000000,0.002250,0.004823,0.062206,-0.032014,0.047669,-0.005511,0.998335,0.000000,0.000000,0.043294,0.007629,0.004271,-0.011290,0.999898,0.000000,0.000000,0.027785,-0.082528,0.004155,-0.035387,0.995952,-0.002866,-0.004977,0.065363,0.000000,0.000000,0.000000,1.000000,0.015121,-0.006067,0.035073,0.000000,0.000000,0.000000,1.000000,0.002494,-0.000518,0.054380,-0.066915,0.120349,-0.040400,0.989650,0.000000,0.000000,0.039330,0.015290,0.002467,-0.033872,0.999306,0.000000,0.000000,0.026801,-0.015596,-0.029229,-0.003921,0.999443,-0.031178,-0.014923,0.034154,-0.176216,-0.277991,0.519610,0.788463,0.000000,0.000000,0.032791,0.036078,0.067160,-0.083220,0.993611,0.000000,0.000000,0.034082,-0.147136,-0.071773,0.084787,0.982858,A
0.170356,0.881918,0.247337,-0.614415,-0.124159,0.212825,0.749522,-0.020386,-0.008841,0.036393,0.000000,0.000000,0.000000,1.000000,-0.003366,0.001462,0.060425,0.000076,-0.088119,0.023801,0.995826,0.000000,0.000000,0.038252,0.050279,0.005893,-0.026064,0.998378,0.000000,0.000000,0.024512,-0.039322,0.026658,-0.016246,0.998739,0.023195,-0.009500,0.034365,0.018312,0.140343,-0.207036,0.968042,-0.000002,-0.000001,0.046041,-0.194158,0.172432,0.135939,0.956081,0.000000,0.000000,0.030983,0.037311,0.040942,-0.042033,0.997580,0.000000,0.000000,0.020485,-0.016265,-0.049173,0.000672,0.998658,-0.004038,-0.007340,0.034212,0.000000,0.000000,0.000000,1.000000,0.002297,0.004775,0.062253,-0.036248,0.050403,-0.005112,0.998058,0.000000,0.000000,0.043294,0.007081,0.004277,-0.011286,0.999902,0.000000,0.000000,0.027785,-0.082137,0.004138,-0.035427,0.995983,-0.002889,-0.004953,0.065339,0.000000,0.000000,0.000000,1.000000,0.015121,-0.006067,0.035073,0.000000,0.000000,0.000000,1.000000,0.002494,-0.000518,0.054380,-0.046042,0.104836,-0.044292,0.992435,0.000000,0.000000,0.039330,0.015020,0.002476,-0.033865,0.999311,0.000000,0.000000,0.026801,-0.016521,-0.029224,-0.003877,0.999429,-0.031271,-0.014731,0.034059,-0.174356,-0.286159,0.518161,0.786907,0.000000,0.000000,0.032791,0.036350,0.067136,-0.083220,0.993603,0.000000,0.000000,0.034082,-0.148139,-0.071846,0.084798,0.982702,A
0.171961,0.882125,0.246264,-0.643851,-0.175197,0.182333,0.722161,-0.020356,-0.008902,0.036423,0.000000,0.000000,0.000000,1.000000,-0.003396,0.001523,0.060395,-0.054926,-0.084948,0.017687,0.994713,0.000000,0.000000,0.038252,0.054227,0.005789,-0.026079,0.998171,0.000000,0.000000,0.024512,-0.025764,0.026447,-0.016320,0.999185,0.023195,-0.009500,0.034365,0.018312,0.140343,-0.207036,0.968042,-0.000002,-0.000001,0.046041,-0.187038,0.156706,0.131572,0.960806,0.000000,0.000000,0.030983,0.035931,0.040998,-0.041914,0.997633,0.000000,0.000000,0.020485,-0.017033,-0.049173,0.000669,0.998645,-0.004008,-0.007371,0.034242,0.000000,0.000000,0.000000,1.000000,0.002268,0.004806,0.062223,-0.012639,0.099137,-0.003338,0.994988,0.000000,0.000000,0.043294,0.030821,0.004008,-0.011434,0.999452,0.000000,0.000000,0.027785,-0.053431,0.002885,-0.038326,0.997832,-0.002874,-0.004968,0.065354,0.000000,0.000000,0.000000,1.000000,0.015121,-0.006067,0.035073,0.000000,0.000000,0.000000,1.000000,0.002494,-0.000518,0.054380,0.031561,0.111326,-0.051396,0.991952,0.000000,0.000000,0.039330,0.051610,0.001247,-0.034749,0.998062,0.000000,0.000000,0.026801,-0.015329,-0.029230,-0.003933,0.999448,-0.031212,-0.014853,0.034120,-0.159472,-0.305762,0.526674,0.776977,0.000000,0.000000,0.032791,0.057535,0.065302,-0.083185,0.992726,0.000000,0.000000,0.034082,-0.147092,-0.071770,0.084787,0.982865,A
0.171969,0.882222,0.245521,-0.672649,-0.180212,0.194720,0.690761,-0.020296,-0.009024,0.036484,0.000000,0.000000,0.000000,1.000000,-0.003456,0.001645,0.060334,-0.073567,-0.079890,0.016258,0.993952,0.000000,0.000000,0.038252,0.070331,0.005366,-0.026136,0.997167,0.000000,0.000000,0.024512,-0.015085,0.026277,-0.016376,0.999407,0.023195,-0.009500,0.034365,0.018312,0.140343,-0.207036,0.968042,-0.000002,-0.000001,0.046041,-0.164024,0.122336,0.121324,0.971293,0.000000,0.000000,0.030983,0.035012,0.041035,-0.041835,0.997667,0.000000,0.000000,0.020485,-0.017660,-0.049173,0.000667,0.998634,-0.003948,-0.007432,0.034303,0.000000,0.000000,0.000000,1.000000,0.002207,0.004867,0.062163,0.057481,0.110813,-0.010079,0.992127,0.000000,0.000000,0.043294,0.031451,0.004001,-0.011438,0.999432,0.000000,0.000000,0.027785,-0.054011,0.002911,-0.038268,0.997803,-0.002844,-0.004998,0.065384,0.000000,0.000000,0.000000,1.000000,0.015121,-0.006067,0.035073,0.000000,0.000000,0.000000,1.000000,0.002494,-0.000518,0.054380,0.094204,0.152579,-0.059311,0.982002,0.000000,0.000000,0.039330,0.181656,-0.003157,-0.037522,0.982641,0.000000,0.000000,0.026801,0.069084,-0.029556,-0.007883,0.997142,-0.031091,-0.015096,0.034240,-0.154848,-0.305978,0.531691,0.774406,0.000000,0.000000,0.032791,0.064984,0.064649,-0.083164,0.992311,0.000000,0.000000,0.034082,-0.145590,-0.071660,0.084771,0.983098,A
0.171261,0.881609,0.243742,-0.695521,-0.154776,0.232341,0.662052,-0.020291,-0.009034,0.036489,0.000000,0.000000,0.000000,1.000000,-0.003462,0.001655,0.060329,-0.075404,-0.064470,0.018222,0.994900,0.000000,0.000000,0.038252,0.076587,0.005201,-0.026157,0.996706,0.000000,0.000000,0.024512,-0.009089,0.026180,-0.016407,0.999481,0.023195,-0.009500,0.034365,0.018312,0.140343,-0.207036,0.968042,-0.000002,-0.000001,0.046041,-0.130510,0.089604,0.111212,0.981107,0.000000,0.000000,0.030983,0.035866,0.041001,-0.041908,0.997635,0.000000,0.000000,0.020485,-0.018223,-0.049173,0.000665,0.998624,-0.003943,-0.007437,0.034308,0.000000,0.000000,0.000000,1.000000,0.002202,0.004872,0.062158,0.081805,0.141572,-0.013815,0.986445,0.000000,0.000000,0.043295,0.027497,0.004046,-0.011414,0.999549,0.000000,0.000000,0.027785,-0.055029,0.002955,-0.038166,0.997751,-0.002842,-0.005001,0.065387,0.000000,0.000000,0.000000,1.000000,0.015121,-0.006067,0.035073,0.000000,0.000000,0.000000,1.000000,0.002494,-0.000518,0.054380,0.127467,0.184968,-0.066377,0.972180,0.000000,0.000000,0.039330,0.294912,-0.007035,-0.039450,0.954684,0.000000,0.000000,0.026801,0.155177,-0.029670,-0.011876,0.987370,-0.031081,-0.015117,0.034250,-0.155348,-0.304637,0.531729,0.774808,0.000000,0.000000,0.032791,0.080594,0.063268,-0.083104,0.991260,0.000000,0.000000,0.034082,-0.144824,-0.071603,0.084763,0.983216,A
0.170778,0.881125,0.242965,-0.698918,-0.146702,0.238852,0.657984,-0.020294,-0.009027,0.036485,0.000000,0.000000,0.000000,1.000000,-0.003458,0.001648,0.060333,-0.076675,-0.034265,0.022306,0.996218,0.000000,0.000000,0.038252,0.069022,0.005400,-0.026132,0.997258,0.000000,0.000000,0.024512,-0.009769,0.026191,-0.016403,0.999475,0.023195,-0.009500,0.034365,0.018312,0.140343,-0.207036,0.968042,-0.000002,-0.000001,0.046041,-0.111702,0.081551,0.107556,0.984532,0.000000,0.000000,0.030983,0.037256,0.040944,-0.042028,0.997582,0.000000,0.000000,0.020485,-0.018345,-0.049172,0.000664,0.998622,-0.003946,-0.007433,0.034304,0.000000,0.000000,0.000000,1.000000,0.002205,0.004868,0.062161,0.080175,0.145608,-0.013733,0.985993,0.000000,0.000000,0.043294,0.017887,0.004155,-0.011354,0.999767,0.000000,0.000000,0.027786,-0.056451,0.003017,-0.038023,0.997677,-0.002843,-0.004999,0.065385,0.000000,0.000000,0.000000,1.000000,0.015121,-0.006067,0.035073,0.000000,0.000000,0.000000,1.000000,0.002494,-0.000518,0.054380,0.151538,0.187200,-0.071076,0.967957,0.000000,0.000000,0.039330,0.330509,-0.008263,-0.039956,0.942920,0.000000,0.000000,0.026801,0.172766,-0.029666,-0.012688,0.984434,-0.031088,-0.015103,0.034243,-0.156148,-0.303820,0.531205,0.775327,0.000000,0.000000,0.032791,0.097828,0.061724,-0.083014,0.989812,0.000000,0.000000,0.034082,-0.145433,-0.071648,0.084769,0.983123,A
0.171178,0.880660,0.243212,-0.662259,-0.210867,0.126514,0.707773,-0.019781,-0.009927,0.036925,0.000000,0.000000,0.000000,1.000000,-0.003971,0.002547,0.059893,-0.076323,-0.012955,0.025227,0.996680,0.000000,0.000000,0.038252,0.064490,0.005520,-0.026116,0.997561,0.000000,0.000000,0.024512,-0.010461,0.026202,-0.016400,0.999467,0.023195,-0.009500,0.034365,0.018312,0.140343,-0.207036,0.968042,-0.000002,-0.000001,0.046041,-0.110969,0.067760,0.106039,0.985825,0.000000,0.000000,0.030983,0.037490,0.040935,-0.042049,0.997572,0.000000,0.000000,0.020485,-0.018901,-0.049172,0.000662,0.998611,-0.003433,-0.007883,0.034744,0.000000,0.000000,0.000000,1.000000,0.001692,0.005318,0.061721,0.148317,0.033919,-0.011763,0.988288,0.000000,0.000000,0.043294,0.015092,0.004186,-0.011337,0.999813,0.000000,0.000000,0.027786,-0.071723,0.003683,-0.036483,0.996750,-0.002587,-0.005224,0.065605,0.000000,0.000000,0.000000,1.000000,0.015121,-0.006067,0.035073,0.000000,0.000000,0.000000,1.000000,0.002494,-0.000518,0.054380,0.274156,0.082268,-0.072060,0.955447,0.000000,0.000000,0.039330,0.333735,-0.008375,-0.040000,0.941781,0.000000,0.000000,0.026801,0.171059,-0.029667,-0.012609,0.984733,-0.030061,-0.016902,0.035123,-0.137217,-0.281516,0.562087,0.765493,0.000000,0.000000,0.032791,0.098990,0.061619,-0.083007,0.989704,0.000000,0.000000,0.034082,-0.149001,-0.071909,0.084807,0.982566,A
0.173525,0.879727,0.242134,-0.644639,-0.256609,0.035905,0.719238,-0.019310,-0.010606,0.037249,0.000000,0.000000,0.000000,1.000000,-0.004443,0.003227,0.059569,-0.077392,0.016469,0.029143,0.996439,0.000000,0.000000,0.038252,0.056701,0.005724,-0.026088,0.998034,0.000000,0.000000,0.024512,-0.022429,0.026394,-0.016338,0.999266,0.023195,-0.009500,0.034365,0.018312,0.140343,-0.207036,0.968042,-0.000002,-0.000001,0.046041,-0.069352,0.059440,0.100300,0.990756,0.000000,0.000000,0.030983,0.051796,0.040351,-0.043279,0.996903,0.000000,0.000000,0.020485,-0.018976,-0.049172,0.000662,0.998610,-0.002962,-0.008223,0.035068,0.000000,0.000000,0.000000,1.000000,0.001221,0.005658,0.061397,0.215099,0.052661,-0.017111,0.975021,0.000000,0.000000,0.043295,0.098501,0.003228,-0.011821,0.995062,0.000000,0.000000,0.027785,-0.004361,0.000743,-0.043197,0.999057,-0.002351,-0.005394,0.065767,0.000000,0.000000,0.000000,1.000000,0.015121,-0.006067,0.035073,0.000000,0.000000,0.000000,1.000000,0.002494,-0.000518,0.054380,0.459770,0.040219,-0.073735,0.884057,0.000000,0.000000,0.039330,0.493044,-0.013930,-0.041587,0.868898,0.000000,0.000000,0.026801,0.249816,-0.029534,-0.016225,0.967707,-0.029119,-0.018260,0.035771,-0.127499,-0.257596,0.584575,0.758723,0.000000,0.000000,0.032791,0.098990,0.061619,-0.083007,0.989704,0.000000,0.000000,0.034082,-0.157082,-0.072499,0.084889,0.981256,A
0.176213,0.882206,0.240774,-0.624414,-0.253150,-0.017358,0.738730,-0.019463,-0.010398,0.037150,0.000000,0.000000,0.000000,1.000000,-0.004290,0.003018,0.059668,-0.081510,0.028677,0.030771,0.995785,0.000000,0.000000,0.038252,0.056547,0.005728,-0.026087,0.998043,0.000000,0.000000,0.024512,-0.037109,0.026624,-0.016259,0.998824,0.023195,-0.009500,0.034365,0.018312,0.140343,-0.207036,0.968042,-0.000002,-0.000001,0.046041,-0.041722,0.060783,0.097225,0.992528,0.000000,0.000000,0.030983,0.132876,0.036872,-0.050100,0.989179,0.000000,0.000000,0.020485,-0.016508,-0.049173,0.000671,0.998654,-0.003114,-0.008118,0.034969,0.000000,0.000000,0.000000,1.000000,0.001374,0.005554,0.061496,0.258889,0.076117,-0.024634,0.962588,0.000000,0.000000,0.043294,0.386968,-0.000333,-0.012857,0.922003,0.000000,0.000000,0.027785,0.198510,-0.008127,-0.062200,0.978089,-0.002428,-0.005342,0.065717,0.000000,0.000000,0.000000,1.000000,0.015121,-0.006067,0.035073,0.000000,0.000000,0.000000,1.000000,0.002494,-0.000518,0.054380,0.568099,0.040483,-0.083764,0.817685,0.000000,0.000000,0.039330,0.524126,-0.015027,-0.041757,0.850484,0.000000,0.000000,0.026801,0.277836,-0.029439,-0.017503,0.960018,-0.029424,-0.017843,0.035574,-0.152249,-0.235194,0.569369,0.772867,0.000000,0.000000,0.032791,0.092570,0.062197,-0.083044,0.990286,0.000000,0.000000,0.034082,-0.164930,-0.073067,0.084963,0.979919,A
0.175922,0.884314,0.238292,-0.581468,-0.265879,-0.090440,0.763561,-0.019756,-0.009965,0.036944,0.000000,0.000000,0.000000,1.000000,-0.003996,0.002586,0.059874,-0.061846,-0.011767,0.025959,0.997679,0.000000,0.000000,0.038252,0.059259,0.005657,-0.026097,0.997886,0.000000,0.000000,0.024512,-0.041880,0.026697,-0.016232,0.998634,0.023195,-0.009500,0.034365,0.018312,0.140343,-0.207036,0.968042,-0.000002,-0.000001,0.046041,-0.033917,0.058737,0.096287,0.993040,0.000000,0.000000,0.030983,0.151864,0.036016,-0.051659,0.986393,0.000000,0.000000,0.020485,0.006770,-0.049161,0.000751,0.998768,-0.003408,-0.007902,0.034763,0.000000,0.000000,0.000000,1.000000,0.001667,0.005337,0.061703,0.322249,0.075453,-0.029648,0.943177,0.000000,0.000000,0.043295,0.524781,-0.002191,-0.012947,0.851136,0.000000,0.000000,0.027785,0.285270,-0.011928,-0.069747,0.955832,-0.002574,-0.005234,0.065614,0.000000,0.000000,0.000000,1.000000,0.015121,-0.006067,0.035073,0.000000,0.000000,0.000000,1.000000,0.002494,-0.000518,0.054380,0.604817,0.040000,-0.087682,0.790511,0.000000,0.000000,0.039330,0.575406,-0.016846,-0.041919,0.816619,0.000000,0.000000,0.026801,0.300553,-0.029343,-0.018537,0.953134,-0.030011,-0.016979,0.035160,-0.194622,-0.196337,0.537839,0.796432,0.000000,0.000000,0.032791,0.051984,0.065785,-0.083198,0.993000,0.000000,0.000000,0.034082,-0.168570,-0.073329,0.084996,0.979277,A
0.176394,0.884429,0.238866,-0.509205,-0.317458,-0.215024,0.770517,-0.019791,-0.009910,0.036917,0.000000,0.000000,0.000000,1.000000,-0.003961,0.002531,0.059901,0.254737,-0.004176,0.038499,0.966235,0.000000,0.000000,0.038252,0.279377,-0.000306,-0.026255,0.959823,0.000000,0.000000,0.024512,-0.002643,0.026075,-0.016439,0.999521,0.023195,-0.009500,0.034365,0.018312,0.140343,-0.207036,0.968042,-0.000002,-0.000001,0.046041,-0.022556,0.056711,0.095005,0.993604,0.000000,0.000000,0.030983,0.171684,0.035106,-0.053271,0.983084,0.000000,0.000000,0.020485,0.029706,-0.049124,0.000830,0.998351,-0.003443,-0.007875,0.034736,0.000000,0.000000,0.000000,1.000000,0.001702,0.005310,0.061729,0.489147,0.068530,-0.042033,0.868488,0.000000,0.000000,0.043294,0.638040,-0.003818,-0.012763,0.769888,0.000000,0.000000,0.027785,0.328555,-0.013826,-0.073372,0.941529,-0.002592,-0.005220,0.065601,0.000000,0.000000,0.000000,1.000000,0.015121,-0.006067,0.035073,0.000000,0.000000,0.000000,1.000000,0.002494,-0.000518,0.054380,0.551845,0.052877,-0.089431,0.827450,0.000000,0.000000,0.039330,0.649600,-0.019504,-0.041861,0.758872,0.000000,0.000000,0.026801,0.352263,-0.029058,-0.020879,0.935217,-0.030082,-0.016869,0.035107,-0.200416,-0.190325,0.533289,0.799508,0.000000,0.000000,0.032791,0.016438,0.068832,-0.083219,0.994016,0.000000,0.000000,0.034082,-0.169030,-0.073362,0.085000,0.979195,A
0.176507,0.885217,0.239026,-0.463363,-0.336201,-0.312842,0.757887,-0.020447,-0.008712,0.036329,0.000000,0.000000,0.000000,1.000000,-0.003305,0.001333,0.060489,0.373955,0.023169,0.034536,0.926514,0.000000,0.000000,0.038252,0.391625,-0.003496,-0.025801,0.919757,0.000000,0.000000,0.024512,0.101348,0.024230,-0.016864,0.994413,0.023195,-0.009500,0.034365,0.018312,0.140343,-0.207036,0.968042,-0.000002,-0.000001,0.046041,-0.016347,0.050650,0.094263,0.994124,0.000000,0.000000,0.030983,0.207647,0.033408,-0.056155,0.976019,0.000000,0.000000,0.020485,0.073812,-0.048980,0.000980,0.996068,-0.004099,-0.007276,0.034148,0.000000,0.000000,0.000000,1.000000,0.002358,0.004711,0.062318,0.481171,0.069916,-0.041934,0.872828,0.000000,0.000000,0.043294,0.499852,-0.001846,-0.012954,0.866012,0.000000,0.000000,0.027785,0.264089,-0.011000,-0.067938,0.962040,-0.002920,-0.004920,0.065306,0.000000,0.000000,0.000000,1.000000,0.015121,-0.006067,0.035073,0.000000,0.000000,0.000000,1.000000,0.002494,-0.000518,0.054380,0.447711,0.096769,-0.097719,0.883539,0.000000,0.000000,0.039330,0.547135,-0.015841,-0.041848,0.835848,0.000000,0.000000,0.026801,0.314041,-0.029278,-0.019149,0.948765,-0.031393,-0.014472,0.033930,-0.222103,-0.215264,0.488400,0.815964,0.000000,0.000000,0.032791,0.000475,0.070171,-0.083193,0.994060,0.000000,0.000000,0.034082,-0.145131,-0.071626,0.084766,0.983169,A
0.178215,0.888191,0.239691,-0.447496,-0.340129,-0.354652,0.747183,-0.020678,-0.008175,0.036059,0.000000,0.000000,0.000000,1.000000,-0.003075,0.000796,0.060759,0.436874,0.026976,0.033892,0.898479,0.000000,0.000000,0.038252,0.520599,-0.007307,-0.024755,0.853411,0.000000,0.000000,0.024512,0.203909,0.022130,-0.017105,0.978590,0.023195,-0.009500,0.034365,0.018312,0.140343,-0.207036,0.968042,-0.000002,-0.000001,0.046041,-0.027979,0.049699,0.095413,0.993803,0.000000,0.000000,0.030983,0.219396,0.032841,-0.057086,0.973411,0.000000,0.000000,0.020485,0.093987,-0.048881,0.001049,0.994372,-0.004329,-0.007007,0.033878,0.000000,0.000000,0.000000,1.000000,0.002589,0.004442,0.062588,0.470454,0.063028,-0.037555,0.879369,0.000000,0.000000,0.043294,0.440678,-0.001043,-0.012928,0.897572,0.000000,0.000000,0.027785,0.218899,-0.009020,-0.064006,0.973604,-0.003035,-0.004786,0.065172,0.000000,0.000000,0.000000,1.000000,0.015121,-0.006067,0.035073,0.000000,0.000000,0.000000,1.000000,0.002494,-0.000518,0.054380,0.387712,0.118914,-0.097184,0.908897,0.000000,0.000000,0.039330,0.496956,-0.014068,-0.041612,0.866663,0.000000,0.000000,0.026801,0.267882,-0.029476,-0.017049,0.962850,-0.031854,-0.013399,0.033390,-0.229800,-0.229508,0.470035,0.820723,0.000000,0.000000,0.032791,0.013212,0.069104,-0.083215,0.994045,0.000000,0.000000,0.034082,-0.131754,-0.070638,0.084613,0.985136,A
0.181508,0.888656,0.238196,-0.409104,-0.340070,-0.423645,0.733151,-0.020673,-0.008186,0.036064,0.000000,0.000000,0.000000,1.000000,-0.003079,0.000807,0.060754,0.376562,0.006208,0.040390,0.925490,0.000000,0.000000,0.038252,0.593758,-0.009552,-0.023863,0.804233,0.000000,0.000000,0.024512,0.296572,0.019981,-0.017165,0.954647,0.023195,-0.009500,0.034365,0.018312,0.140343,-0.207036,0.968042,-0.000002,-0.000001,0.046041,0.114477,0.061872,0.080567,0.988219,0.000000,0.000000,0.030983,0.324121,0.027496,-0.065116,0.943371,0.000000,0.000000,0.020485,0.219192,-0.047812,0.001466,0.974509,-0.004325,-0.007013,0.033883,0.000000,0.000000,0.000000,1.000000,0.002584,0.004448,0.062582,0.348348,0.062172,-0.027578,0.934895,0.000000,0.000000,0.043294,0.591990,-0.003144,-0.012871,0.805836,0.000000,0.000000,0.027785,0.349668,-0.014752,-0.075105,0.933742,-0.003033,-0.004789,0.065174,0.000000,0.000000,0.000000,1.000000,0.015121,-0.006067,0.035073,0.000000,0.000000,0.000000,1.000000,0.002494,-0.000518,0.054380,0.315731,0.111076,-0.084061,0.938568,0.000000,0.000000,0.039330,0.543255,-0.015704,-0.041835,0.838378,0.000000,0.000000,0.026801,0.346494,-0.029095,-0.020619,0.937374,-0.031845,-0.013421,0.033402,-0.229266,-0.229882,0.470659,0.820410,0.000000,0.000000,0.032791,0.035600,0.067201,-0.083221,0.993625,0.000000,0.000000,0.034082,-0.130422,-0.070539,0.084597,0.985321,A
0.184512,0.888727,0.232552,-0.297850,-0.383979,-0.558492,0.672259,-0.020059,-0.009466,0.036701,0.000000,0.000000,0.000000,1.000000,-0.003694,0.002087,0.060117,0.185948,-0.005594,0.035884,0.981888,0.000000,0.000000,0.038252,0.652202,-0.011398,-0.022961,0.757611,0.000000,0.000000,0.024512,0.394921,0.017418,-0.017049,0.918392,0.023195,-0.009500,0.034365,0.018312,0.140343,-0.207036,0.968042,-0.000002,-0.000001,0.046041,0.233585,0.208025,0.029165,0.949375,0.000000,0.000000,0.030983,0.173600,0.035017,-0.053426,0.982742,0.000000,0.000000,0.020485,0.082151,-0.048941,0.001009,0.995417,-0.003710,-0.007653,0.034520,0.000000,0.000000,0.000000,1.000000,0.001970,0.005088,0.061945,0.099135,0.097106,-0.013776,0.990229,0.000000,0.000000,0.043294,0.412776,-0.000672,-0.012896,0.910741,0.000000,0.000000,0.027785,0.219913,-0.009064,-0.064096,0.973370,-0.002726,-0.005109,0.065493,0.000000,0.000000,0.000000,1.000000,0.015121,-0.006067,0.035073,0.000000,0.000000,0.000000,1.000000,0.002494,-0.000518,0.054380,0.170518,0.219177,-0.078161,0.957484,0.000000,0.000000,0.039330,0.338973,-0.008556,-0.040069,0.939904,0.000000,0.000000,0.026801,0.201421,-0.029638,-0.014006,0.978956,-0.030616,-0.015981,0.034675,-0.115605,-0.337759,0.557910,0.749194,0.000000,0.000000,0.032791,0.157833,0.056179,-0.082503,0.982408,0.000000,0.000000,0.034082,-0.046688,-0.064099,0.083290,0.993365,A
0.186295,0.887019,0.226992,-0.266391,-0.417774,-0.608559,0.619804,-0.019127,-0.010842,0.037360,0.000000,0.000000,0.000000,1.000000,-0.004625,0.003463,0.059458,0.076826,-0.003992,0.031579,0.996536,0.000000,0.000000,0.038252,0.694205,-0.012760,-0.022190,0.719322,0.000000,0.000000,0.024512,0.466829,0.015340,-0.016836,0.884054,0.023195,-0.009500,0.034365,0.018312,0.140343,-0.207036,0.968042,-0.000002,-0.000001,0.046041,0.280623,0.239644,0.005102,0.929406,0.000000,0.000000,0.030983,0.115775,0.037630,-0.048683,0.991368,0.000000,0.000000,0.020485,0.025029,-0.049134,0.000814,0.998478,-0.002779,-0.008341,0.035179,0.000000,0.000000,0.000000,1.000000,0.001038,0.005776,0.061286,-0.006320,0.100619,-0.003854,0.994898,0.000000,0.000000,0.043294,0.298162,0.000807,-0.012649,0.954431,0.000000,0.000000,0.027785,0.134001,-0.005304,-0.056359,0.989363,-0.002260,-0.005453,0.065822,0.000000,0.000000,0.000000,1.000000,0.015121,-0.006067,0.035073,0.000000,0.000000,0.000000,1.000000,0.002494,-0.000518,0.054380,0.094204,0.200015,-0.060660,0.973365,0.000000,0.000000,0.039330,0.222680,-0.004557,-0.038275,0.974129,0.000000,0.000000,0.026801,0.125724,-0.029656,-0.010514,0.991566,-0.028753,-0.018733,0.035993,-0.020419,-0.377854,0.616859,0.690141,0.000000,0.000000,0.032791,0.248149,0.047331,-0.081139,0.964157,0.000000,0.000000,0.034082,0.055754,-0.055638,0.080896,0.993605,A
0.193219,0.882258,0.228232,-0.271959,-0.452314,-0.603581,0.597612,-0.018328,-0.011744,0.037773,0.000000,0.000000,0.000000,1.000000,-0.005425,0.004365,0.059045,-0.073413,-0.010870,0.025620,0.996913,0.000000,0.000000,0.038252,0.667065,-0.011877,-0.022701,0.744559,0.000000,0.000000,0.024512,0.494989,0.014475,-0.016720,0.868618,0.023195,-0.009500,0.034365,0.018312,0.140343,-0.207036,0.968042,-0.000002,-0.000001,0.046041,0.367087,0.235808,-0.019797,0.899583,0.000000,0.000000,0.030983,0.100768,0.038284,-0.047430,0.993041,0.000000,0.000000,0.020485,0.011300,-0.049156,0.000767,0.998727,-0.001980,-0.008792,0.035592,0.000000,0.000000,0.000000,1.000000,0.000239,0.006227,0.060873,-0.065789,0.086924,0.000291,0.994040,0.000000,0.000000,0.043295,0.227783,0.001681,-0.012412,0.973631,0.000000,0.000000,0.027785,0.111611,-0.004325,-0.054287,0.992259,-0.001860,-0.005678,0.066029,0.000000,0.000000,0.000000,1.000000,0.015121,-0.006067,0.035073,0.000000,0.000000,0.000000,1.000000,0.002494,-0.000518,0.054380,0.110197,0.181061,-0.063014,0.975245,0.000000,0.000000,0.039330,0.157224,-0.002326,-0.037046,0.986865,0.000000,0.000000,0.026801,0.102561,-0.029626,-0.009440,0.994241,-0.027154,-0.020537,0.036820,0.030528,-0.378188,0.648344,0.660069,0.000000,0.000000,0.032791,0.329312,0.038838,-0.079271,0.940086,0.000000,0.000000,0.034082,0.179317,-0.044575,0.076840,0.979772,A
0.197565,0.877489,0.224363,-0.257094,-0.470295,-0.606536,0.587230,-0.017395,-0.012594,0.038146,0.000000,0.000000,0.000000,1.000000,-0.006357,0.005215,0.058672,-0.081932,0.003305,0.027274,0.996259,0.000000,0.000000,0.038252,0.464205,-0.005619,-0.025288,0.885349,0.000000,0.000000,0.024512,0.313919,0.019551,-0.017158,0.949093,0.023195,-0.009500,0.034365,0.018312,0.140343,-0.207036,0.968042,-0.000002,-0.000001,0.046041,0.434965,0.170239,-0.003741,0.884200,0.000000,0.000000,0.030983,0.099985,0.038318,-0.047364,0.993122,0.000000,0.000000,0.020485,0.012300,-0.049155,0.000770,0.998715,-0.001047,-0.009217,0.035965,0.000000,0.000000,0.000000,1.000000,-0.000694,0.006652,0.060501,-0.073044,0.087615,0.000970,0.993472,0.000000,0.000000,0.043294,0.163031,0.002466,-0.012140,0.986543,0.000000,0.000000,0.027785,0.079686,-0.002929,-0.051294,0.995495,-0.001394,-0.005891,0.066215,0.000000,0.000000,0.000000,1.000000,0.015121,-0.006067,0.035073,0.000000,0.000000,0.000000,1.000000,0.002494,-0.000518,0.054380,0.198833,0.164655,-0.077117,0.963020,0.000000,0.000000,0.039330,0.117350,-0.000973,-0.036223,0.992429,0.000000,0.000000,0.026801,0.085493,-0.029594,-0.008647,0.995862,-0.025289,-0.022236,0.037564,0.036774,-0.328555,0.677002,0.657547,0.000000,0.000000,0.032791,0.346774,0.036940,-0.078785,0.933904,0.000000,0.000000,0.034082,0.251096,-0.037704,0.073878,0.964402,A
0.197060,0.874568,0.218675,-0.250400,-0.467365,-0.626549,0.571233,-0.017653,-0.012376,0.038052,0.000000,0.000000,0.000000,1.000000,-0.006099,0.004997,0.058766,-0.083428,-0.004149,0.026188,0.996161,0.000000,0.000000,0.038252,0.283346,-0.000417,-0.026245,0.958659,0.000000,0.000000,0.024512,0.164775,0.022965,-0.017034,0.985917,0.023195,-0.009500,0.034365,0.018312,0.140343,-0.207036,0.968042,-0.000002,-0.000001,0.046041,0.513904,0.170351,-0.022828,0.840454,0.000000,0.000000,0.030983,0.116808,0.037585,-0.048769,0.991244,0.000000,0.000000,0.020485,0.013408,-0.049153,0.000774,0.998701,-0.001305,-0.009108,0.035871,0.000000,0.000000,0.000000,1.000000,-0.000436,0.006543,0.060594,-0.074561,0.105363,0.003261,0.991629,0.000000,0.000000,0.043294,0.123035,0.002940,-0.011948,0.992326,0.000000,0.000000,0.027785,0.043770,-0.001359,-0.047872,0.997893,-0.001523,-0.005836,0.066168,0.000000,0.000000,0.000000,1.000000,0.015121,-0.006067,0.035073,0.000000,0.000000,0.000000,1.000000,0.002494,-0.000518,0.054380,0.217208,0.163630,-0.080169,0.958968,0.000000,0.000000,0.039330,0.114034,-0.000861,-0.036153,0.992819,0.000000,0.000000,0.026801,0.077976,-0.029578,-0.008297,0.996482,-0.025806,-0.021801,0.037378,0.019297,-0.324963,0.668594,0.668587,0.000000,0.000000,0.032791,0.350535,0.036528,-0.078677,0.932524,0.000000,0.000000,0.034082,0.294772,-0.033355,0.071845,0.952279,A
0.199240,0.870555,0.214349,-0.195932,-0.466670,-0.690567,0.516670,-0.017809,-0.012239,0.037993,0.000000,0.000000,0.000000,1.000000,-0.005944,0.004860,0.058825,-0.086184,0.032360,0.031300,0.995262,0.000000,0.000000,0.038252,0.175739,0.002547,-0.026344,0.984081,0.000000,0.000000,0.024512,0.079605,0.024639,-0.016790,0.996381,0.023195,-0.009500,0.034365,0.018312,0.140343,-0.207036,0.968042,-0.000002,-0.000001,0.046041,0.580930,0.168635,-0.039111,0.795332,0.000000,0.000000,0.030983,0.135871,0.036738,-0.050347,0.988764,0.000000,0.000000,0.020485,0.014028,-0.049152,0.000776,0.998693,-0.001460,-0.009039,0.035812,0.000000,0.000000,0.000000,1.000000,-0.000280,0.006475,0.060654,-0.075167,0.127257,0.006030,0.988999,0.000000,0.000000,0.043294,0.087139,0.003360,-0.011759,0.996121,0.000000,0.000000,0.027785,0.019157,-0.000284,-0.045494,0.998781,-0.001601,-0.005802,0.066139,0.000000,0.000000,0.000000,1.000000,0.015121,-0.006067,0.035073,0.000000,0.000000,0.000000,1.000000,0.002494,-0.000518,0.054380,0.265007,0.160052,-0.088000,0.946790,0.000000,0.000000,0.039330,0.118145,-0.001000,-0.036240,0.992334,0.000000,0.000000,0.026801,0.076170,-0.029573,-0.008213,0.996622,-0.026116,-0.021527,0.037259,0.004111,-0.317797,0.662810,0.677991,0.000000,0.000000,0.032791,0.326324,0.039161,-0.079351,0.941107,0.000000,0.000000,0.034082,0.314151,-0.031384,0.070886,0.946203,A
0.202096,0.866982,0.212989,-0.175778,-0.446071,-0.721358,0.499765,-0.019362,-0.010535,0.037216,0.000000,0.000000,0.000000,1.000000,-0.004390,0.003156,0.059602,-0.066981,0.075740,0.036364,0.994211,0.000000,0.000000,0.038252,0.091346,0.004810,-0.026201,0.995463,0.000000,0.000000,0.024512,-0.000661,0.026042,-0.016449,0.999525,0.023195,-0.009500,0.034365,0.018312,0.140343,-0.207036,0.968042,-0.000002,-0.000001,0.046041,0.630237,0.176456,-0.060683,0.753646,0.000000,0.000000,0.030983,0.131380,0.036939,-0.049976,0.989382,0.000000,0.000000,0.020485,0.012746,-0.049154,0.000772,0.998710,-0.003014,-0.008187,0.035035,0.000000,0.000000,0.000000,1.000000,0.001274,0.005622,0.061431,0.006438,0.134511,-0.003721,0.990884,0.000000,0.000000,0.043294,0.028131,0.004039,-0.011418,0.999531,0.000000,0.000000,0.027785,-0.030217,0.001872,-0.040644,0.998715,-0.002377,-0.005376,0.065750,0.000000,0.000000,0.000000,1.000000,0.015121,-0.006067,0.035073,0.000000,0.000000,0.000000,1.000000,0.002494,-0.000518,0.054380,0.352349,0.154452,-0.102909,0.917281,0.000000,0.000000,0.039330,0.124865,-0.001228,-0.036382,0.991506,0.000000,0.000000,0.026801,0.074850,-0.029570,-0.008151,0.996723,-0.029224,-0.018119,0.035704,-0.065338,-0.341870,0.600171,0.720174,0.000000,0.000000,0.032791,0.182285,0.053844,-0.082205,0.978323,0.000000,0.000000,0.034082,0.145854,-0.047665,0.078067,0.985069,A
0.205435,0.861614,0.214373,-0.171996,-0.444871,-0.729482,0.490268,-0.019594,-0.010209,0.037061,0.000000,0.000000,0.000000,1.000000,-0.004158,0.002830,0.059757,-0.069709,-0.117023,0.011569,0.990612,0.000000,0.000000,0.038252,0.028157,0.006471,-0.025971,0.999245,0.000000,0.000000,0.024512,-0.044107,0.026732,-0.016220,0.998537,0.023195,-0.009500,0.034365,0.018312,0.140343,-0.207036,0.968042,-0.000002,-0.000001,0.046041,0.625245,0.234934,-0.117971,0.734818,0.000000,0.000000,0.030983,0.091463,0.038685,-0.046649,0.993963,0.000000,0.000000,0.020485,0.010285,-0.049157,0.000763,0.998738,-0.003246,-0.008024,0.034880,0.000000,0.000000,0.000000,1.000000,0.001505,0.005459,0.061586,0.080986,0.133610,-0.013412,0.987628,0.000000,0.000000,0.043295,0.019265,0.004139,-0.011363,0.999741,0.000000,0.000000,0.027785,-0.049555,0.002716,-0.038715,0.998017,-0.002493,-0.005295,0.065673,0.000000,0.000000,0.000000,1.000000,0.015121,-0.006067,0.035073,0.000000,0.000000,0.000000,1.000000,0.002494,-0.000518,0.054380,0.452895,0.143935,-0.119693,0.871690,0.000000,0.000000,0.039330,0.186565,-0.003324,-0.037615,0.981717,0.000000,0.000000,0.026801,0.082697,-0.029588,-0.008517,0.996099,-0.029687,-0.017467,0.035394,-0.076688,-0.346688,0.588611,0.726267,0.000000,0.000000,0.032791,0.082004,0.063142,-0.083098,0.991153,0.000000,0.000000,0.034082,-0.029345,-0.062711,0.082946,0.994146,A
0.206981,0.853024,0.225019,-0.152419,-0.461870,-0.739538,0.465326,-0.020448,-0.008711,0.036328,0.000000,0.000000,0.000000,1.000000,-0.003305,0.001332,0.060490,-0.074688,-0.169775,0.002985,0.982644,0.000000,0.000000,0.038252,0.021250,0.006650,-0.025940,0.999416,0.000000,0.000000,0.024512,-0.044276,0.026734,-0.016219,0.998530,0.023195,-0.009500,0.034365,0.018312,0.140343,-0.207036,0.968042,-0.000002,-0.000001,0.046041,0.529542,0.244564,-0.083526,0.807959,0.000000,0.000000,0.030983,0.095727,0.038502,-0.047007,0.993551,0.000000,0.000000,0.020485,0.010428,-0.049157,0.000764,0.998736,-0.004099,-0.007275,0.034147,0.000000,0.000000,0.000000,1.000000,0.002359,0.004710,0.062318,0.164832,0.123245,-0.023205,0.978316,0.000000,0.000000,0.043294,0.021806,0.004110,-0.011379,0.999689,0.000000,0.000000,0.027785,-0.049359,0.002707,-0.038734,0.998026,-0.002920,-0.004920,0.065306,0.000000,0.000000,0.000000,1.000000,0.015121,-0.006067,0.035073,0.000000,0.000000,0.000000,1.000000,0.002494,-0.000518,0.054380,0.537927,0.153871,-0.146281,0.815819,0.000000,0.000000,0.039330,0.290038,-0.006868,-0.039377,0.956180,0.000000,0.000000,0.026801,0.142723,-0.029667,-0.011301,0.989254,-0.031394,-0.014471,0.033929,-0.134025,-0.354985,0.532972,0.756283,0.000000,0.000000,0.032791,0.001295,0.070103,-0.083195,0.994064,0.000000,0.000000,0.034082,-0.151839,-0.072117,0.084837,0.982113,A
0.208592,0.849297,0.231509,-0.151154,-0.487675,-0.719728,0.470443,-0.020661,-0.008216,0.036079,0.000000,0.000000,0.000000,1.000000,-0.003091,0.000837,0.060739,-0.076581,-0.163643,0.003543,0.983536,0.000000,0.000000,0.038252,0.019564,0.006694,-0.025932,0.999450,0.000000,0.000000,0.024512,-0.044723,0.026741,-0.016216,0.998510,0.023195,-0.009500,0.034365,0.018312,0.140343,-0.207036,0.968042,-0.000002,-0.000001,0.046041,0.475156,0.236712,-0.056571,0.845573,0.000000,0.000000,0.030983,0.170315,0.035169,-0.053160,0.983326,0.000000,0.000000,0.020485,0.010017,-0.049158,0.000762,0.998741,-0.004313,-0.007028,0.033898,0.000000,0.000000,0.000000,1.000000,0.002573,0.004463,0.062567,0.236655,0.116634,-0.030947,0.964071,0.000000,0.000000,0.043294,0.018807,0.004144,-0.011360,0.999750,0.000000,0.000000,0.027785,-0.056252,0.003008,-0.038043,0.997687,-0.003027,-0.004796,0.065182,0.000000,0.000000,0.000000,1.000000,0.015121,-0.006067,0.035073,0.000000,0.000000,0.000000,1.000000,0.002494,-0.000518,0.054380,0.573148,0.150767,-0.154961,0.790416,0.000000,0.000000,0.039330,0.497557,-0.014089,-0.041615,0.866318,0.000000,0.000000,0.026801,0.290762,-0.029386,-0.018092,0.956173,-0.031822,-0.013480,0.033431,-0.155033,-0.351907,0.512838,0.767544,0.000000,0.000000,0.032791,-0.035759,0.073144,-0.083057,0.993213,0.000000,0.000000,0.034082,-0.167507,-0.073253,0.084987,0.979466,A
0.207065,0.849432,0.232576,-0.146720,-0.426973,-0.750496,0.482622,-0.021003,-0.007206,0.035563,0.000000,0.000000,0.000000,1.000000,-0.002750,-0.000173,0.061255,-0.043794,-0.134720,0.013386,0.989825,0.000000,0.000000,0.038252,0.018124,0.006732,-0.025925,0.999477,0.000000,0.000000,0.024512,-0.046526,0.026769,-0.016206,0.998427,0.023195,-0.009500,0.034365,0.018312,0.140343,-0.207036,0.968042,-0.000002,-0.000001,0.046041,0.466474,0.212283,-0.037334,0.857872,0.000000,0.000000,0.030983,0.230267,0.032311,-0.057942,0.970864,0.000000,0.000000,0.020485,0.028189,-0.049127,0.000825,0.998394,-0.004655,-0.006523,0.033382,0.000000,0.000000,0.000000,1.000000,0.002914,0.003958,0.063083,0.288149,0.115374,-0.037053,0.949887,0.000000,0.000000,0.043294,0.017009,0.004165,-0.011349,0.999782,0.000000,0.000000,0.027785,-0.060686,0.003202,-0.037597,0.997443,-0.003198,-0.004544,0.064924,0.000000,0.000000,0.000000,1.000000,0.015121,-0.006067,0.035073,0.000000,0.000000,0.000000,1.000000,0.002494,-0.000518,0.054380,0.609690,0.114411,-0.140742,0.771608,0.000000,0.000000,0.039330,0.620342,-0.018452,-0.041929,0.782992,0.000000,0.000000,0.026801,0.384641,-0.028832,-0.022338,0.922345,-0.032505,-0.011461,0.032399,-0.185175,-0.362286,0.476481,0.779375,0.000000,0.000000,0.032791,-0.053296,0.074549,-0.082952,0.992331,0.000000,0.000000,0.034082,-0.169640,-0.073406,0.085005,0.979085,A
0.205778,0.848220,0.235619,-0.146052,-0.359318,-0.777848,0.494481,-0.021098,-0.006837,0.035371,0.000000,0.000000,0.000000,1.000000,-0.002655,-0.000542,0.061447,0.030754,-0.128171,0.026042,0.990933,0.000000,0.000000,0.038252,0.017570,0.006746,-0.025923,0.999487,0.000000,0.000000,0.024512,-0.049315,0.026811,-0.016190,0.998292,0.023195,-0.009500,0.034365,0.018312,0.140343,-0.207036,0.968042,-0.000002,-0.000001,0.046041,0.439813,0.206530,-0.025767,0.873640,0.000000,0.000000,0.030983,0.288678,0.029364,-0.062453,0.954936,0.000000,0.000000,0.020485,0.123229,-0.048703,0.001147,0.991182,-0.004749,-0.006338,0.033190,0.000000,0.000000,0.000000,1.000000,0.003009,0.003773,0.063275,0.307313,0.092156,-0.033029,0.946560,0.000000,0.000000,0.043294,0.143063,0.002703,-0.012046,0.989637,0.000000,0.000000,0.027785,0.033271,-0.000900,-0.046861,0.998347,-0.003245,-0.004452,0.064828,0.000000,0.000000,0.000000,1.000000,0.015121,-0.006067,0.035073,0.000000,0.000000,0.000000,1.000000,0.002494,-0.000518,0.054380,0.623166,0.092204,-0.128074,0.766002,0.000000,0.000000,0.039330,0.704365,-0.021490,-0.041551,0.708295,0.000000,0.000000,0.026801,0.449952,-0.028253,-0.025262,0.892248,-0.032694,-0.010722,0.032016,-0.209623,-0.341189,0.454451,0.795690,0.000000,0.000000,0.032791,-0.063825,0.075382,-0.082876,0.991653,0.000000,0.000000,0.034082,-0.171261,-0.073522,0.085019,0.978793,A
0.204606,0.850231,0.239296,-0.072958,-0.435500,-0.765679,0.467710,-0.021054,-0.007015,0.035464,0.000000,0.000000,0.000000,1.000000,-0.002698,-0.000364,0.061354,0.058816,-0.127523,0.030558,0.989619,0.000000,0.000000,0.038252,0.017578,0.006746,-0.025923,0.999487,0.000000,0.000000,0.024512,-0.048631,0.026801,-0.016194,0.998326,0.023195,-0.009500,0.034365,0.018312,0.140343,-0.207036,0.968042,-0.000002,-0.000001,0.046041,0.410400,0.193758,-0.010444,0.891022,0.000000,0.000000,0.030983,0.417606,0.022255,-0.071856,0.905509,0.000000,0.000000,0.020485,0.269058,-0.047159,0.001629,0.961968,-0.004706,-0.006427,0.033283,0.000000,0.000000,0.000000,1.000000,0.002965,0.003862,0.063182,0.408809,0.030485,-0.019486,0.911902,0.000000,0.000000,0.043294,0.502248,-0.001879,-0.012954,0.864625,0.000000,0.000000,0.027785,0.300214,-0.012583,-0.071009,0.951142,-0.003223,-0.004496,0.064874,0.000000,0.000000,0.000000,1.000000,0.015121,-0.006067,0.035073,0.000000,0.000000,0.000000,1.000000,0.002494,-0.000518,0.054380,0.579472,0.093721,-0.119351,0.800740,0.000000,0.000000,0.039330,0.750667,-0.023189,-0.041071,0.658996,0.000000,0.000000,0.026801,0.510240,-0.027563,-0.027936,0.859136,-0.032607,-0.011079,0.032201,-0.204593,-0.339647,0.461113,0.793824,0.000000,0.000000,0.032791,-0.065622,0.075524,-0.082862,0.991526,0.000000,0.000000,0.034082,-0.172712,-0.073626,0.085032,0.978529,A
0.203514,0.856108,0.236702,-0.008374,-0.501401,-0.740262,0.447817,-0.021012,-0.007175,0.035547,0.000000,0.000000,0.000000,1.000000,-0.002741,-0.000204,0.061271,0.080139,-0.126931,0.033982,0.988085,0.000000,0.000000,0.038252,0.035591,0.006277,-0.026004,0.999008,0.000000,0.000000,0.024512,-0.040817,0.026681,-0.016238,0.998678,0.023195,-0.009500,0.034365,0.018312,0.140343,-0.207036,0.968042,-0.000002,-0.000001,0.046041,0.398898,0.169081,0.005087,0.901258,0.000000,0.000000,0.030983,0.529696,0.015301,-0.079323,0.844332,0.000000,0.000000,0.020485,0.388082,-0.045032,0.002009,0.920522,-0.004663,-0.006507,0.033366,0.000000,0.000000,0.000000,1.000000,0.002923,0.003942,0.063100,0.454211,0.024042,-0.018323,0.890381,0.000000,0.000000,0.043295,0.631624,-0.003723,-0.012781,0.775160,0.000000,0.000000,0.027785,0.427490,-0.018169,-0.081280,0.900176,-0.003202,-0.004536,0.064916,0.000000,0.000000,0.000000,1.000000,0.015121,-0.006067,0.035073,0.000000,0.000000,0.000000,1.000000,0.002494,-0.000518,0.054380,0.512555,0.101530,-0.110864,0.845393,0.000000,0.000000,0.039330,0.778110,-0.024206,-0.040671,0.626343,0.000000,0.000000,0.026801,0.555571,-0.026935,-0.029930,0.830494,-0.032522,-0.011398,0.032367,-0.196553,-0.344428,0.469206,0.789039,0.000000,0.000000,0.032791,-0.062506,0.075278,-0.082886,0.991744,0.000000,0.000000,0.034082,-0.174017,-0.073720,0.085043,0.978290,A
0.203814,0.856990,0.236830,-0.001156,-0.499120,-0.746785,0.439533,-0.021180,-0.006453,0.035170,0.000000,0.000000,0.000000,1.000000,-0.002573,-0.000926,0.061648,0.162553,-0.082132,0.042896,0.982339,0.000000,0.000000,0.038252,0.155894,0.003084,-0.026328,0.987418,0.000000,0.000000,0.024512,0.012096,0.025830,-0.016510,0.999457,0.023195,-0.009500,0.034365,0.018312,0.140343,-0.207036,0.968042,-0.000002,-0.000001,0.046041,0.319583,0.157383,0.027022,0.934006,0.000000,0.000000,0.030983,0.619105,0.009122,-0.084702,0.780674,0.000000,0.000000,0.020485,0.470343,-0.043047,0.002265,0.881430,-0.004832,-0.006146,0.032989,0.000000,0.000000,0.000000,1.000000,0.003091,0.003581,0.063476,0.386666,0.038773,-0.021732,0.921148,0.000000,0.000000,0.043294,0.694928,-0.004680,-0.012557,0.718955,0.000000,0.000000,0.027785,0.502357,-0.021461,-0.086877,0.860017,-0.003286,-0.004355,0.064727,0.000000,0.000000,0.000000,1.000000,0.015121,-0.006067,0.035073,0.000000,0.000000,0.000000,1.000000,0.002494,-0.000518,0.054380,0.412139,0.109471,-0.097521,0.899248,0.000000,0.000000,0.039330,0.785635,-0.024486,-0.040544,0.616874,0.000000,0.000000,0.026801,0.582799,-0.026507,-0.031119,0.811588,-0.032859,-0.009954,0.031613,-0.211683,-0.360779,0.446038,0.791252,0.000000,0.000000,0.032791,-0.036203,0.073180,-0.083055,0.993195,0.000000,0.000000,0.034082,-0.175196,-0.073804,0.085052,0.978072,A
0.205691,0.847764,0.241062,-0.021915,-0.499063,-0.747999,0.436982,-0.021214,-0.006262,0.035070,0.000000,0.000000,0.000000,1.000000,-0.002538,-0.001117,0.061748,0.264849,-0.044090,0.047428,0.962113,0.000000,0.000000,0.038252,0.341426,-0.002056,-0.026052,0.939545,0.000000,0.000000,0.024512,0.166229,0.022934,-0.017037,0.985673,0.023195,-0.009500,0.034365,0.018312,0.140343,-0.207036,0.968042,-0.000002,-0.000001,0.046041,0.134856,0.185883,0.058483,0.971515,0.000000,0.000000,0.030983,0.504386,0.016942,-0.077702,0.859808,0.000000,0.000000,0.020485,0.473020,-0.042975,0.002273,0.880000,-0.004866,-0.006051,0.032889,0.000000,0.000000,0.000000,1.000000,0.003125,0.003486,0.063576,0.229865,0.031496,-0.013852,0.972614,0.000000,0.000000,0.043294,0.598727,-0.003242,-0.012858,0.800843,0.000000,0.000000,0.027785,0.508155,-0.021716,-0.087296,0.856555,-0.003303,-0.004308,0.064677,0.000000,0.000000,0.000000,1.000000,0.015121,-0.006067,0.035073,0.000000,0.000000,0.000000,1.000000,0.002494,-0.000518,0.054380,0.230732,0.113175,-0.073624,0.963605,0.000000,0.000000,0.039330,0.663647,-0.020012,-0.041805,0.746609,0.000000,0.000000,0.026801,0.526565,-0.027348,-0.028656,0.849212,-0.032928,-0.009573,0.031413,-0.215732,-0.364973,0.439956,0.791639,0.000000,0.000000,0.032791,-0.012620,0.071256,-0.083157,0.993906,0.000000,0.000000,0.034082,-0.134525,-0.070844,0.084646,0.984743,A
0.203649,0.846575,0.241854,-0.054565,-0.491878,-0.758981,0.423116,-0.021077,-0.006924,0.035417,0.000000,0.000000,0.000000,1.000000,-0.002676,-0.000455,0.061401,0.363039,-0.040861,0.055208,0.929239,0.000000,0.000000,0.038252,0.452155,-0.005263,-0.025386,0.891562,0.000000,0.000000,0.024512,0.233185,0.021477,-0.017141,0.972044,0.023195,-0.009500,0.034365,0.018312,0.140343,-0.207036,0.968042,-0.000002,-0.000001,0.046041,0.006458,0.156887,0.089475,0.983534,0.000000,0.000000,0.030983,0.244015,0.031632,-0.059017,0.967457,0.000000,0.000000,0.020485,0.166485,-0.048360,0.001292,0.984857,-0.004729,-0.006382,0.033236,0.000000,0.000000,0.000000,1.000000,0.002988,0.003817,0.063230,0.142806,0.016725,-0.009881,0.989560,0.000000,0.000000,0.043294,0.402016,-0.000530,-0.012881,0.915542,0.000000,0.000000,0.027785,0.267751,-0.011160,-0.068253,0.961003,-0.003235,-0.004473,0.064851,0.000000,0.000000,0.000000,1.000000,0.015121,-0.006067,0.035073,0.000000,0.000000,0.000000,1.000000,0.002494,-0.000518,0.054380,0.048913,0.116858,-0.053122,0.990520,0.000000,0.000000,0.039330,0.436178,-0.011936,-0.041152,0.898840,0.000000,0.000000,0.026801,0.311678,-0.029289,-0.019042,0.949546,-0.032653,-0.010896,0.032106,-0.208938,-0.337231,0.456561,0.796350,0.000000,0.000000,0.032791,-0.012697,0.071262,-0.083157,0.993904,0.000000,0.000000,0.034082,-0.138474,-0.071136,0.084692,0.984171,A
0.198200,0.849271,0.242213,-0.067939,-0.494754,-0.762703,0.410958,-0.021020,-0.007144,0.035531,0.000000,0.000000,0.000000,1.000000,-0.002732,-0.000235,0.061287,0.335806,-0.041602,0.052992,0.939519,0.000000,0.000000,0.038252,0.503799,-0.006801,-0.024927,0.863434,0.000000,0.000000,0.024512,0.274279,0.020521,-0.017165,0.961278,0.023195,-0.009500,0.034365,0.018312,0.140343,-0.207036,0.968042,-0.000002,-0.000001,0.046041,-0.021032,0.132146,0.095340,0.986410,0.000000,0.000000,0.030983,0.155163,0.035866,-0.051929,0.985871,0.000000,0.000000,0.020485,0.060900,-0.049032,0.000936,0.996939,-0.004672,-0.006492,0.033350,0.000000,0.000000,0.000000,1.000000,0.002931,0.003927,0.063115,0.106062,0.012754,-0.009181,0.994235,0.000000,0.000000,0.043294,0.210128,0.001897,-0.012343,0.977594,0.000000,0.000000,0.027785,0.104748,-0.004025,-0.053648,0.993043,-0.003206,-0.004528,0.064908,0.000000,0.000000,0.000000,1.000000,0.015121,-0.006067,0.035073,0.000000,0.000000,0.000000,1.000000,0.002494,-0.000518,0.054380,-0.003104,0.116185,-0.047585,0.992082,0.000000,0.000000,0.039330,0.212619,-0.004213,-0.038096,0.976383,0.000000,0.000000,0.026801,0.147612,-0.029669,-0.011527,0.988533,-0.032539,-0.011337,0.032335,-0.208280,-0.325365,0.461312,0.798717,0.000000,0.000000,0.032791,-0.011975,0.071203,-0.083159,0.993917,0.000000,0.000000,0.034082,-0.157593,-0.072536,0.084894,0.981171,A
0.197516,0.852604,0.242578,-0.090150,-0.509687,-0.741086,0.427650,-0.021019,-0.007147,0.035532,0.000000,0.000000,0.000000,1.000000,-0.002733,-0.000232,0.061286,0.302627,-0.027368,0.046474,0.951582,0.000000,0.000000,0.038252,0.533329,-0.007693,-0.024617,0.845515,0.000000,0.000000,0.024512,0.292875,0.020072,-0.017165,0.955786,0.023195,-0.009500,0.034365,0.018312,0.140343,-0.207036,0.968042,-0.000002,-0.000001,0.046041,-0.073605,0.127122,0.104842,0.983581,0.000000,0.000000,0.030983,0.060022,0.040011,-0.043983,0.996425,0.000000,0.000000,0.020485,-0.000123,-0.049168,0.000727,0.998790,-0.004671,-0.006493,0.033351,0.000000,0.000000,0.000000,1.000000,0.002930,0.003928,0.063114,0.098364,0.012158,-0.009087,0.995035,0.000000,0.000000,0.043294,0.053347,0.003751,-0.011568,0.998502,0.000000,0.000000,0.027785,-0.019126,0.001388,-0.041743,0.998944,-0.003206,-0.004529,0.064908,0.000000,0.000000,0.000000,1.000000,0.015121,-0.006067,0.035073,0.000000,0.000000,0.000000,1.000000,0.002494,-0.000518,0.054380,-0.017467,0.110506,-0.046512,0.992633,0.000000,0.000000,0.039330,0.050956,0.001269,-0.034734,0.998096,0.000000,0.000000,0.026801,0.027417,-0.029421,-0.005938,0.999173,-0.032538,-0.011342,0.032337,-0.208125,-0.325508,0.461459,0.798614,0.000000,0.000000,0.032791,-0.010687,0.071097,-0.083163,0.993939,0.000000,0.000000,0.034082,-0.167763,-0.073271,0.084989,0.979420,A
0.197489,0.853659,0.243457,-0.122437,-0.529032,-0.706151,0.454407,-0.021021,-0.007141,0.035530,0.000000,0.000000,0.000000,1.000000,-0.002732,-0.000238,0.061288,0.301991,-0.014077,0.043052,0.952234,0.000000,0.000000,0.038252,0.529581,-0.007579,-0.024658,0.847867,0.000000,0.000000,0.024512,0.290345,0.020133,-0.017165,0.956556,0.023195,-0.009500,0.034365,0.018312,0.140343,-0.207036,0.968042,-0.000002,-0.000001,0.046041,-0.129338,0.121646,0.114685,0.977405,0.000000,0.000000,0.030983,0.014932,0.041838,-0.040092,0.998208,0.000000,0.000000,0.020485,-0.006177,-0.049171,0.000707,0.998771,-0.004672,-0.006490,0.033349,0.000000,0.000000,0.000000,1.000000,0.002932,0.003925,0.063117,0.098741,-0.013119,-0.007681,0.994997,0.000000,0.000000,0.043294,0.018266,0.004151,-0.011357,0.999760,0.000000,0.000000,0.027785,-0.067683,0.003507,-0.036891,0.997018,-0.003207,-0.004528,0.064907,0.000000,0.000000,0.000000,1.000000,0.015121,-0.006067,0.035073,0.000000,0.000000,0.000000,1.000000,0.002494,-0.000518,0.054380,-0.019323,0.102939,-0.046915,0.993393,0.000000,0.000000,0.039330,0.025391,0.002128,-0.034121,0.999093,0.000000,0.000000,0.026801,-0.003387,-0.029289,-0.004494,0.999555,-0.032540,-0.011331,0.032332,-0.208341,-0.325420,0.461217,0.798734,0.000000,0.000000,0.032791,-0.009158,0.070970,-0.083168,0.993963,0.000000,0.000000,0.034082,-0.169778,-0.073416,0.085007,0.979061,A
0.197333,0.854323,0.244176,-0.167536,-0.528702,-0.674354,0.487497,-0.020789,-0.007879,0.035909,0.000000,0.000000,0.000000,1.000000,-0.002963,0.000500,0.060910,0.301922,-0.021189,0.044856,0.952041,0.000000,0.000000,0.038252,0.405695,-0.003903,-0.025716,0.913638,0.000000,0.000000,0.024512,0.200441,0.022206,-0.017100,0.979305,0.023195,-0.009500,0.034365,0.018312,0.140343,-0.207036,0.968042,-0.000002,-0.000001,0.046041,-0.130795,0.145581,0.117567,0.973590,0.000000,0.000000,0.030983,0.022930,0.041521,-0.040788,0.998042,0.000000,0.000000,0.020485,-0.007922,-0.049172,0.000700,0.998759,-0.004441,-0.006859,0.033727,0.000000,0.000000,0.000000,1.000000,0.002700,0.004294,0.062738,0.093898,-0.019151,-0.007460,0.995370,0.000000,0.000000,0.043294,0.015576,0.004181,-0.011340,0.999806,0.000000,0.000000,0.027785,-0.067560,0.003502,-0.036904,0.997026,-0.003091,-0.004712,0.065096,0.000000,0.000000,0.000000,1.000000,0.015121,-0.006067,0.035073,0.000000,0.000000,0.000000,1.000000,0.002494,-0.000518,0.054380,-0.054133,0.103816,-0.043661,0.992162,0.000000,0.000000,0.039330,0.022790,0.002216,-0.034057,0.999158,0.000000,0.000000,0.026801,-0.004442,-0.029284,-0.004445,0.999551,-0.032077,-0.012807,0.033090,-0.187555,-0.318762,0.489028,0.789978,0.000000,0.000000,0.032791,0.024119,0.068181,-0.083223,0.993903,0.000000,0.000000,0.034082,-0.171281,-0.073524,0.085020,0.978789,A
0.196713,0.854686,0.247208,-0.214069,-0.535452,-0.630668,0.519349,-0.020419,-0.008772,0.036359,0.000000,0.000000,0.000000,1.000000,-0.003333,0.001393,0.060459,0.247836,-0.060707,0.049191,0.965646,0.000000,0.000000,0.038252,0.302692,-0.000960,-0.026192,0.952728,0.000000,0.000000,0.024512,0.116243,0.023943,-0.016910,0.992788,0.023195,-0.009500,0.034365,0.018312,0.140343,-0.207036,0.968042,-0.000002,-0.000001,0.046041,-0.113400,0.160134,0.115177,0.973772,0.000000,0.000000,0.030983,0.037193,0.040947,-0.042023,0.997584,0.000000,0.000000,0.020485,-0.009298,-0.049172,0.000696,0.998747,-0.004071,-0.007306,0.034178,0.000000,0.000000,0.000000,1.000000,0.002330,0.004741,0.062288,0.020837,-0.019484,-0.009258,0.999550,0.000000,0.000000,0.043295,0.019406,0.004138,-0.011364,0.999739,0.000000,0.000000,0.027785,-0.058352,0.003100,-0.037832,0.997574,-0.002906,-0.004935,0.065322,0.000000,0.000000,0.000000,1.000000,0.015121,-0.006067,0.035073,0.000000,0.000000,0.000000,1.000000,0.002494,-0.000518,0.054380,-0.073454,0.106348,-0.041573,0.990740,0.000000,0.000000,0.039330,0.022045,0.002241,-0.034039,0.999175,0.000000,0.000000,0.026801,-0.004118,-0.029285,-0.004460,0.999553,-0.031337,-0.014593,0.033990,-0.109273,-0.387362,0.543484,0.736638,0.000000,0.000000,0.032791,0.125406,0.059208,-0.082817,0.986868,0.000000,0.000000,0.034082,-0.158272,-0.072585,0.084901,0.981057,A
0.194663,0.856303,0.248973,-0.274575,-0.513542,-0.587433,0.561967,-0.019551,-0.010271,0.037090,0.000000,0.000000,0.000000,1.000000,-0.004201,0.002892,0.059728,0.164804,-0.079089,0.042847,0.982216,0.000000,0.000000,0.038252,0.243091,0.000703,-0.026321,0.969646,0.000000,0.000000,0.024512,0.073074,0.024760,-0.016766,0.996878,0.023195,-0.009500,0.034365,0.018312,0.140343,-0.207036,0.968042,-0.000002,-0.000001,0.046041,-0.103199,0.165392,0.113290,0.974249,0.000000,0.000000,0.030983,0.055805,0.040185,-0.043622,0.996679,0.000000,0.000000,0.020485,-0.009883,-0.049172,0.000694,0.998741,-0.003203,-0.008055,0.034909,0.000000,0.000000,0.000000,1.000000,0.001462,0.005491,0.061556,-0.052909,0.029554,-0.006403,0.998141,0.000000,0.000000,0.043294,0.088838,0.003341,-0.011768,0.995971,0.000000,0.000000,0.027785,-0.020365,0.001442,-0.041620,0.998925,-0.002472,-0.005310,0.065687,0.000000,0.000000,0.000000,1.000000,0.015121,-0.006067,0.035073,0.000000,0.000000,0.000000,1.000000,0.002494,-0.000518,0.054380,-0.076690,0.110784,-0.040666,0.990046,0.000000,0.000000,0.039330,0.068058,0.000693,-0.035132,0.997062,0.000000,0.000000,0.026801,0.017167,-0.029380,-0.005458,0.999406,-0.029602,-0.017591,0.035454,0.016825,-0.457050,0.605150,0.651626,0.000000,0.000000,0.032791,0.198844,0.052237,-0.081974,0.975199,0.000000,0.000000,0.034082,-0.111967,-0.069157,0.084360,0.987706,A
0.184702,0.861600,0.245098,-0.355201,-0.461654,-0.524760,0.620754,-0.019787,-0.009918,0.036921,0.000000,0.000000,0.000000,1.000000,-0.003966,0.002539,0.059897,0.096944,-0.088314,0.035418,0.990731,0.000000,0.000000,0.038252,0.157056,0.003053,-0.026329,0.987234,0.000000,0.000000,0.024512,0.008299,0.025894,-0.016492,0.999494,0.023195,-0.009500,0.034365,0.018312,0.140343,-0.207036,0.968042,-0.000002,-0.000001,0.046041,-0.064557,0.184930,0.105183,0.974972,0.000000,0.000000,0.030983,0.055419,0.040201,-0.043589,0.996701,0.000000,0.000000,0.020485,-0.010558,-0.049172,0.000691,0.998734,-0.003438,-0.007879,0.034740,0.000000,0.000000,0.000000,1.000000,0.001698,0.005314,0.061726,-0.053692,0.044758,-0.004889,0.997542,0.000000,0.000000,0.043294,0.089917,0.003328,-0.011774,0.995874,0.000000,0.000000,0.027785,0.007897,0.000208,-0.044398,0.998983,-0.002590,-0.005222,0.065603,0.000000,0.000000,0.000000,1.000000,0.015121,-0.006067,0.035073,0.000000,0.000000,0.000000,1.000000,0.002494,-0.000518,0.054380,-0.077433,0.125683,-0.038521,0.988294,0.000000,0.000000,0.039330,0.066091,0.000759,-0.035086,0.997196,0.000000,0.000000,0.026801,0.022162,-0.029401,-0.005692,0.999306,-0.030072,-0.016884,0.035114,0.046192,-0.512879,0.597248,0.614912,0.000000,0.000000,0.032791,0.198780,0.052244,-0.081975,0.975211,0.000000,0.000000,0.034082,-0.062746,-0.065367,0.083586,0.992373,A
0.178746,0.869773,0.228491,-0.425038,-0.421228,-0.399860,0.694278,-0.020273,-0.009070,0.036506,0.000000,0.000000,0.000000,1.000000,-0.003480,0.001691,0.060312,-0.043596,-0.121547,0.014920,0.991516,0.000000,0.000000,0.038252,0.036382,0.006256,-0.026007,0.998980,0.000000,0.000000,0.024512,-0.049141,0.026808,-0.016191,0.998301,0.023195,-0.009500,0.034365,0.018312,0.140343,-0.207036,0.968042,-0.000002,-0.000001,0.046041,0.042633,0.221297,0.076470,0.971269,0.000000,0.000000,0.030983,0.008616,0.042087,-0.039541,0.998294,0.000000,0.000000,0.020485,-0.011879,-0.049173,0.000687,0.998720,-0.003924,-0.007455,0.034325,0.000000,0.000000,0.000000,1.000000,0.002184,0.004890,0.062140,-0.071756,0.047603,-0.003852,0.996278,0.000000,0.000000,0.043295,0.020131,0.004129,-0.011368,0.999724,0.000000,0.000000,0.027785,-0.022352,0.001529,-0.041424,0.998891,-0.002833,-0.005010,0.065395,0.000000,0.000000,0.000000,1.000000,0.015121,-0.006067,0.035073,0.000000,0.000000,0.000000,1.000000,0.002494,-0.000518,0.054380,-0.049974,0.163674,-0.037230,0.984544,0.000000,0.000000,0.039330,0.026614,0.002087,-0.034150,0.999060,0.000000,0.000000,0.026801,0.016024,-0.029376,-0.005404,0.999425,-0.031044,-0.015188,0.034286,0.050564,-0.571076,0.576852,0.581856,0.000000,0.000000,0.032791,0.188747,0.053219,-0.082118,0.977138,0.000000,0.000000,0.034082,-0.064047,-0.065469,0.083609,0.992281,A
0.175475,0.872138,0.230064,-0.503223,-0.406196,-0.243962,0.722671,-0.019917,-0.009707,0.036819,0.000000,0.000000,0.000000,1.000000,-0.003835,0.002328,0.059999,-0.074742,-0.121136,0.010226,0.989765,0.000000,0.000000,0.038252,0.022269,0.006624,-0.025945,0.999393,0.000000,0.000000,0.024512,-0.054047,0.026883,-0.016163,0.998046,0.023195,-0.009500,0.034365,0.018312,0.140343,-0.207036,0.968042,-0.000002,-0.000001,0.046041,0.032080,0.226553,0.078869,0.970270,0.000000,0.000000,0.030983,0.004187,0.042261,-0.039153,0.998330,0.000000,0.000000,0.020485,-0.013077,-0.049173,0.000683,0.998705,-0.003569,-0.007773,0.034638,0.000000,0.000000,0.000000,1.000000,0.001828,0.005208,0.061828,-0.074446,0.057439,-0.002559,0.995566,0.000000,0.000000,0.043294,0.015580,0.004181,-0.011340,0.999806,0.000000,0.000000,0.027785,-0.066807,0.003469,-0.036980,0.997074,-0.002655,-0.005169,0.065552,0.000000,0.000000,0.000000,1.000000,0.015121,-0.006067,0.035073,0.000000,0.000000,0.000000,1.000000,0.002494,-0.000518,0.054380,-0.056634,0.178896,-0.034263,0.981639,0.000000,0.000000,0.039330,0.023021,0.002208,-0.034062,0.999152,0.000000,0.000000,0.026801,-0.005024,-0.029281,-0.004417,0.999549,-0.030334,-0.016462,0.034910,0.094877,-0.578891,0.590172,0.554600,0.000000,0.000000,0.032791,0.018581,0.068651,-0.083220,0.993990,0.000000,0.000000,0.034082,-0.151421,-0.072086,0.084832,0.982181,A
0.176114,0.871738,0.241578,-0.560262,-0.403827,-0.139281,0.709669,-0.019519,-0.010318,0.037113,0.000000,0.000000,0.000000,1.000000,-0.004234,0.002939,0.059705,-0.077818,-0.121262,0.009738,0.989518,0.000000,0.000000,0.038252,0.020045,0.006682,-0.025934,0.999440,0.000000,0.000000,0.024512,-0.055807,0.026909,-0.016153,0.997948,0.023195,-0.009500,0.034365,0.018312,0.140343,-0.207036,0.968042,-0.000002,-0.000001,0.046041,0.009915,0.227707,0.084954,0.969966,0.000000,0.000000,0.030983,0.002478,0.042328,-0.039003,0.998339,0.000000,0.000000,0.020485,-0.014147,-0.049173,0.000679,0.998690,-0.003171,-0.008079,0.034932,0.000000,0.000000,0.000000,1.000000,0.001430,0.005514,0.061534,-0.075973,0.067636,-0.001236,0.994813,0.000000,0.000000,0.043295,0.013862,0.004200,-0.011329,0.999831,0.000000,0.000000,0.027785,-0.074797,0.003818,-0.036172,0.996535,-0.002456,-0.005322,0.065699,0.000000,0.000000,0.000000,1.000000,0.015121,-0.006067,0.035073,0.000000,0.000000,0.000000,1.000000,0.002494,-0.000518,0.054380,-0.064962,0.179924,-0.032714,0.980988,0.000000,0.000000,0.039330,0.021325,0.002265,-0.034021,0.999191,0.000000,0.000000,0.026801,-0.007933,-0.029267,-0.004281,0.999531,-0.029537,-0.017685,0.035498,0.115226,-0.560895,0.603962,0.554392,0.000000,0.000000,0.032791,-0.054715,0.074662,-0.082942,0.992246,0.000000,0.000000,0.034082,-0.167366,-0.073242,0.084985,0.979491,A
0.175928,0.876671,0.255468,-0.600765,-0.412911,-0.073025,0.680627,-0.019361,-0.010537,0.037217,0.000000,0.000000,0.000000,1.000000,-0.004391,0.003158,0.059602,-0.079282,-0.128883,0.008363,0.988450,0.000000,0.000000,0.038252,0.018267,0.006728,-0.025926,0.999474,0.000000,0.000000,0.024512,-0.057523,0.026935,-0.016143,0.997850,0.023195,-0.009500,0.034365,0.018312,0.140343,-0.207036,0.968042,-0.000002,-0.000001,0.046041,0.010584,0.232869,0.084423,0.968779,0.000000,0.000000,0.030983,0.000804,0.042393,-0.038857,0.998345,0.000000,0.000000,0.020485,-0.015195,-0.049173,0.000675,0.998675,-0.003013,-0.008188,0.035036,0.000000,0.000000,0.000000,1.000000,0.001272,0.005623,0.061430,-0.077541,0.071816,-0.000621,0.994399,0.000000,0.000000,0.043294,0.012181,0.004219,-0.011319,0.999853,0.000000,0.000000,0.027785,-0.076179,0.003878,-0.036032,0.996435,-0.002377,-0.005377,0.065750,0.000000,0.000000,0.000000,1.000000,0.015121,-0.006067,0.035073,0.000000,0.000000,0.000000,1.000000,0.002494,-0.000518,0.054380,-0.065016,0.181036,-0.032551,0.980785,0.000000,0.000000,0.039330,0.019664,0.002321,-0.033980,0.999226,0.000000,0.000000,0.026801,-0.009741,-0.029258,-0.004196,0.999516,-0.029221,-0.018123,0.035706,0.111745,-0.543172,0.610347,0.565644,0.000000,0.000000,0.032791,-0.062113,0.075247,-0.082889,0.991771,0.000000,0.000000,0.034082,-0.169711,-0.073411,0.085006,0.979073,A
0.180798,0.878338,0.256860,-0.645320,-0.367798,-0.009962,0.669468,-0.019208,-0.010740,0.037312,0.000000,0.000000,0.000000,1.000000,-0.004545,0.003361,0.059506,-0.080891,-0.126312,0.008498,0.988651,0.000000,0.000000,0.038252,0.016789,0.006766,-0.025919,0.999500,0.000000,0.000000,0.024512,-0.058110,0.026943,-0.016139,0.997816,0.023195,-0.009500,0.034365,0.018312,0.140343,-0.207036,0.968042,-0.000002,-0.000001,0.046041,0.034410,0.218248,0.078970,0.972084,0.000000,0.000000,0.030983,-0.000587,0.042447,-0.038735,0.998347,0.000000,0.000000,0.020485,-0.015861,-0.049173,0.000673,0.998664,-0.002859,-0.008290,0.035131,0.000000,0.000000,0.000000,1.000000,0.001119,0.005725,0.061334,-0.078972,0.066039,-0.001249,0.994686,0.000000,0.000000,0.043295,0.010783,0.004235,-0.011310,0.999869,0.000000,0.000000,0.027785,-0.076025,0.003871,-0.036047,0.996447,-0.002300,-0.005427,0.065798,0.000000,0.000000,0.000000,1.000000,0.015121,-0.006067,0.035073,0.000000,0.000000,0.000000,1.000000,0.002494,-0.000518,0.054380,-0.044813,0.179631,-0.036173,0.982047,0.000000,0.000000,0.039330,0.018283,0.002367,-0.033946,0.999254,0.000000,0.000000,0.026801,-0.010461,-0.029255,-0.004162,0.999509,-0.028914,-0.018528,0.035897,0.119812,-0.538110,0.615069,0.563714,0.000000,0.000000,0.032791,-0.032815,0.072906,-0.083072,0.993331,0.000000,0.000000,0.034082,-0.171322,-0.073527,0.085020,0.978782,A
0.181718,0.879838,0.255828,-0.680893,-0.304496,0.035746,0.665124,-0.019202,-0.010747,0.037315,0.000000,0.000000,0.000000,1.000000,-0.004550,0.003368,0.059503,-0.082606,-0.117855,0.009532,0.989543,0.000000,0.000000,0.038252,0.017558,0.006746,-0.025923,0.999487,0.000000,0.000000,0.024512,-0.058150,0.026944,-0.016139,0.997814,0.023195,-0.009500,0.034365,0.018312,0.140343,-0.207036,0.968042,-0.000002,-0.000001,0.046041,0.021503,0.178810,0.085118,0.979959,0.000000,0.000000,0.030983,-0.001795,0.042494,-0.038628,0.998348,0.000000,0.000000,0.020485,-0.016369,-0.049173,0.000671,0.998656,-0.002854,-0.008293,0.035134,0.000000,0.000000,0.000000,1.000000,0.001113,0.005728,0.061331,-0.079916,0.054060,-0.002700,0.995331,0.000000,0.000000,0.043294,0.009530,0.004249,-0.011302,0.999882,0.000000,0.000000,0.027785,-0.076287,0.003882,-0.036021,0.996428,-0.002297,-0.005429,0.065800,0.000000,0.000000,0.000000,1.000000,0.015121,-0.006067,0.035073,0.000000,0.000000,0.000000,1.000000,0.002494,-0.000518,0.054380,-0.022780,0.152797,-0.042374,0.987086,0.000000,0.000000,0.039330,0.017045,0.002408,-0.033916,0.999277,0.000000,0.000000,0.026801,-0.011437,-0.029250,-0.004116,0.999498,-0.028903,-0.018542,0.035903,0.119109,-0.536934,0.615357,0.564668,0.000000,0.000000,0.032791,-0.019665,0.071835,-0.083131,0.993752,0.000000,0.000000,0.034082,-0.172765,-0.073630,0.085032,0.978520,A
0.183232,0.879776,0.256682,-0.699961,-0.244268,0.071492,0.667291,-0.019214,-0.010731,0.037308,0.000000,0.000000,0.000000,1.000000,-0.004538,0.003352,0.059510,-0.085533,-0.077454,0.015320,0.993202,0.000000,0.000000,0.038252,0.022801,0.006610,-0.025947,0.999381,0.000000,0.000000,0.024512,-0.057921,0.026941,-0.016140,0.997827,0.023195,-0.009500,0.034365,0.018312,0.140343,-0.207036,0.968042,-0.000002,-0.000001,0.046041,0.002975,0.163008,0.089967,0.982510,0.000000,0.000000,0.030983,-0.002930,0.042538,-0.038529,0.998347,0.000000,0.000000,0.020485,-0.017013,-0.049173,0.000669,0.998645,-0.002866,-0.008285,0.035127,0.000000,0.000000,0.000000,1.000000,0.001125,0.005720,0.061338,-0.079608,0.051542,-0.003030,0.995488,0.000000,0.000000,0.043294,0.008394,0.004262,-0.011295,0.999892,0.000000,0.000000,0.027785,-0.076733,0.003902,-0.035976,0.996395,-0.002303,-0.005425,0.065796,0.000000,0.000000,0.000000,1.000000,0.015121,-0.006067,0.035073,0.000000,0.000000,0.000000,1.000000,0.002494,-0.000518,0.054380,0.008142,0.136740,-0.047683,0.989425,0.000000,0.000000,0.039330,0.015923,0.002446,-0.033888,0.999296,0.000000,0.000000,0.026801,-0.012477,-0.029245,-0.004067,0.999486,-0.028928,-0.018511,0.035889,0.109399,-0.528094,0.616019,0.574168,0.000000,0.000000,0.032791,-0.021001,0.071944,-0.083126,0.993717,0.000000,0.000000,0.034082,-0.174074,-0.073724,0.085043,0.978280,A
0.184567,0.885259,0.255550,-0.698172,-0.244856,0.083021,0.667614,-0.019373,-0.010521,0.037209,0.000000,0.000000,0.000000,1.000000,-0.004379,0.003142,0.059609,-0.087125,-0.065248,0.017010,0.993913,0.000000,0.000000,0.038252,0.034956,0.006293,-0.026001,0.999031,0.000000,0.000000,0.024512,-0.054110,0.026883,-0.016162,0.998042,0.023195,-0.009500,0.034365,0.018312,0.140343,-0.207036,0.968042,-0.000002,-0.000001,0.046041,-0.052019,0.161377,0.101752,0.980254,0.000000,0.000000,0.030984,-0.003934,0.042577,-0.038441,0.998346,0.000000,0.000000,0.020485,-0.017705,-0.049173,0.000667,0.998633,-0.003025,-0.008180,0.035028,0.000000,0.000000,0.000000,1.000000,0.001284,0.005615,0.061437,-0.025128,0.038758,-0.006420,0.998912,0.000000,0.000000,0.043295,0.009405,0.004251,-0.011301,0.999883,0.000000,0.000000,0.027785,-0.074452,0.003802,-0.036207,0.996560,-0.002383,-0.005372,0.065747,0.000000,0.000000,0.000000,1.000000,0.015121,-0.006067,0.035073,0.000000,0.000000,0.000000,1.000000,0.002494,-0.000518,0.054380,0.064913,0.092344,-0.054674,0.992104,0.000000,0.000000,0.039330,0.015771,0.002451,-0.033884,0.999298,0.000000,0.000000,0.026801,-0.011515,-0.029250,-0.004113,0.999497,-0.029245,-0.018090,0.035691,0.078483,-0.509509,0.612532,0.599204,0.000000,0.000000,0.032791,-0.019335,0.071808,-0.083133,0.993760,0.000000,0.000000,0.034082,-0.175232,-0.073807,0.085053,0.978066,A
0.185475,0.886392,0.249952,-0.699714,-0.200528,0.133966,0.672490,-0.019426,-0.010448,0.037175,0.000000,0.000000,0.000000,1.000000,-0.004326,0.003069,0.059643,-0.089061,-0.028984,0.022328,0.995354,0.000000,0.000000,0.038252,0.091428,0.004808,-0.026201,0.995455,0.000000,0.000000,0.024512,-0.016965,0.026307,-0.016366,0.999376,0.023195,-0.009500,0.034365,0.018312,0.140343,-0.207036,0.968042,-0.000002,-0.000001,0.046041,-0.121922,0.182943,0.119172,0.968228,0.000000,0.000000,0.030983,0.002914,0.042311,-0.039042,0.998337,0.000000,0.000000,0.020485,-0.018324,-0.049172,0.000664,0.998622,-0.003078,-0.008144,0.034994,0.000000,0.000000,0.000000,1.000000,0.001337,0.005579,0.061472,0.136605,-0.001934,-0.008052,0.990591,0.000000,0.000000,0.043294,0.079958,0.003444,-0.011720,0.996723,0.000000,0.000000,0.027785,-0.043727,0.002462,-0.039298,0.998267,-0.002409,-0.005354,0.065730,0.000000,0.000000,0.000000,1.000000,0.015121,-0.006067,0.035073,0.000000,0.000000,0.000000,1.000000,0.002494,-0.000518,0.054380,0.206574,0.050736,-0.060945,0.975212,0.000000,0.000000,0.039330,0.105721,-0.000579,-0.035973,0.993745,0.000000,0.000000,0.026801,0.018518,-0.029386,-0.005521,0.999381,-0.029351,-0.017945,0.035622,-0.037168,-0.381905,0.603357,0.699090,0.000000,0.000000,0.032791,0.043766,0.066498,-0.083212,0.993347,0.000000,0.000000,0.034082,-0.154221,-0.072291,0.084861,0.981727,A
0.185155,0.888216,0.241918,-0.689290,-0.190599,0.124014,0.687875,-0.019364,-0.010533,0.037215,0.000000,0.000000,0.000000,1.000000,-0.004388,0.003154,0.059603,-0.090281,0.016305,0.028987,0.995361,0.000000,0.000000,0.038252,0.126222,0.003881,-0.026283,0.991646,0.000000,0.000000,0.024512,0.013892,0.025800,-0.016518,0.999434,0.023195,-0.009500,0.034365,0.018312,0.140343,-0.207036,0.968042,-0.000002,-0.000001,0.046041,-0.121725,0.195482,0.120217,0.965670,0.000000,0.000000,0.030983,0.055587,0.040194,-0.043604,0.996691,0.000000,0.000000,0.020485,-0.018882,-0.049172,0.000663,0.998612,-0.003016,-0.008186,0.035034,0.000000,0.000000,0.000000,1.000000,0.001275,0.005621,0.061432,0.265721,0.015055,-0.011179,0.963868,0.000000,0.000000,0.043294,0.289787,0.000912,-0.012624,0.957008,0.000000,0.000000,0.027785,0.112485,-0.004363,-0.054368,0.992155,-0.002378,-0.005376,0.065750,0.000000,0.000000,0.000000,1.000000,0.015121,-0.006067,0.035073,0.000000,0.000000,0.000000,1.000000,0.002494,-0.000518,0.054380,0.336771,0.071700,-0.075151,0.935840,0.000000,0.000000,0.039330,0.214483,-0.004277,-0.038129,0.975974,0.000000,0.000000,0.026801,0.090833,-0.029605,-0.008895,0.995386,-0.029227,-0.018114,0.035702,-0.071589,-0.334141,0.598677,0.724438,0.000000,0.000000,0.032791,0.063910,0.064743,-0.083167,0.992375,0.000000,0.000000,0.034082,-0.125097,-0.070143,0.084532,0.986045,A
0.184673,0.888348,0.242547,-0.708419,-0.188736,0.130380,0.667474,-0.019373,-0.010521,0.037209,0.000000,0.000000,0.000000,1.000000,-0.004379,0.003142,0.059609,-0.091876,0.036681,0.031967,0.994581,0.000000,0.000000,0.038252,0.132261,0.003720,-0.026294,0.990859,0.000000,0.000000,0.024512,0.015027,0.025781,-0.016523,0.999418,0.023195,-0.009500,0.034365,0.018312,0.140343,-0.207036,0.968042,-0.000002,-0.000001,0.046041,0.021761,0.187692,0.084497,0.978345,0.000000,0.000000,0.030983,0.201435,0.033706,-0.055661,0.977338,0.000000,0.000000,0.020485,0.043518,-0.049089,0.000877,0.997846,-0.003025,-0.008180,0.035028,0.000000,0.000000,0.000000,1.000000,0.001284,0.005615,0.061437,0.360575,0.064349,-0.029194,0.930050,0.000000,0.000000,0.043295,0.474620,-0.001501,-0.012950,0.880094,0.000000,0.000000,0.027785,0.257557,-0.010713,-0.067376,0.963852,-0.002383,-0.005373,0.065747,0.000000,0.000000,0.000000,1.000000,0.015121,-0.006067,0.035073,0.000000,0.000000,0.000000,1.000000,0.002494,-0.000518,0.054380,0.405572,0.127426,-0.103396,0.899213,0.000000,0.000000,0.039330,0.369224,-0.009604,-0.040450,0.928410,0.000000,0.000000,0.026801,0.210354,-0.029625,-0.014417,0.977070,-0.029245,-0.018090,0.035691,-0.093604,-0.306756,0.592687,0.738824,0.000000,0.000000,0.032791,0.045684,0.066332,-0.083209,0.993272,0.000000,0.000000,0.034082,-0.098224,-0.068114,0.084164,0.989257,A
0.180103,0.887592,0.248430,-0.720015,-0.177288,0.122058,0.659734,-0.019772,-0.009940,0.036932,0.000000,0.000000,0.000000,1.000000,-0.003980,0.002561,0.059887,-0.092566,0.030367,0.031046,0.994759,0.000000,0.000000,0.038252,0.132762,0.003706,-0.026295,0.990792,0.000000,0.000000,0.024512,0.006365,0.025926,-0.016483,0.999508,0.023195,-0.009500,0.034365,0.018312,0.140343,-0.207036,0.968042,-0.000002,-0.000001,0.046041,-0.038248,0.183728,0.098845,0.977247,0.000000,0.000000,0.030983,0.247648,0.031451,-0.059299,0.966522,0.000000,0.000000,0.020485,0.063324,-0.049023,0.000945,0.996788,-0.003424,-0.007890,0.034751,0.000000,0.000000,0.000000,1.000000,0.001683,0.005325,0.061715,0.398232,0.064479,-0.032148,0.914451,0.000000,0.000000,0.043294,0.563070,-0.002730,-0.012915,0.826304,0.000000,0.000000,0.027785,0.334003,-0.014065,-0.073822,0.939572,-0.002582,-0.005227,0.065608,0.000000,0.000000,0.000000,1.000000,0.015121,-0.006067,0.035073,0.000000,0.000000,0.000000,1.000000,0.002494,-0.000518,0.054380,0.388487,0.128867,-0.100916,0.906801,0.000000,0.000000,0.039330,0.486088,-0.013686,-0.041543,0.872815,0.000000,0.000000,0.026801,0.300242,-0.029344,-0.018523,0.953232,-0.030044,-0.016929,0.035136,-0.109281,-0.319249,0.572192,0.747485,0.000000,0.000000,0.032791,0.044646,0.066422,-0.083211,0.993313,0.000000,0.000000,0.034082,-0.098030,-0.068099,0.084161,0.989277,A
0.173476,0.885333,0.246395,-0.708018,-0.160044,0.110344,0.678912,-0.020055,-0.009472,0.036704,0.000000,0.000000,0.000000,1.000000,-0.003697,0.002093,0.060114,-0.091702,-0.021531,0.023311,0.995281,0.000000,0.000000,0.038252,0.099550,0.004593,-0.026223,0.994677,0.000000,0.000000,0.024512,-0.000737,0.026044,-0.016448,0.999525,0.023195,-0.009500,0.034365,0.018312,0.140343,-0.207036,0.968042,-0.000002,-0.000001,0.046041,-0.166362,0.209232,0.133998,0.954248,0.000000,0.000000,0.030983,0.146427,0.036263,-0.051214,0.987229,0.000000,0.000000,0.020485,0.058474,-0.049041,0.000928,0.997083,-0.003707,-0.007656,0.034523,0.000000,0.000000,0.000000,1.000000,0.001966,0.005091,0.061942,0.383167,0.059741,-0.029230,0.921282,0.000000,0.000000,0.043294,0.590760,-0.003126,-0.012873,0.806739,0.000000,0.000000,0.027785,0.362138,-0.015300,-0.076117,0.928886,-0.002724,-0.005110,0.065494,0.000000,0.000000,0.000000,1.000000,0.015121,-0.006067,0.035073,0.000000,0.000000,0.000000,1.000000,0.002494,-0.000518,0.054380,0.348536,0.132785,-0.095386,0.922926,0.000000,0.000000,0.039330,0.508392,-0.014471,-0.041677,0.859995,0.000000,0.000000,0.026801,0.317259,-0.029261,-0.019295,0.947691,-0.030609,-0.015993,0.034681,-0.122204,-0.328148,0.555762,0.753998,0.000000,0.000000,0.032791,0.042101,0.066641,-0.083214,0.993409,0.000000,0.000000,0.034082,-0.098312,-0.068121,0.084166,0.989248,A
0.169408,0.883234,0.244610,-0.700383,-0.136697,0.119613,0.690269,-0.020201,-0.009206,0.036574,0.000000,0.000000,0.000000,1.000000,-0.003551,0.001827,0.060244,-0.083841,-0.066320,0.017161,0.994122,0.000000,0.000000,0.038252,0.080929,0.005086,-0.026170,0.996363,0.000000,0.000000,0.024512,-0.004757,0.026109,-0.016428,0.999513,0.023195,-0.009500,0.034365,0.018312,0.140343,-0.207036,0.968042,-0.000002,-0.000001,0.046041,-0.192539,0.212350,0.142121,0.947438,0.000000,0.000000,0.030983,0.116830,0.037584,-0.048771,0.991242,0.000000,0.000000,0.020485,0.052015,-0.049063,0.000906,0.997440,-0.003853,-0.007523,0.034393,0.000000,0.000000,0.000000,1.000000,0.002112,0.004958,0.062073,0.363564,0.047858,-0.023784,0.930035,0.000000,0.000000,0.043295,0.552886,-0.002585,-0.012926,0.833153,0.000000,0.000000,0.027785,0.346301,-0.014605,-0.074830,0.935020,-0.002797,-0.005044,0.065429,0.000000,0.000000,0.000000,1.000000,0.015121,-0.006067,0.035073,0.000000,0.000000,0.000000,1.000000,0.002494,-0.000518,0.054380,0.307945,0.135975,-0.089602,0.937365,0.000000,0.000000,0.039330,0.445971,-0.012278,-0.041238,0.894013,0.000000,0.000000,0.026801,0.284834,-0.029411,-0.017822,0.957960,-0.030902,-0.015461,0.034420,-0.133563,-0.327095,0.544945,0.760398,0.000000,0.000000,0.032791,0.040856,0.066749,-0.083216,0.993454,0.000000,0.000000,0.034082,-0.097876,-0.068087,0.084159,0.989294,A
0.168686,0.882938,0.244126,-0.684765,-0.102451,0.145756,0.706652,-0.020312,-0.008992,0.036468,0.000000,0.000000,0.000000,1.000000,-0.003440,0.001613,0.060350,-0.039446,-0.157111,0.011609,0.986725,0.000000,0.000000,0.038252,0.069694,0.005383,-0.026134,0.997212,0.000000,0.000000,0.024512,-0.005300,0.026118,-0.016426,0.999510,0.023195,-0.009500,0.034365,0.018312,0.140343,-0.207036,0.968042,-0.000002,-0.000001,0.046041,-0.204268,0.227510,0.148283,0.940493,0.000000,0.000000,0.030983,0.116477,0.037599,-0.048741,0.991284,0.000000,0.000000,0.020485,0.057623,-0.049044,0.000925,0.997133,-0.003964,-0.007416,0.034287,0.000000,0.000000,0.000000,1.000000,0.002223,0.004851,0.062178,0.274558,0.044834,-0.018407,0.960349,0.000000,0.000000,0.043295,0.538420,-0.002382,-0.012939,0.842574,0.000000,0.000000,0.027785,0.350642,-0.014795,-0.075184,0.933370,-0.002852,-0.004990,0.065376,0.000000,0.000000,0.000000,1.000000,0.015121,-0.006067,0.035073,0.000000,0.000000,0.000000,1.000000,0.002494,-0.000518,0.054380,0.205295,0.144294,-0.075223,0.965078,0.000000,0.000000,0.039330,0.434274,-0.011869,-0.041135,0.899763,0.000000,0.000000,0.026801,0.290579,-0.029387,-0.018083,0.956229,-0.031123,-0.015033,0.034209,-0.148477,-0.317315,0.533674,0.769713,0.000000,0.000000,0.032791,0.040328,0.066794,-0.083216,0.993472,0.000000,0.000000,0.034082,-0.097476,-0.068057,0.084153,0.989336,A
0.168867,0.882706,0.243890,-0.678009,-0.096715,0.146440,0.713797,-0.020370,-0.008875,0.036410,0.000000,0.000000,0.000000,1.000000,-0.003382,0.001496,0.060408,0.105314,-0.195929,0.040758,0.974094,0.000000,0.000000,0.038252,0.154391,0.003125,-0.026326,0.987654,0.000000,0.000000,0.024512,0.010337,0.025860,-0.016502,0.999476,0.023195,-0.009500,0.034365,0.018312,0.140343,-0.207036,0.968042,-0.000002,-0.000001,0.046041,-0.209828,0.233682,0.151172,0.937290,0.000000,0.000000,0.030983,0.172967,0.035046,-0.053375,0.982856,0.000000,0.000000,0.020485,0.134481,-0.048623,0.001185,0.989722,-0.004022,-0.007357,0.034229,0.000000,0.000000,0.000000,1.000000,0.002281,0.004792,0.062237,0.163565,0.058263,-0.015169,0.984694,0.000000,0.000000,0.043294,0.543559,-0.002454,-0.012935,0.839268,0.000000,0.000000,0.027785,0.406440,-0.017244,-0.079644,0.910037,-0.002881,-0.004961,0.065347,0.000000,0.000000,0.000000,1.000000,0.015121,-0.006067,0.035073,0.000000,0.000000,0.000000,1.000000,0.002494,-0.000518,0.054380,0.088015,0.152077,-0.058381,0.982709,0.000000,0.000000,0.039330,0.537332,-0.015494,-0.041813,0.842191,0.000000,0.000000,0.026801,0.381201,-0.028858,-0.022184,0.923776,-0.031239,-0.014798,0.034092,-0.154419,-0.315002,0.528269,0.773215,0.000000,0.000000,0.032791,0.040023,0.066821,-0.083217,0.993483,0.000000,0.000000,0.034082,-0.097920,-0.068091,0.084160,0.989289,A
0.168514,0.884793,0.246591,-0.679826,-0.122582,0.089762,0.717463,-0.020489,-0.008622,0.036283,0.000000,0.000000,0.000000,1.000000,-0.003264,0.001242,0.060535,0.361501,-0.172802,0.098113,0.910950,0.000000,0.000000,0.038252,0.287911,-0.000545,-0.026234,0.957298,0.000000,0.000000,0.024512,0.085549,0.024529,-0.016811,0.995890,0.023195,-0.009500,0.034365,0.018312,0.140343,-0.207036,0.968042,-0.000002,-0.000001,0.046041,-0.211437,0.232696,0.151522,0.937117,0.000000,0.000000,0.030983,0.095025,0.038532,-0.046948,0.993620,0.000000,0.000000,0.020485,0.044832,-0.049085,0.000882,0.997788,-0.004140,-0.007231,0.034102,0.000000,0.000000,0.000000,1.000000,0.002400,0.004666,0.062363,0.032148,0.065213,-0.007987,0.997322,0.000000,0.000000,0.043295,0.264803,0.001224,-0.012545,0.964220,0.000000,0.000000,0.027785,0.174389,-0.007071,-0.060039,0.982819,-0.002941,-0.004898,0.065284,0.000000,0.000000,0.000000,1.000000,0.015121,-0.006067,0.035073,0.000000,0.000000,0.000000,1.000000,0.002494,-0.000518,0.054380,-0.069298,0.158020,-0.035064,0.984377,0.000000,0.000000,0.039330,0.237340,-0.005059,-0.038529,0.970649,0.000000,0.000000,0.026801,0.168046,-0.029668,-0.012470,0.985254,-0.031476,-0.014292,0.033840,-0.161714,-0.318135,0.518956,0.776739,0.000000,0.000000,0.032791,0.049604,0.065992,-0.083203,0.993107,0.000000,0.000000,0.034082,-0.097951,-0.068093,0.084160,0.989286,A
0.167677,0.885057,0.246294,-0.681676,-0.138092,0.059870,0.716005,-0.020529,-0.008530,0.036238,0.000000,0.000000,0.000000,1.000000,-0.003223,0.001151,0.060580,0.416840,-0.116829,0.090124,0.896924,0.000000,0.000000,0.038252,0.317147,-0.001367,-0.026145,0.948015,0.000000,0.000000,0.024512,0.093217,0.024385,-0.016837,0.995205,0.023195,-0.009500,0.034365,0.018312,0.140343,-0.207036,0.968042,-0.000002,-0.000001,0.046041,-0.212699,0.225169,0.150554,0.938825,0.000000,0.000000,0.030983,0.044606,0.040645,-0.042662,0.997265,0.000000,0.000000,0.020485,0.002685,-0.049165,0.000737,0.998787,-0.004181,-0.007185,0.034057,0.000000,0.000000,0.000000,1.000000,0.002440,0.004620,0.062409,0.051648,0.058605,-0.009109,0.996903,0.000000,0.000000,0.043294,0.125467,0.002912,-0.011960,0.992022,0.000000,0.000000,0.027785,0.053130,-0.001768,-0.048770,0.997394,-0.002961,-0.004875,0.065261,0.000000,0.000000,0.000000,1.000000,0.015121,-0.006067,0.035073,0.000000,0.000000,0.000000,1.000000,0.002494,-0.000518,0.054380,-0.073508,0.156859,-0.034612,0.984273,0.000000,0.000000,0.039330,0.105107,-0.000559,-0.035960,0.993811,0.000000,0.000000,0.026801,0.078017,-0.029578,-0.008299,0.996479,-0.031558,-0.014109,0.033748,-0.164183,-0.319471,0.515667,0.777862,0.000000,0.000000,0.032791,0.049437,0.066007,-0.083203,0.993115,0.000000,0.000000,0.034082,-0.097974,-0.068095,0.084161,0.989283,A
0.167561,0.885417,0.245657,-0.696052,-0.150938,0.062640,0.699146,-0.020439,-0.008730,0.036338,0.000000,0.000000,0.000000,1.000000,-0.003313,0.001351,0.060480,0.443007,-0.079816,0.079427,0.889419,0.000000,0.000000,0.038252,0.330510,-0.001746,-0.026096,0.943440,0.000000,0.000000,0.024512,0.093568,0.024378,-0.016838,0.995172,0.023195,-0.009500,0.034365,0.018312,0.140343,-0.207036,0.968042,-0.000002,-0.000001,0.046041,-0.213872,0.219889,0.149947,0.939906,0.000000,0.000000,0.030983,0.029091,0.041274,-0.041322,0.997869,0.000000,0.000000,0.020485,-0.005727,-0.049171,0.000708,0.998774,-0.004091,-0.007285,0.034157,0.000000,0.000000,0.000000,1.000000,0.002350,0.004720,0.062309,0.094342,0.047352,-0.010838,0.994354,0.000000,0.000000,0.043294,0.028331,0.004036,-0.011419,0.999525,0.000000,0.000000,0.027785,-0.035753,0.002114,-0.040093,0.998554,-0.002916,-0.004925,0.065311,0.000000,0.000000,0.000000,1.000000,0.015121,-0.006067,0.035073,0.000000,0.000000,0.000000,1.000000,0.002494,-0.000518,0.054380,-0.076173,0.141986,-0.036367,0.986263,0.000000,0.000000,0.039330,0.030317,0.001963,-0.034240,0.998952,0.000000,0.000000,0.026801,0.004179,-0.029324,-0.004849,0.999550,-0.031377,-0.014508,0.033948,-0.154227,-0.323502,0.524910,0.772030,0.000000,0.000000,0.032791,0.053415,0.065661,-0.083195,0.992932,0.000000,0.000000,0.034082,-0.096826,-0.068007,0.084144,0.989404,A
0.167538,0.884860,0.244634,-0.702794,-0.154229,0.064595,0.691463,-0.020189,-0.009230,0.036585,0.000000,0.000000,0.000000,1.000000,-0.003563,0.001851,0.060233,0.454863,-0.067078,0.075608,0.884807,0.000000,0.000000,0.038252,0.338801,-0.001981,-0.026063,0.940495,0.000000,0.000000,0.024512,0.093489,0.024379,-0.016838,0.995179,0.023195,-0.009500,0.034365,0.018312,0.140343,-0.207036,0.968042,-0.000002,-0.000001,0.046041,-0.214691,0.207875,0.147949,0.942766,0.000000,0.000000,0.030983,0.025790,0.041406,-0.041036,0.997966,0.000000,0.000000,0.020485,-0.007636,-0.049172,0.000701,0.998761,-0.003841,-0.007534,0.034404,0.000000,0.000000,0.000000,1.000000,0.002100,0.004970,0.062061,0.101761,0.022985,-0.009743,0.994496,0.000000,0.000000,0.043294,0.016591,0.004170,-0.011346,0.999789,0.000000,0.000000,0.027785,-0.069976,0.003607,-0.036660,0.996868,-0.002791,-0.005050,0.065435,0.000000,0.000000,0.000000,1.000000,0.015121,-0.006067,0.035073,0.000000,0.000000,0.000000,1.000000,0.002494,-0.000518,0.054380,-0.078539,0.128804,-0.037953,0.987826,0.000000,0.000000,0.039330,0.023596,0.002189,-0.034077,0.999138,0.000000,0.000000,0.026801,-0.006534,-0.029274,-0.004346,0.999541,-0.030877,-0.015508,0.034443,-0.134839,-0.323925,0.545022,0.761474,0.000000,0.000000,0.032791,0.057097,0.065340,-0.083186,0.992749,0.000000,0.000000,0.034082,-0.097282,-0.068042,0.084150,0.989356,A
0.167625,0.883782,0.243999,-0.699580,-0.147085,0.077338,0.694962,-0.020144,-0.009313,0.036626,0.000000,0.000000,0.000000,1.000000,-0.003608,0.001934,0.060192,0.405050,-0.071867,0.070778,0.908714,0.000000,0.000000,0.038252,0.296812,-0.000794,-0.026210,0.954576,0.000000,0.000000,0.024512,0.084093,0.024556,-0.016805,0.996014,0.023195,-0.009500,0.034365,0.018312,0.140343,-0.207036,0.968042,-0.000002,-0.000001,0.046041,-0.215721,0.205958,0.147893,0.942960,0.000000,0.000000,0.030983,0.026342,0.041384,-0.041084,0.997951,0.000000,0.000000,0.020485,-0.009259,-0.049172,0.000696,0.998747,-0.003796,-0.007576,0.034445,0.000000,0.000000,0.000000,1.000000,0.002055,0.005011,0.062020,0.100835,0.012449,-0.009122,0.994784,0.000000,0.000000,0.043295,0.014539,0.004193,-0.011333,0.999821,0.000000,0.000000,0.027785,-0.071052,0.003654,-0.036551,0.996796,-0.002768,-0.005070,0.065455,0.000000,0.000000,0.000000,1.000000,0.015121,-0.006067,0.035073,0.000000,0.000000,0.000000,1.000000,0.002494,-0.000518,0.054380,-0.080048,0.126921,-0.038048,0.987945,0.000000,0.000000,0.039330,0.021818,0.002248,-0.034033,0.999180,0.000000,0.000000,0.026801,-0.008560,-0.029264,-0.004251,0.999526,-0.030787,-0.015674,0.034525,-0.130134,-0.325980,0.548876,0.758642,0.000000,0.000000,0.032791,0.057552,0.065300,-0.083185,0.992726,0.000000,0.000000,0.034082,-0.106878,-0.068772,0.084289,0.988303,A
0.168500,0.882173,0.243925,-0.688402,-0.127017,0.104184,0.706481,-0.020071,-0.009444,0.036690,0.000000,0.000000,0.000000,1.000000,-0.003681,0.002065,0.060128,0.311002,-0.080113,0.060958,0.945063,0.000000,0.000000,0.038252,0.205849,0.001727,-0.026349,0.978227,0.000000,0.000000,0.024512,0.045100,0.025263,-0.016656,0.998524,0.023195,-0.009500,0.034365,0.018312,0.140343,-0.207036,0.968042,-0.000002,-0.000001,0.046041,-0.216510,0.205882,0.148113,0.942761,0.000000,0.000000,0.030983,0.026881,0.041363,-0.041131,0.997935,0.000000,0.000000,0.020485,-0.010781,-0.049172,0.000691,0.998732,-0.003723,-0.007642,0.034509,0.000000,0.000000,0.000000,1.000000,0.001982,0.005077,0.061956,0.075354,0.013120,-0.008952,0.997030,0.000000,0.000000,0.043294,0.012835,0.004212,-0.011323,0.999845,0.000000,0.000000,0.027785,-0.072543,0.003719,-0.036400,0.996694,-0.002732,-0.005103,0.065487,0.000000,0.000000,0.000000,1.000000,0.015121,-0.006067,0.035073,0.000000,0.000000,0.000000,1.000000,0.002494,-0.000518,0.054380,-0.080002,0.139421,-0.036245,0.986330,0.000000,0.000000,0.039330,0.020153,0.002304,-0.033992,0.999216,0.000000,0.000000,0.026801,-0.010259,-0.029256,-0.004172,0.999511,-0.030641,-0.015937,0.034654,-0.126042,-0.324326,0.553675,0.756552,0.000000,0.000000,0.032791,0.057106,0.065339,-0.083186,0.992749,0.000000,0.000000,0.034082,-0.126161,-0.070222,0.084545,0.985903,A
0.170258,0.881139,0.244234,-0.634090,-0.113464,0.087602,0.759857,-0.020129,-0.009339,0.036639,0.000000,0.000000,0.000000,1.000000,-0.003623,0.001960,0.060179,0.183376,-0.087548,0.046061,0.978053,0.000000,0.000000,0.038252,0.096240,0.004680,-0.026215,0.995002,0.000000,0.000000,0.024512,-0.013051,0.026244,-0.016386,0.999436,0.023195,-0.009500,0.034365,0.018312,0.140343,-0.207036,0.968042,-0.000002,-0.000001,0.046041,-0.146715,0.215176,0.129044,0.956829,0.000000,0.000000,0.030983,0.026823,0.041365,-0.041126,0.997937,0.000000,0.000000,0.020485,-0.012103,-0.049173,0.000686,0.998717,-0.003781,-0.007589,0.034458,0.000000,0.000000,0.000000,1.000000,0.002041,0.005024,0.062007,-0.011891,0.032828,-0.007189,0.999364,0.000000,0.000000,0.043294,0.011356,0.004229,-0.011313,0.999863,0.000000,0.000000,0.027785,-0.072860,0.003733,-0.036368,0.996672,-0.002761,-0.005077,0.065462,0.000000,0.000000,0.000000,1.000000,0.015121,-0.006067,0.035073,0.000000,0.000000,0.000000,1.000000,0.002494,-0.000518,0.054380,-0.078317,0.146946,-0.035368,0.985405,0.000000,0.000000,0.039330,0.018708,0.002353,-0.033957,0.999245,0.000000,0.000000,0.026801,-0.011734,-0.029248,-0.004102,0.999495,-0.030758,-0.015727,0.034551,-0.137678,-0.313589,0.546645,0.764125,0.000000,0.000000,0.032791,0.055302,0.065496,-0.083191,0.992840,0.000000,0.000000,0.034082,-0.162524,-0.072893,0.084941,0.980336,A
0.172906,0.880041,0.245496,-0.593941,-0.102924,0.066147,0.795151,-0.020186,-0.009236,0.036588,0.000000,0.000000,0.000000,1.000000,-0.003567,0.001857,0.060230,0.010541,-0.093284,0.024762,0.995276,0.000000,0.000000,0.038252,0.028364,0.006465,-0.025972,0.999239,0.000000,0.000000,0.024512,-0.049089,0.026807,-0.016191,0.998303,0.023195,-0.009500,0.034365,0.018312,0.140343,-0.207036,0.968042,-0.000002,-0.000001,0.046041,-0.037540,0.226668,0.098369,0.968264,0.000000,0.000000,0.030983,0.009636,0.042047,-0.039630,0.998283,0.000000,0.000000,0.020485,-0.013269,-0.049173,0.000682,0.998702,-0.003837,-0.007538,0.034407,0.000000,0.000000,0.000000,1.000000,0.002097,0.004973,0.062058,-0.067065,0.058542,-0.002818,0.996026,0.000000,0.000000,0.043295,0.010052,0.004243,-0.011305,0.999877,0.000000,0.000000,0.027785,-0.065622,0.003417,-0.037099,0.997149,-0.002789,-0.005051,0.065436,0.000000,0.000000,0.000000,1.000000,0.015121,-0.006067,0.035073,0.000000,0.000000,0.000000,1.000000,0.002494,-0.000518,0.054380,0.001460,0.144723,-0.046342,0.988385,0.000000,0.000000,0.039330,0.017433,0.002395,-0.033925,0.999269,0.000000,0.000000,0.026801,-0.012712,-0.029243,-0.004056,0.999483,-0.030870,-0.015520,0.034449,-0.149913,-0.301488,0.539069,0.772034,0.000000,0.000000,0.032791,0.048298,0.066105,-0.083205,0.993164,0.000000,0.000000,0.034082,-0.168477,-0.073322,0.084995,0.979293,A
0.173744,0.878711,0.242152,-0.606901,-0.119034,0.056982,0.783744,-0.019812,-0.009878,0.036901,0.000000,0.000000,0.000000,1.000000,-0.003940,0.002499,0.059917,-0.066895,-0.095487,0.014907,0.993069,0.000000,0.000000,0.038252,0.021277,0.006650,-0.025940,0.999415,0.000000,0.000000,0.024512,-0.052687,0.026862,-0.016171,0.998119,0.023195,-0.009500,0.034365,0.018312,0.140343,-0.207036,0.968042,-0.000002,-0.000001,0.046041,0.113498,0.235350,0.054873,0.963700,0.000000,0.000000,0.030983,0.018782,0.041686,-0.040427,0.998136,0.000000,0.000000,0.020485,-0.014320,-0.049173,0.000678,0.998687,-0.003464,-0.007858,0.034720,0.000000,0.000000,0.000000,1.000000,0.001723,0.005294,0.061745,-0.072038,0.089812,0.001148,0.993349,0.000000,0.000000,0.043294,0.009434,0.004250,-0.011301,0.999883,0.000000,0.000000,0.027785,-0.065126,0.003396,-0.037149,0.997180,-0.002602,-0.005212,0.065593,0.000000,0.000000,0.000000,1.000000,0.015121,-0.006067,0.035073,0.000000,0.000000,0.000000,1.000000,0.002494,-0.000518,0.054380,0.084340,0.163397,-0.058072,0.981232,0.000000,0.000000,0.039330,0.016369,0.002431,-0.033899,0.999288,0.000000,0.000000,0.026801,-0.013152,-0.029241,-0.004036,0.999478,-0.030123,-0.016804,0.035075,-0.129661,-0.294787,0.563578,0.760703,0.000000,0.000000,0.032791,0.055120,0.065512,-0.083191,0.992849,0.000000,0.000000,0.034082,-0.164370,-0.073026,0.084958,0.980016,A
0.174012,0.876507,0.241007,-0.643973,-0.084806,0.099738,0.753763,-0.019651,-0.010126,0.037021,0.000000,0.000000,0.000000,1.000000,-0.004102,0.002747,0.059797,-0.077862,-0.089322,0.014427,0.992850,0.000000,0.000000,0.038252,0.019452,0.006697,-0.025931,0.999452,0.000000,0.000000,0.024512,-0.054458,0.026889,-0.016160,0.998023,0.023195,-0.009500,0.034365,0.018312,0.140343,-0.207036,0.968042,-0.000002,-0.000001,0.046041,0.348491,0.159826,0.020163,0.923365,0.000000,0.000000,0.030983,0.211061,0.033244,-0.056426,0.975277,0.000000,0.000000,0.020485,0.101528,-0.048840,0.001074,0.993633,-0.003303,-0.007983,0.034840,0.000000,0.000000,0.000000,1.000000,0.001562,0.005418,0.061626,-0.027253,0.123611,-0.000151,0.991957,0.000000,0.000000,0.043294,0.009852,0.004246,-0.011304,0.999879,0.000000,0.000000,0.027785,-0.067948,0.003519,-0.036865,0.997001,-0.002522,-0.005274,0.065653,0.000000,0.000000,0.000000,1.000000,0.015121,-0.006067,0.035073,0.000000,0.000000,0.000000,1.000000,0.002494,-0.000518,0.054380,0.212523,0.169821,-0.080311,0.958929,0.000000,0.000000,0.039330,0.110222,-0.000732,-0.036071,0.993252,0.000000,0.000000,0.026801,0.055454,-0.029517,-0.007247,0.997999,-0.029801,-0.017300,0.035314,-0.144838,-0.259992,0.564604,0.769837,0.000000,0.000000,0.032791,0.055558,0.065474,-0.083190,0.992827,0.000000,0.000000,0.034082,-0.130047,-0.070511,0.084593,0.985373,A
0.177893,0.876232,0.243888,-0.678400,-0.114884,0.098817,0.718895,-0.019637,-0.010147,0.037031,0.000000,0.000000,0.000000,1.000000,-0.004116,0.002768,0.059787,-0.080625,-0.070183,0.016905,0.994127,0.000000,0.000000,0.038252,0.017867,0.006738,-0.025924,0.999482,0.000000,0.000000,0.024512,-0.056183,0.026915,-0.016150,0.997927,0.023195,-0.009500,0.034365,0.018312,0.140343,-0.207036,0.968042,-0.000002,-0.000001,0.046041,0.502230,0.122715,0.010572,0.855918,0.000000,0.000000,0.030983,0.371547,0.024896,-0.068589,0.925542,0.000000,0.000000,0.020485,0.194321,-0.048089,0.001384,0.979758,-0.003288,-0.007993,0.034850,0.000000,0.000000,0.000000,1.000000,0.001548,0.005428,0.061616,0.033967,0.139415,-0.007244,0.989625,0.000000,0.000000,0.043295,0.008691,0.004259,-0.011297,0.999889,0.000000,0.000000,0.027785,-0.074890,0.003822,-0.036162,0.996529,-0.002515,-0.005279,0.065658,0.000000,0.000000,0.000000,1.000000,0.015121,-0.006067,0.035073,0.000000,0.000000,0.000000,1.000000,0.002494,-0.000518,0.054380,0.310992,0.154376,-0.095022,0.932964,0.000000,0.000000,0.039330,0.356660,-0.009168,-0.040296,0.933320,0.000000,0.000000,0.026801,0.215873,-0.029615,-0.014670,0.975862,-0.029772,-0.017342,0.035334,-0.154862,-0.244790,0.561178,0.775355,0.000000,0.000000,0.032791,0.055522,0.065477,-0.083190,0.992829,0.000000,0.000000,0.034082,-0.116226,-0.069478,0.084417,0.987187,A
0.180882,0.875835,0.251237,-0.678423,-0.142665,0.065445,0.717709,-0.019606,-0.010193,0.037053,0.000000,0.000000,0.000000,1.000000,-0.004147,0.002813,0.059765,-0.082434,-0.065293,0.017445,0.994302,0.000000,0.000000,0.038252,0.016428,0.006776,-0.025917,0.999506,0.000000,0.000000,0.024512,-0.057748,0.026938,-0.016141,0.997837,0.023195,-0.009500,0.034365,0.018312,0.140343,-0.207036,0.968042,-0.000002,-0.000001,0.046041,0.559788,0.106073,0.012579,0.821722,0.000000,0.000000,0.030983,0.459355,0.019757,-0.074721,0.884884,0.000000,0.000000,0.020485,0.253629,-0.047375,0.001579,0.966139,-0.003257,-0.008016,0.034872,0.000000,0.000000,0.000000,1.000000,0.001517,0.005451,0.061594,0.051339,0.138995,-0.009593,0.988915,0.000000,0.000000,0.043294,0.007638,0.004271,-0.011290,0.999898,0.000000,0.000000,0.027785,-0.076792,0.003905,-0.035970,0.996391,-0.002499,-0.005290,0.065669,0.000000,0.000000,0.000000,1.000000,0.015121,-0.006067,0.035073,0.000000,0.000000,0.000000,1.000000,0.002494,-0.000518,0.054380,0.401971,0.139823,-0.107470,0.898510,0.000000,0.000000,0.039330,0.503332,-0.014293,-0.041649,0.862970,0.000000,0.000000,0.026801,0.312224,-0.029287,-0.019067,0.949366,-0.029710,-0.017433,0.035378,-0.155767,-0.241099,0.562091,0.775669,0.000000,0.000000,0.032791,0.055960,0.065439,-0.083189,0.992807,0.000000,0.000000,0.034082,-0.116987,-0.069535,0.084427,0.987092,A
0.179142,0.877896,0.250553,-0.622676,-0.211631,-0.101025,0.746512,-0.019857,-0.009805,0.036866,0.000000,0.000000,0.000000,1.000000,-0.003895,0.002426,0.059952,-0.083945,-0.063728,0.017535,0.994276,0.000000,0.000000,0.038252,0.015138,0.006809,-0.025911,0.999526,0.000000,0.000000,0.024512,-0.059152,0.026959,-0.016133,0.997755,0.023195,-0.009500,0.034365,0.018312,0.140343,-0.207036,0.968042,-0.000002,-0.000001,0.046041,0.575597,0.107297,0.009392,0.810609,0.000000,0.000000,0.030983,0.489525,0.017885,-0.076731,0.868422,0.000000,0.000000,0.020485,0.282088,-0.046965,0.001671,0.958237,-0.003509,-0.007822,0.034685,0.000000,0.000000,0.000000,1.000000,0.001768,0.005257,0.061780,0.051542,0.113692,-0.009465,0.992133,0.000000,0.000000,0.043294,0.007142,0.004276,-0.011287,0.999902,0.000000,0.000000,0.027785,-0.074139,0.003789,-0.036238,0.996582,-0.002625,-0.005194,0.065575,0.000000,0.000000,0.000000,1.000000,0.015121,-0.006067,0.035073,0.000000,0.000000,0.000000,1.000000,0.002494,-0.000518,0.054380,0.447148,0.133525,-0.113824,0.877083,0.000000,0.000000,0.039330,0.570190,-0.016660,-0.041910,0.820274,0.000000,0.000000,0.026801,0.344100,-0.029109,-0.020511,0.938258,-0.030214,-0.016659,0.035005,-0.189450,-0.212104,0.535911,0.794934,0.000000,0.000000,0.032791,0.052665,0.065726,-0.083196,0.992968,0.000000,0.000000,0.034082,-0.141680,-0.071372,0.084728,0.983694,A
0.177615,0.880146,0.249628,-0.600639,-0.251820,-0.185100,0.735906,-0.019794,-0.009906,0.036915,0.000000,0.000000,0.000000,1.000000,-0.003958,0.002527,0.059903,-0.085300,-0.062919,0.017531,0.994212,0.000000,0.000000,0.038252,0.013962,0.006840,-0.025905,0.999544,0.000000,0.000000,0.024512,-0.060408,0.026978,-0.016126,0.997679,0.023195,-0.009500,0.034365,0.018312,0.140343,-0.207036,0.968042,-0.000002,-0.000001,0.046041,0.575163,0.108580,0.008515,0.810756,0.000000,0.000000,0.030983,0.480301,0.018463,-0.076122,0.873599,0.000000,0.000000,0.020485,0.279987,-0.046997,0.001664,0.958851,-0.003446,-0.007873,0.034734,0.000000,0.000000,0.000000,1.000000,0.001705,0.005308,0.061731,0.050427,0.091524,-0.009228,0.994483,0.000000,0.000000,0.043295,0.007422,0.004273,-0.011288,0.999900,0.000000,0.000000,0.027785,-0.062637,0.003287,-0.037400,0.997330,-0.002593,-0.005219,0.065600,0.000000,0.000000,0.000000,1.000000,0.015121,-0.006067,0.035073,0.000000,0.000000,0.000000,1.000000,0.002494,-0.000518,0.054380,0.452772,0.131938,-0.114256,0.874377,0.000000,0.000000,0.039330,0.577696,-0.016928,-0.041923,0.814999,0.000000,0.000000,0.026801,0.349206,-0.029078,-0.020741,0.936365,-0.030088,-0.016860,0.035103,-0.186356,-0.211655,0.540257,0.792841,0.000000,0.000000,0.032791,0.050156,0.065944,-0.083202,0.993083,0.000000,0.000000,0.034082,-0.143973,-0.071541,0.084753,0.983347,A
0.175569,0.878677,0.249762,-0.587921,-0.273379,-0.255695,0.717101,-0.019343,-0.010561,0.037228,0.000000,0.000000,0.000000,1.000000,-0.004409,0.003182,0.059590,-0.086535,-0.061706,0.017601,0.994180,0.000000,0.000000,0.038252,0.016775,0.006767,-0.025919,0.999500,0.000000,0.000000,0.024512,-0.061211,0.026989,-0.016121,0.997630,0.023195,-0.009500,0.034365,0.018312,0.140343,-0.207036,0.968042,-0.000002,-0.000001,0.046041,0.616525,0.107971,0.002709,0.779892,0.000000,0.000000,0.030983,0.452693,0.020162,-0.074270,0.888339,0.000000,0.000000,0.020485,0.247704,-0.047455,0.001559,0.967672,-0.002995,-0.008200,0.035047,0.000000,0.000000,0.000000,1.000000,0.001254,0.005635,0.061418,0.050569,0.087218,-0.009216,0.994862,0.000000,0.000000,0.043294,0.006492,0.004284,-0.011283,0.999906,0.000000,0.000000,0.027785,-0.062732,0.003291,-0.037391,0.997324,-0.002368,-0.005383,0.065756,0.000000,0.000000,0.000000,1.000000,0.015121,-0.006067,0.035073,0.000000,0.000000,0.000000,1.000000,0.002494,-0.000518,0.054380,0.535107,0.112680,-0.121547,0.828366,0.000000,0.000000,0.039330,0.567035,-0.016548,-0.041903,0.822461,0.000000,0.000000,0.026801,0.331903,-0.029181,-0.019959,0.942651,-0.029185,-0.018171,0.035729,-0.167086,-0.206132,0.568052,0.779044,0.000000,0.000000,0.032791,0.047878,0.066142,-0.083206,0.993182,0.000000,0.000000,0.034082,-0.146656,-0.071738,0.084782,0.982933,A
