Letter,TimeStamp,BoneName,PosX,PosY,PosZ,RotX,RotY,RotZ,RotW
A,0.0000,R_Wrist,0.024313,1.455757,0.569467,-0.471660,-0.277808,-0.212497,0.809447
A,0.0000,R_IndexMetacarpal,-0.020494,-0.007332,0.034977,0.000000,0.000000,0.000000,1.000000
A,0.0000,R_IndexProximal,-0.002773,0.000103,0.059863,-0.023183,-0.001154,0.028369,0.999328
A,0.0000,R_IndexIntermediate,0.000000,0.000000,0.037471,0.148891,0.003273,-0.026319,0.988498
A,0.0000,R_IndexDistal,0.000000,0.000000,0.024011,0.020364,0.025691,-0.016548,0.999326
A,0.0000,R_IndexTip,0.000292,0.001013,0.022094,0.000000,0.000000,0.000000,1.000000
A,0.0000,R_LittleMetacarpal,0.022722,-0.009306,0.033663,0.018312,0.140343,-0.207036,0.968042
A,0.0000,R_LittleProximal,-0.000002,-0.000001,0.045101,-0.107869,0.027957,0.101423,0.988583
A,0.0000,R_LittleIntermediate,0.000000,0.000000,0.030351,0.233501,0.032152,-0.058195,0.970081
A,0.0000,R_LittleDistal,0.000000,0.000000,0.020067,0.050806,-0.049067,0.000902,0.997502
A,0.0000,R_LittleTip,-0.000244,0.001201,0.021659,0.000000,0.000000,0.000000,1.000000
A,0.0000,R_MiddleMetacarpal,-0.004479,-0.006526,0.032841,0.000000,0.000000,0.000000,1.000000
A,0.0000,R_MiddleProximal,0.002774,0.004013,0.061654,0.019328,0.075637,-0.006953,0.996924
A,0.0000,R_MiddleIntermediate,0.000000,0.000000,0.042410,0.144012,0.002692,-0.012051,0.989499
A,0.0000,R_MiddleDistal,0.000000,0.000000,0.027218,-0.001329,0.000611,-0.043495,0.999053
A,0.0000,R_MiddleTip,0.000305,0.001124,0.024664,0.000000,0.000000,0.000000,1.000000
A,0.0000,R_Palm,-0.003092,-0.004519,0.063668,0.000000,0.000000,0.000000,1.000000
A,0.0000,R_RingMetacarpal,0.014812,-0.005943,0.034357,0.000000,0.000000,0.000000,1.000000
A,0.0000,R_RingProximal,0.002443,-0.000507,0.053269,-0.034654,0.106710,-0.045171,0.992659
A,0.0000,R_RingIntermediate,0.000000,0.000000,0.038527,0.168161,-0.002698,-0.037261,0.985052
A,0.0000,R_RingDistal,0.000000,0.000000,0.026253,0.069814,-0.029558,-0.007917,0.997091
A,0.0000,R_RingTip,0.000255,0.001589,0.024033,0.000000,0.000000,0.000000,1.000000
A,0.0000,R_ThumbMetacarpal,-0.031680,-0.011772,0.032018,-0.106299,-0.470108,0.517716,0.706874
A,0.0000,R_ThumbProximal,0.000000,0.000000,0.032122,0.164426,0.055553,-0.082428,0.981368
A,0.0000,R_ThumbDistal,0.000000,0.000000,0.033386,-0.049519,-0.064324,0.083344,0.993209
A,0.0000,R_ThumbTip,0.000662,0.001015,0.024295,0.000000,0.000000,0.000000,1.000000
A,0.0667,R_Wrist,0.024313,1.455757,0.569467,-0.471661,-0.277809,-0.212497,0.809447
A,0.0667,R_IndexMetacarpal,-0.020494,-0.007332,0.034977,0.000000,0.000000,0.000000,1.000000
A,0.0667,R_IndexProximal,-0.002773,0.000103,0.059863,-0.023183,-0.001154,0.028369,0.999328
A,0.0667,R_IndexIntermediate,0.000000,0.000000,0.037471,0.148891,0.003273,-0.026319,0.988498
A,0.0667,R_IndexDistal,0.000000,0.000000,0.024011,0.020364,0.025691,-0.016548,0.999326
A,0.0667,R_IndexTip,0.000292,0.001013,0.022094,0.000000,0.000000,0.000000,1.000000
A,0.0667,R_LittleMetacarpal,0.022722,-0.009307,0.033663,0.018312,0.140343,-0.207036,0.968042
A,0.0667,R_LittleProximal,-0.000002,-0.000001,0.045101,-0.107869,0.027957,0.101423,0.988583
A,0.0667,R_LittleIntermediate,0.000000,0.000000,0.030351,0.233501,0.032152,-0.058195,0.970081
A,0.0667,R_LittleDistal,0.000000,0.000000,0.020067,0.050806,-0.049067,0.000902,0.997502
A,0.0667,R_LittleTip,-0.000244,0.001201,0.021659,0.000000,0.000000,0.000000,1.000000
A,0.0667,R_MiddleMetacarpal,-0.004479,-0.006526,0.032841,0.000000,0.000000,0.000000,1.000000
A,0.0667,R_MiddleProximal,0.002774,0.004013,0.061654,0.019328,0.075637,-0.006953,0.996924
A,0.0667,R_MiddleIntermediate,0.000000,0.000000,0.042410,0.144012,0.002692,-0.012051,0.989499
A,0.0667,R_MiddleDistal,0.000000,0.000000,0.027218,-0.001329,0.000611,-0.043495,0.999053
A,0.0667,R_MiddleTip,0.000305,0.001124,0.024664,0.000000,0.000000,0.000000,1.000000
A,0.0667,R_Palm,-0.003092,-0.004519,0.063668,0.000000,0.000000,0.000000,1.000000
A,0.0667,R_RingMetacarpal,0.014812,-0.005943,0.034357,0.000000,0.000000,0.000000,1.000000
A,0.0667,R_RingProximal,0.002443,-0.000507,0.053269,-0.034654,0.106710,-0.045171,0.992659
A,0.0667,R_RingIntermediate,0.000000,0.000000,0.038527,0.168161,-0.002698,-0.037261,0.985052
A,0.0667,R_RingDistal,0.000000,0.000000,0.026253,0.069814,-0.029558,-0.007917,0.997091
A,0.0667,R_RingTip,0.000255,0.001589,0.024033,0.000000,0.000000,0.000000,1.000000
A,0.0667,R_ThumbMetacarpal,-0.031681,-0.011772,0.032018,-0.106299,-0.470108,0.517716,0.706874
A,0.0667,R_ThumbProximal,0.000000,0.000000,0.032122,0.164426,0.055553,-0.082428,0.981368
A,0.0667,R_ThumbDistal,0.000000,0.000000,0.033386,-0.049519,-0.064324,0.083344,0.993209
A,0.0667,R_ThumbTip,0.000662,0.001015,0.024295,0.000000,0.000000,0.000000,1.000000
A,0.1333,R_Wrist,0.024314,1.455757,0.569468,-0.471660,-0.277809,-0.212497,0.809447
A,0.1333,R_IndexMetacarpal,-0.020494,-0.007332,0.034977,0.000000,0.000000,0.000000,1.000000
A,0.1333,R_IndexProximal,-0.002774,0.000103,0.059863,-0.023183,-0.001154,0.028369,0.999328
A,0.1333,R_IndexIntermediate,0.000000,0.000000,0.037471,0.148891,0.003273,-0.026319,0.988498
A,0.1333,R_IndexDistal,0.000000,0.000000,0.024011,0.020364,0.025691,-0.016548,0.999326
A,0.1333,R_IndexTip,0.000292,0.001013,0.022094,0.000000,0.000000,0.000000,1.000000
A,0.1333,R_LittleMetacarpal,0.022722,-0.009307,0.033664,0.018312,0.140343,-0.207036,0.968042
A,0.1333,R_LittleProximal,-0.000002,-0.000001,0.045101,-0.107869,0.027957,0.101423,0.988583
A,0.1333,R_LittleIntermediate,0.000000,0.000000,0.030351,0.233501,0.032152,-0.058195,0.970081
A,0.1333,R_LittleDistal,0.000000,0.000000,0.020067,0.050806,-0.049067,0.000902,0.997502
A,0.1333,R_LittleTip,-0.000244,0.001201,0.021659,0.000000,0.000000,0.000000,1.000000
A,0.1333,R_MiddleMetacarpal,-0.004479,-0.006526,0.032841,0.000000,0.000000,0.000000,1.000000
A,0.1333,R_MiddleProximal,0.002774,0.004013,0.061654,0.019328,0.075637,-0.006953,0.996924
A,0.1333,R_MiddleIntermediate,0.000000,0.000000,0.042410,0.144012,0.002692,-0.012051,0.989499
A,0.1333,R_MiddleDistal,0.000000,0.000000,0.027218,-0.001329,0.000611,-0.043495,0.999053
A,0.1333,R_MiddleTip,0.000305,0.001124,0.024664,0.000000,0.000000,0.000000,1.000000
A,0.1333,R_Palm,-0.003092,-0.004519,0.063668,0.000000,0.000000,0.000000,1.000000
A,0.1333,R_RingMetacarpal,0.014812,-0.005943,0.034357,0.000000,0.000000,0.000000,1.000000
A,0.1333,R_RingProximal,0.002443,-0.000507,0.053269,-0.034654,0.106710,-0.045171,0.992659
A,0.1333,R_RingIntermediate,0.000000,0.000000,0.038527,0.168161,-0.002698,-0.037261,0.985052
A,0.1333,R_RingDistal,0.000000,0.000000,0.026254,0.069814,-0.029558,-0.007917,0.997091
A,0.1333,R_RingTip,0.000255,0.001589,0.024033,0.000000,0.000000,0.000000,1.000000
A,0.1333,R_ThumbMetacarpal,-0.031681,-0.011772,0.032018,-0.106299,-0.470108,0.517716,0.706874
A,0.1333,R_ThumbProximal,0.000000,0.000000,0.032122,0.164426,0.055553,-0.082428,0.981368
A,0.1333,R_ThumbDistal,0.000000,0.000000,0.033386,-0.049519,-0.064324,0.083344,0.993209
A,0.1333,R_ThumbTip,0.000662,0.001015,0.024295,0.000000,0.000000,0.000000,1.000000
A,0.2000,R_Wrist,0.024314,1.455758,0.569469,-0.471660,-0.277809,-0.212497,0.809447
A,0.2000,R_IndexMetacarpal,-0.020494,-0.007332,0.034977,0.000000,0.000000,0.000000,1.000000
A,0.2000,R_IndexProximal,-0.002774,0.000103,0.059864,-0.023183,-0.001154,0.028369,0.999328
A,0.2000,R_IndexIntermediate,0.000000,0.000000,0.037471,0.148891,0.003273,-0.026319,0.988498
A,0.2000,R_IndexDistal,0.000000,0.000000,0.024011,0.020364,0.025691,-0.016548,0.999326
A,0.2000,R_IndexTip,0.000292,0.001013,0.022094,0.000000,0.000000,0.000000,1.000000
A,0.2000,R_LittleMetacarpal,0.022722,-0.009307,0.033664,0.018312,0.140343,-0.207036,0.968042
A,0.2000,R_LittleProximal,-0.000002,-0.000001,0.045101,-0.107869,0.027957,0.101423,0.988583
A,0.2000,R_LittleIntermediate,0.000000,0.000000,0.030351,0.233501,0.032152,-0.058195,0.970081
A,0.2000,R_LittleDistal,0.000000,0.000000,0.020067,0.050806,-0.049067,0.000902,0.997502
A,0.2000,R_LittleTip,-0.000244,0.001201,0.021659,0.000000,0.000000,0.000000,1.000000
A,0.2000,R_MiddleMetacarpal,-0.004479,-0.006526,0.032841,0.000000,0.000000,0.000000,1.000000
A,0.2000,R_MiddleProximal,0.002774,0.004013,0.061654,0.019328,0.075637,-0.006953,0.996924
A,0.2000,R_MiddleIntermediate,0.000000,0.000000,0.042411,0.144012,0.002692,-0.012051,0.989499
A,0.2000,R_MiddleDistal,0.000000,0.000000,0.027218,-0.001329,0.000611,-0.043495,0.999053
A,0.2000,R_MiddleTip,0.000305,0.001124,0.024665,0.000000,0.000000,0.000000,1.000000
A,0.2000,R_Palm,-0.003092,-0.004519,0.063668,0.000000,0.000000,0.000000,1.000000
A,0.2000,R_RingMetacarpal,0.014812,-0.005943,0.034357,0.000000,0.000000,0.000000,1.000000
A,0.2000,R_RingProximal,0.002443,-0.000507,0.053269,-0.034654,0.106710,-0.045171,0.992659
A,0.2000,R_RingIntermediate,0.000000,0.000000,0.038527,0.168161,-0.002698,-0.037261,0.985052
A,0.2000,R_RingDistal,0.000000,0.000000,0.026254,0.069814,-0.029558,-0.007917,0.997091
A,0.2000,R_RingTip,0.000255,0.001589,0.024033,0.000000,0.000000,0.000000,1.000000
A,0.2000,R_ThumbMetacarpal,-0.031681,-0.011772,0.032019,-0.106299,-0.470108,0.517716,0.706874
A,0.2000,R_ThumbProximal,0.000000,0.000000,0.032122,0.164426,0.055553,-0.082428,0.981368
A,0.2000,R_ThumbDistal,0.000000,0.000000,0.033386,-0.049519,-0.064324,0.083344,0.993209
A,0.2000,R_ThumbTip,0.000662,0.001015,0.024295,0.000000,0.000000,0.000000,1.000000
A,0.2667,R_Wrist,0.024314,1.455758,0.569470,-0.471661,-0.277809,-0.212497,0.809447
A,0.2667,R_IndexMetacarpal,-0.020494,-0.007332,0.034978,0.000000,0.000000,0.000000,1.000000
A,0.2667,R_IndexProximal,-0.002773,0.000103,0.059864,-0.023183,-0.001154,0.028368,0.999328
A,0.2667,R_IndexIntermediate,0.000000,0.000000,0.037471,0.148891,0.003273,-0.026319,0.988498
A,0.2667,R_IndexDistal,0.000000,0.000000,0.024011,0.020364,0.025691,-0.016548,0.999326
A,0.2667,R_IndexTip,0.000292,0.001013,0.022094,0.000000,0.000000,0.000000,1.000000
A,0.2667,R_LittleMetacarpal,0.022722,-0.009307,0.033664,0.018312,0.140343,-0.207036,0.968042
A,0.2667,R_LittleProximal,-0.000002,-0.000001,0.045101,-0.107869,0.027957,0.101423,0.988583
A,0.2667,R_LittleIntermediate,0.000000,0.000000,0.030351,0.233501,0.032152,-0.058195,0.970081
A,0.2667,R_LittleDistal,0.000000,0.000000,0.020067,0.050806,-0.049067,0.000902,0.997502
A,0.2667,R_LittleTip,-0.000243,0.001201,0.021659,0.000000,0.000000,0.000000,1.000000
A,0.2667,R_MiddleMetacarpal,-0.004479,-0.006526,0.032841,0.000000,0.000000,0.000000,1.000000
A,0.2667,R_MiddleProximal,0.002774,0.004013,0.061655,0.019328,0.075637,-0.006953,0.996924
A,0.2667,R_MiddleIntermediate,0.000000,0.000000,0.042411,0.144012,0.002692,-0.012051,0.989499
A,0.2667,R_MiddleDistal,0.000000,0.000000,0.027218,-0.001329,0.000611,-0.043495,0.999053
A,0.2667,R_MiddleTip,0.000305,0.001124,0.024665,0.000000,0.000000,0.000000,1.000000
A,0.2667,R_Palm,-0.003092,-0.004519,0.063668,0.000000,0.000000,0.000000,1.000000
A,0.2667,R_RingMetacarpal,0.014812,-0.005944,0.034357,0.000000,0.000000,0.000000,1.000000
A,0.2667,R_RingProximal,0.002443,-0.000507,0.053269,-0.034654,0.106710,-0.045171,0.992659
A,0.2667,R_RingIntermediate,0.000000,0.000000,0.038527,0.168161,-0.002698,-0.037261,0.985052
A,0.2667,R_RingDistal,0.000000,0.000000,0.026254,0.069814,-0.029558,-0.007917,0.997091
A,0.2667,R_RingTip,0.000255,0.001589,0.024033,0.000000,0.000000,0.000000,1.000000
A,0.2667,R_ThumbMetacarpal,-0.031681,-0.011772,0.032019,-0.106299,-0.470108,0.517716,0.706874
A,0.2667,R_ThumbProximal,0.000000,0.000000,0.032122,0.164426,0.055553,-0.082428,0.981368
A,0.2667,R_ThumbDistal,0.000000,0.000000,0.033386,-0.049519,-0.064324,0.083344,0.993209
A,0.2667,R_ThumbTip,0.000662,0.001015,0.024295,0.000000,0.000000,0.000000,1.000000
A,0.3333,R_Wrist,0.024314,1.455758,0.569470,-0.471660,-0.277809,-0.212497,0.809447
A,0.3333,R_IndexMetacarpal,-0.020494,-0.007332,0.034978,0.000000,0.000000,0.000000,1.000000
A,0.3333,R_IndexProximal,-0.002774,0.000103,0.059864,-0.023183,-0.001154,0.028368,0.999328
A,0.3333,R_IndexIntermediate,0.000000,0.000000,0.037471,0.148891,0.003273,-0.026319,0.988498
A,0.3333,R_IndexDistal,0.000000,0.000000,0.024011,0.020364,0.025691,-0.016548,0.999326
A,0.3333,R_IndexTip,0.000292,0.001013,0.022094,0.000000,0.000000,0.000000,1.000000
A,0.3333,R_LittleMetacarpal,0.022722,-0.009307,0.033664,0.018312,0.140343,-0.207036,0.968042
A,0.3333,R_LittleProximal,-0.000002,-0.000001,0.045101,-0.107869,0.027957,0.101423,0.988583
A,0.3333,R_LittleIntermediate,0.000000,0.000000,0.030351,0.233501,0.032152,-0.058195,0.970081
A,0.3333,R_LittleDistal,0.000000,0.000000,0.020067,0.050806,-0.049067,0.000902,0.997502
A,0.3333,R_LittleTip,-0.000243,0.001201,0.021659,0.000000,0.000000,0.000000,1.000000
A,0.3333,R_MiddleMetacarpal,-0.004479,-0.006526,0.032841,0.000000,0.000000,0.000000,1.000000
A,0.3333,R_MiddleProximal,0.002774,0.004013,0.061655,0.019328,0.075637,-0.006953,0.996924
A,0.3333,R_MiddleIntermediate,0.000000,0.000000,0.042411,0.144012,0.002692,-0.012051,0.989499
A,0.3333,R_MiddleDistal,0.000000,0.000000,0.027218,-0.001329,0.000611,-0.043495,0.999053
A,0.3333,R_MiddleTip,0.000305,0.001124,0.024665,0.000000,0.000000,0.000000,1.000000
A,0.3333,R_Palm,-0.003092,-0.004519,0.063669,0.000000,0.000000,0.000000,1.000000
A,0.3333,R_RingMetacarpal,0.014812,-0.005944,0.034357,0.000000,0.000000,0.000000,1.000000
A,0.3333,R_RingProximal,0.002443,-0.000507,0.053270,-0.034654,0.106710,-0.045171,0.992659
A,0.3333,R_RingIntermediate,0.000000,0.000000,0.038527,0.168161,-0.002698,-0.037262,0.985052
A,0.3333,R_RingDistal,0.000000,0.000000,0.026254,0.069814,-0.029558,-0.007917,0.997091
A,0.3333,R_RingTip,0.000255,0.001589,0.024033,0.000000,0.000000,0.000000,1.000000
A,0.3333,R_ThumbMetacarpal,-0.031681,-0.011772,0.032019,-0.106299,-0.470108,0.517716,0.706874
A,0.3333,R_ThumbProximal,0.000000,0.000000,0.032122,0.164426,0.055554,-0.082428,0.981368
A,0.3333,R_ThumbDistal,0.000000,0.000000,0.033386,-0.049519,-0.064324,0.083344,0.993209
A,0.3333,R_ThumbTip,0.000662,0.001015,0.024295,0.000000,0.000000,0.000000,1.000000
A,0.4000,R_Wrist,0.024314,1.455759,0.569471,-0.471660,-0.277809,-0.212497,0.809447
A,0.4000,R_IndexMetacarpal,-0.020494,-0.007332,0.034978,0.000000,0.000000,0.000000,1.000000
A,0.4000,R_IndexProximal,-0.002774,0.000103,0.059864,-0.023183,-0.001154,0.028369,0.999328
A,0.4000,R_IndexIntermediate,0.000000,0.000000,0.037471,0.148891,0.003273,-0.026319,0.988498
A,0.4000,R_IndexDistal,0.000000,0.000000,0.024011,0.020364,0.025691,-0.016548,0.999326
A,0.4000,R_IndexTip,0.000292,0.001013,0.022094,0.000000,0.000000,0.000000,1.000000
A,0.4000,R_LittleMetacarpal,0.022722,-0.009307,0.033664,0.018312,0.140343,-0.207036,0.968042
A,0.4000,R_LittleProximal,-0.000002,-0.000001,0.045101,-0.107869,0.027957,0.101423,0.988583
A,0.4000,R_LittleIntermediate,0.000000,0.000000,0.030351,0.233501,0.032152,-0.058195,0.970081
A,0.4000,R_LittleDistal,0.000000,0.000000,0.020067,0.050806,-0.049067,0.000902,0.997502
A,0.4000,R_LittleTip,-0.000244,0.001201,0.021659,0.000000,0.000000,0.000000,1.000000
A,0.4000,R_MiddleMetacarpal,-0.004479,-0.006526,0.032841,0.000000,0.000000,0.000000,1.000000
A,0.4000,R_MiddleProximal,0.002774,0.004013,0.061655,0.019328,0.075637,-0.006953,0.996924
A,0.4000,R_MiddleIntermediate,0.000000,0.000000,0.042411,0.144012,0.002692,-0.012051,0.989499
A,0.4000,R_MiddleDistal,0.000000,0.000000,0.027218,-0.001329,0.000611,-0.043495,0.999053
A,0.4000,R_MiddleTip,0.000305,0.001124,0.024665,0.000000,0.000000,0.000000,1.000000
A,0.4000,R_Palm,-0.003092,-0.004519,0.063669,0.000000,0.000000,0.000000,1.000000
A,0.4000,R_RingMetacarpal,0.014812,-0.005943,0.034357,0.000000,0.000000,0.000000,1.000000
A,0.4000,R_RingProximal,0.002443,-0.000507,0.053270,-0.034654,0.106710,-0.045171,0.992659
A,0.4000,R_RingIntermediate,0.000000,0.000000,0.038527,0.168161,-0.002698,-0.037261,0.985052
A,0.4000,R_RingDistal,0.000000,0.000000,0.026254,0.069814,-0.029558,-0.007917,0.997091
A,0.4000,R_RingTip,0.000255,0.001589,0.024034,0.000000,0.000000,0.000000,1.000000
A,0.4000,R_ThumbMetacarpal,-0.031681,-0.011772,0.032019,-0.106299,-0.470108,0.517716,0.706874
A,0.4000,R_ThumbProximal,0.000000,0.000000,0.032122,0.164426,0.055553,-0.082428,0.981368
A,0.4000,R_ThumbDistal,0.000000,0.000000,0.033386,-0.049519,-0.064324,0.083344,0.993209
A,0.4000,R_ThumbTip,0.000662,0.001015,0.024295,0.000000,0.000000,0.000000,1.000000
A,0.4667,R_Wrist,0.024314,1.455759,0.569472,-0.471660,-0.277809,-0.212497,0.809447
A,0.4667,R_IndexMetacarpal,-0.020494,-0.007332,0.034978,0.000000,0.000000,0.000000,1.000000
A,0.4667,R_IndexProximal,-0.002773,0.000103,0.059864,-0.023183,-0.001154,0.028369,0.999328
A,0.4667,R_IndexIntermediate,0.000000,0.000000,0.037471,0.148891,0.003273,-0.026319,0.988498
A,0.4667,R_IndexDistal,0.000000,0.000000,0.024011,0.020364,0.025691,-0.016548,0.999326
A,0.4667,R_IndexTip,0.000292,0.001013,0.022094,0.000000,0.000000,0.000000,1.000000
A,0.4667,R_LittleMetacarpal,0.022722,-0.009307,0.033664,0.018312,0.140343,-0.207036,0.968042
A,0.4667,R_LittleProximal,-0.000002,-0.000001,0.045101,-0.107869,0.027957,0.101423,0.988583
A,0.4667,R_LittleIntermediate,0.000000,0.000000,0.030351,0.233501,0.032152,-0.058195,0.970081
A,0.4667,R_LittleDistal,0.000000,0.000000,0.020067,0.050806,-0.049067,0.000902,0.997502
A,0.4667,R_LittleTip,-0.000244,0.001201,0.021659,0.000000,0.000000,0.000000,1.000000
A,0.4667,R_MiddleMetacarpal,-0.004479,-0.006526,0.032841,0.000000,0.000000,0.000000,1.000000
A,0.4667,R_MiddleProximal,0.002774,0.004013,0.061655,0.019328,0.075637,-0.006953,0.996924
A,0.4667,R_MiddleIntermediate,0.000000,0.000000,0.042411,0.144011,0.002692,-0.012051,0.989499
A,0.4667,R_MiddleDistal,0.000000,0.000000,0.027218,-0.001329,0.000611,-0.043495,0.999053
A,0.4667,R_MiddleTip,0.000305,0.001124,0.024665,0.000000,0.000000,0.000000,1.000000
A,0.4667,R_Palm,-0.003092,-0.004519,0.063669,0.000000,0.000000,0.000000,1.000000
A,0.4667,R_RingMetacarpal,0.014812,-0.005944,0.034357,0.000000,0.000000,0.000000,1.000000
A,0.4667,R_RingProximal,0.002443,-0.000507,0.053270,-0.034654,0.106710,-0.045171,0.992659
A,0.4667,R_RingIntermediate,0.000000,0.000000,0.038527,0.168161,-0.002698,-0.037261,0.985052
A,0.4667,R_RingDistal,0.000000,0.000000,0.026254,0.069814,-0.029558,-0.007917,0.997091
A,0.4667,R_RingTip,0.000255,0.001589,0.024034,0.000000,0.000000,0.000000,1.000000
A,0.4667,R_ThumbMetacarpal,-0.031681,-0.011772,0.032019,-0.106299,-0.470108,0.517716,0.706874
A,0.4667,R_ThumbProximal,0.000000,0.000000,0.032122,0.164426,0.055554,-0.082428,0.981368
A,0.4667,R_ThumbDistal,0.000000,0.000000,0.033386,-0.049519,-0.064324,0.083344,0.993209
A,0.4667,R_ThumbTip,0.000662,0.001015,0.024295,0.000000,0.000000,0.000000,1.000000
A,0.5333,R_Wrist,0.024314,1.455760,0.569472,-0.471660,-0.277809,-0.212497,0.809447
A,0.5333,R_IndexMetacarpal,-0.020494,-0.007332,0.034978,0.000000,0.000000,0.000000,1.000000
A,0.5333,R_IndexProximal,-0.002774,0.000103,0.059864,-0.023183,-0.001154,0.028369,0.999328
A,0.5333,R_IndexIntermediate,0.000000,0.000000,0.037471,0.148891,0.003273,-0.026319,0.988498
A,0.5333,R_IndexDistal,0.000000,0.000000,0.024011,0.020364,0.025691,-0.016548,0.999326
A,0.5333,R_IndexTip,0.000292,0.001013,0.022094,0.000000,0.000000,0.000000,1.000000
A,0.5333,R_LittleMetacarpal,0.022722,-0.009307,0.033664,0.018312,0.140343,-0.207036,0.968042
A,0.5333,R_LittleProximal,-0.000002,-0.000001,0.045101,-0.107869,0.027957,0.101423,0.988583
A,0.5333,R_LittleIntermediate,0.000000,0.000000,0.030351,0.233501,0.032152,-0.058195,0.970081
A,0.5333,R_LittleDistal,0.000000,0.000000,0.020067,0.050806,-0.049067,0.000902,0.997502
A,0.5333,R_LittleTip,-0.000244,0.001201,0.021659,0.000000,0.000000,0.000000,1.000000
A,0.5333,R_MiddleMetacarpal,-0.004479,-0.006526,0.032841,0.000000,0.000000,0.000000,1.000000
A,0.5333,R_MiddleProximal,0.002774,0.004013,0.061655,0.019328,0.075637,-0.006953,0.996924
A,0.5333,R_MiddleIntermediate,0.000000,0.000000,0.042411,0.144011,0.002692,-0.012051,0.989499
A,0.5333,R_MiddleDistal,0.000000,0.000000,0.027218,-0.001329,0.000611,-0.043495,0.999053
A,0.5333,R_MiddleTip,0.000305,0.001124,0.024665,0.000000,0.000000,0.000000,1.000000
A,0.5333,R_Palm,-0.003092,-0.004519,0.063669,0.000000,0.000000,0.000000,1.000000
A,0.5333,R_RingMetacarpal,0.014812,-0.005944,0.034357,0.000000,0.000000,0.000000,1.000000
A,0.5333,R_RingProximal,0.002443,-0.000507,0.053270,-0.034654,0.106710,-0.045171,0.992659
A,0.5333,R_RingIntermediate,0.000000,0.000000,0.038527,0.168161,-0.002698,-0.037261,0.985052
A,0.5333,R_RingDistal,0.000000,0.000000,0.026254,0.069814,-0.029558,-0.007917,0.997091
A,0.5333,R_RingTip,0.000255,0.001589,0.024034,0.000000,0.000000,0.000000,1.000000
A,0.5333,R_ThumbMetacarpal,-0.031681,-0.011772,0.032019,-0.106299,-0.470108,0.517716,0.706874
A,0.5333,R_ThumbProximal,0.000000,0.000000,0.032122,0.164426,0.055554,-0.082428,0.981368
A,0.5333,R_ThumbDistal,0.000000,0.000000,0.033387,-0.049519,-0.064324,0.083344,0.993209
A,0.5333,R_ThumbTip,0.000662,0.001015,0.024295,0.000000,0.000000,0.000000,1.000000
A,0.6000,R_Wrist,0.024314,1.455760,0.569473,-0.471660,-0.277809,-0.212497,0.809447
A,0.6000,R_IndexMetacarpal,-0.020494,-0.007332,0.034978,0.000000,0.000000,0.000000,1.000000
A,0.6000,R_IndexProximal,-0.002774,0.000103,0.059864,-0.023183,-0.001154,0.028369,0.999328
A,0.6000,R_IndexIntermediate,0.000000,0.000000,0.037471,0.148891,0.003273,-0.026319,0.988498
A,0.6000,R_IndexDistal,0.000000,0.000000,0.024011,0.020364,0.025691,-0.016548,0.999326
A,0.6000,R_IndexTip,0.000292,0.001013,0.022094,0.000000,0.000000,0.000000,1.000000
A,0.6000,R_LittleMetacarpal,0.022722,-0.009307,0.033664,0.018312,0.140343,-0.207036,0.968042
A,0.6000,R_LittleProximal,-0.000002,-0.000001,0.045102,-0.107869,0.027957,0.101423,0.988583
A,0.6000,R_LittleIntermediate,0.000000,0.000000,0.030351,0.233501,0.032152,-0.058195,0.970081
A,0.6000,R_LittleDistal,0.000000,0.000000,0.020067,0.050806,-0.049067,0.000902,0.997502
A,0.6000,R_LittleTip,-0.000244,0.001202,0.021659,0.000000,0.000000,0.000000,1.000000
A,0.6000,R_MiddleMetacarpal,-0.004479,-0.006526,0.032841,0.000000,0.000000,0.000000,1.000000
A,0.6000,R_MiddleProximal,0.002774,0.004013,0.061655,0.019328,0.075637,-0.006953,0.996924
A,0.6000,R_MiddleIntermediate,0.000000,0.000000,0.042411,0.144012,0.002692,-0.012051,0.989499
A,0.6000,R_MiddleDistal,0.000000,0.000000,0.027218,-0.001329,0.000611,-0.043495,0.999053
A,0.6000,R_MiddleTip,0.000305,0.001124,0.024665,0.000000,0.000000,0.000000,1.000000
A,0.6000,R_Palm,-0.003092,-0.004519,0.063669,0.000000,0.000000,0.000000,1.000000
A,0.6000,R_RingMetacarpal,0.014812,-0.005944,0.034357,0.000000,0.000000,0.000000,1.000000
A,0.6000,R_RingProximal,0.002443,-0.000507,0.053270,-0.034654,0.106710,-0.045171,0.992659
A,0.6000,R_RingIntermediate,0.000000,0.000000,0.038527,0.168161,-0.002698,-0.037261,0.985052
A,0.6000,R_RingDistal,0.000000,0.000000,0.026254,0.069814,-0.029558,-0.007917,0.997091
A,0.6000,R_RingTip,0.000255,0.001589,0.024034,0.000000,0.000000,0.000000,1.000000
A,0.6000,R_ThumbMetacarpal,-0.031681,-0.011772,0.032019,-0.106299,-0.470108,0.517716,0.706874
A,0.6000,R_ThumbProximal,0.000000,0.000000,0.032122,0.164426,0.055554,-0.082428,0.981368
A,0.6000,R_ThumbDistal,0.000000,0.000000,0.033387,-0.049519,-0.064324,0.083344,0.993209
A,0.6000,R_ThumbTip,0.000662,0.001015,0.024295,0.000000,0.000000,0.000000,1.000000
A,0.6667,R_Wrist,0.024315,1.455760,0.569474,-0.471660,-0.277809,-0.212497,0.809447
A,0.6667,R_IndexMetacarpal,-0.020494,-0.007332,0.034978,0.000000,0.000000,0.000000,1.000000
A,0.6667,R_IndexProximal,-0.002774,0.000103,0.059864,-0.023183,-0.001154,0.028369,0.999328
A,0.6667,R_IndexIntermediate,0.000000,0.000000,0.037471,0.148891,0.003273,-0.026319,0.988498
A,0.6667,R_IndexDistal,0.000000,0.000000,0.024012,0.020364,0.025691,-0.016548,0.999326
A,0.6667,R_IndexTip,0.000292,0.001013,0.022094,0.000000,0.000000,0.000000,1.000000
A,0.6667,R_LittleMetacarpal,0.022722,-0.009307,0.033664,0.018312,0.140343,-0.207036,0.968042
A,0.6667,R_LittleProximal,-0.000002,-0.000001,0.045102,-0.107869,0.027957,0.101423,0.988583
A,0.6667,R_LittleIntermediate,0.000000,0.000000,0.030351,0.233501,0.032152,-0.058195,0.970081
A,0.6667,R_LittleDistal,0.000000,0.000000,0.020067,0.050806,-0.049067,0.000902,0.997502
A,0.6667,R_LittleTip,-0.000244,0.001201,0.021659,0.000000,0.000000,0.000000,1.000000
A,0.6667,R_MiddleMetacarpal,-0.004479,-0.006526,0.032841,0.000000,0.000000,0.000000,1.000000
A,0.6667,R_MiddleProximal,0.002774,0.004013,0.061655,0.019328,0.075637,-0.006953,0.996924
A,0.6667,R_MiddleIntermediate,0.000000,0.000000,0.042411,0.144012,0.002692,-0.012051,0.989499
A,0.6667,R_MiddleDistal,0.000000,0.000000,0.027218,-0.001329,0.000611,-0.043495,0.999053
A,0.6667,R_MiddleTip,0.000305,0.001124,0.024665,0.000000,0.000000,0.000000,1.000000
A,0.6667,R_Palm,-0.003092,-0.004519,0.063669,0.000000,0.000000,0.000000,1.000000
A,0.6667,R_RingMetacarpal,0.014812,-0.005944,0.034357,0.000000,0.000000,0.000000,1.000000
A,0.6667,R_RingProximal,0.002443,-0.000507,0.053270,-0.034654,0.106710,-0.045171,0.992659
A,0.6667,R_RingIntermediate,0.000000,0.000000,0.038527,0.168161,-0.002698,-0.037261,0.985052
A,0.6667,R_RingDistal,0.000000,0.000000,0.026254,0.069814,-0.029558,-0.007917,0.997091
A,0.6667,R_RingTip,0.000255,0.001589,0.024034,0.000000,0.000000,0.000000,1.000000
A,0.6667,R_ThumbMetacarpal,-0.031681,-0.011772,0.032019,-0.106299,-0.470108,0.517716,0.706874
A,0.6667,R_ThumbProximal,0.000000,0.000000,0.032122,0.164426,0.055554,-0.082428,0.981368
A,0.6667,R_ThumbDistal,0.000000,0.000000,0.033387,-0.049519,-0.064324,0.083344,0.993209
A,0.6667,R_ThumbTip,0.000662,0.001015,0.024295,0.000000,0.000000,0.000000,1.000000
A,0.7333,R_Wrist,0.024315,1.455761,0.569475,-0.471660,-0.277809,-0.212497,0.809447
A,0.7333,R_IndexMetacarpal,-0.020494,-0.007332,0.034978,0.000000,0.000000,0.000000,1.000000
A,0.7333,R_IndexProximal,-0.002774,0.000103,0.059864,-0.023183,-0.001154,0.028369,0.999328
A,0.7333,R_IndexIntermediate,0.000000,0.000000,0.037471,0.148891,0.003273,-0.026319,0.988498
A,0.7333,R_IndexDistal,0.000000,0.000000,0.024012,0.020364,0.025691,-0.016548,0.999326
A,0.7333,R_IndexTip,0.000292,0.001013,0.022094,0.000000,0.000000,0.000000,1.000000
A,0.7333,R_LittleMetacarpal,0.022722,-0.009307,0.033664,0.018312,0.140343,-0.207036,0.968042
A,0.7333,R_LittleProximal,-0.000002,-0.000001,0.045102,-0.107869,0.027957,0.101423,0.988583
A,0.7333,R_LittleIntermediate,0.000000,0.000000,0.030351,0.233501,0.032152,-0.058195,0.970081
A,0.7333,R_LittleDistal,0.000000,0.000000,0.020067,0.050806,-0.049067,0.000902,0.997502
A,0.7333,R_LittleTip,-0.000243,0.001201,0.021659,0.000000,0.000000,0.000000,1.000000
A,0.7333,R_MiddleMetacarpal,-0.004479,-0.006526,0.032841,0.000000,0.000000,0.000000,1.000000
A,0.7333,R_MiddleProximal,0.002774,0.004013,0.061655,0.019328,0.075637,-0.006953,0.996924
A,0.7333,R_MiddleIntermediate,0.000000,0.000000,0.042411,0.144012,0.002692,-0.012051,0.989499
A,0.7333,R_MiddleDistal,0.000000,0.000000,0.027218,-0.001329,0.000611,-0.043495,0.999053
A,0.7333,R_MiddleTip,0.000305,0.001124,0.024665,0.000000,0.000000,0.000000,1.000000
A,0.7333,R_Palm,-0.003092,-0.004519,0.063669,0.000000,0.000000,0.000000,1.000000
A,0.7333,R_RingMetacarpal,0.014812,-0.005944,0.034357,0.000000,0.000000,0.000000,1.000000
A,0.7333,R_RingProximal,0.002443,-0.000507,0.053270,-0.034654,0.106710,-0.045171,0.992659
A,0.7333,R_RingIntermediate,0.000000,0.000000,0.038527,0.168161,-0.002698,-0.037261,0.985051
A,0.7333,R_RingDistal,0.000000,0.000000,0.026254,0.069814,-0.029558,-0.007917,0.997091
A,0.7333,R_RingTip,0.000255,0.001589,0.024034,0.000000,0.000000,0.000000,1.000000
A,0.7333,R_ThumbMetacarpal,-0.031681,-0.011772,0.032019,-0.106299,-0.470108,0.517716,0.706874
A,0.7333,R_ThumbProximal,0.000000,0.000000,0.032122,0.164426,0.055554,-0.082428,0.981368
A,0.7333,R_ThumbDistal,0.000000,0.000000,0.033387,-0.049519,-0.064324,0.083344,0.993209
A,0.7333,R_ThumbTip,0.000662,0.001015,0.024295,0.000000,0.000000,0.000000,1.000000
A,0.8000,R_Wrist,0.024315,1.455761,0.569475,-0.471660,-0.277809,-0.212497,0.809447
A,0.8000,R_IndexMetacarpal,-0.020494,-0.007332,0.034978,0.000000,0.000000,0.000000,1.000000
A,0.8000,R_IndexProximal,-0.002774,0.000103,0.059864,-0.023183,-0.001154,0.028369,0.999328
A,0.8000,R_IndexIntermediate,0.000000,0.000000,0.037471,0.148891,0.003273,-0.026319,0.988498
A,0.8000,R_IndexDistal,0.000000,0.000000,0.024012,0.020364,0.025691,-0.016548,0.999326
A,0.8000,R_IndexTip,0.000292,0.001013,0.022095,0.000000,0.000000,0.000000,1.000000
A,0.8000,R_LittleMetacarpal,0.022722,-0.009307,0.033664,0.018312,0.140343,-0.207036,0.968042
A,0.8000,R_LittleProximal,-0.000002,-0.000001,0.045102,-0.107869,0.027957,0.101423,0.988583
A,0.8000,R_LittleIntermediate,0.000000,0.000000,0.030351,0.233501,0.032152,-0.058195,0.970081
A,0.8000,R_LittleDistal,0.000000,0.000000,0.020067,0.050806,-0.049067,0.000902,0.997502
A,0.8000,R_LittleTip,-0.000243,0.001201,0.021659,0.000000,0.000000,0.000000,1.000000
A,0.8000,R_MiddleMetacarpal,-0.004479,-0.006526,0.032841,0.000000,0.000000,0.000000,1.000000
A,0.8000,R_MiddleProximal,0.002774,0.004013,0.061655,0.019328,0.075637,-0.006953,0.996924
A,0.8000,R_MiddleIntermediate,0.000000,0.000000,0.042411,0.144012,0.002692,-0.012051,0.989499
A,0.8000,R_MiddleDistal,0.000000,0.000000,0.027218,-0.001329,0.000611,-0.043495,0.999053
A,0.8000,R_MiddleTip,0.000305,0.001124,0.024665,0.000000,0.000000,0.000000,1.000000
A,0.8000,R_Palm,-0.003092,-0.004519,0.063669,0.000000,0.000000,0.000000,1.000000
A,0.8000,R_RingMetacarpal,0.014812,-0.005944,0.034358,0.000000,0.000000,0.000000,1.000000
A,0.8000,R_RingProximal,0.002443,-0.000507,0.053270,-0.034654,0.106710,-0.045171,0.992659
A,0.8000,R_RingIntermediate,0.000000,0.000000,0.038527,0.168161,-0.002698,-0.037261,0.985052
A,0.8000,R_RingDistal,0.000000,0.000000,0.026254,0.069814,-0.029558,-0.007917,0.997091
A,0.8000,R_RingTip,0.000255,0.001589,0.024034,0.000000,0.000000,0.000000,1.000000
A,0.8000,R_ThumbMetacarpal,-0.031681,-0.011772,0.032019,-0.106299,-0.470108,0.517716,0.706874
A,0.8000,R_ThumbProximal,0.000000,0.000000,0.032122,0.164426,0.055553,-0.082428,0.981368
A,0.8000,R_ThumbDistal,0.000000,0.000000,0.033387,-0.049519,-0.064324,0.083344,0.993209
A,0.8000,R_ThumbTip,0.000662,0.001015,0.024295,0.000000,0.000000,0.000000,1.000000
A,0.8667,R_Wrist,0.024315,1.455761,0.569476,-0.471660,-0.277809,-0.212497,0.809447
A,0.8667,R_IndexMetacarpal,-0.020494,-0.007332,0.034978,0.000000,0.000000,0.000000,1.000000
A,0.8667,R_IndexProximal,-0.002774,0.000103,0.059864,-0.023183,-0.001154,0.028369,0.999328
A,0.8667,R_IndexIntermediate,0.000000,0.000000,0.037472,0.148891,0.003273,-0.026319,0.988498
A,0.8667,R_IndexDistal,0.000000,0.000000,0.024012,0.020364,0.025691,-0.016548,0.999326
A,0.8667,R_IndexTip,0.000292,0.001013,0.022094,0.000000,0.000000,0.000000,1.000000
A,0.8667,R_LittleMetacarpal,0.022722,-0.009307,0.033664,0.018312,0.140343,-0.207036,0.968042
A,0.8667,R_LittleProximal,-0.000002,-0.000001,0.045102,-0.107869,0.027957,0.101423,0.988583
A,0.8667,R_LittleIntermediate,0.000000,0.000000,0.030351,0.233501,0.032152,-0.058195,0.970081
A,0.8667,R_LittleDistal,0.000000,0.000000,0.020067,0.050806,-0.049067,0.000902,0.997502
A,0.8667,R_LittleTip,-0.000244,0.001201,0.021659,0.000000,0.000000,0.000000,1.000000
A,0.8667,R_MiddleMetacarpal,-0.004479,-0.006526,0.032842,0.000000,0.000000,0.000000,1.000000
A,0.8667,R_MiddleProximal,0.002774,0.004013,0.061655,0.019328,0.075637,-0.006953,0.996924
A,0.8667,R_MiddleIntermediate,0.000000,0.000000,0.042411,0.144012,0.002692,-0.012051,0.989499
A,0.8667,R_MiddleDistal,0.000000,0.000000,0.027218,-0.001329,0.000611,-0.043495,0.999053
A,0.8667,R_MiddleTip,0.000305,0.001124,0.024665,0.000000,0.000000,0.000000,1.000000
A,0.8667,R_Palm,-0.003092,-0.004519,0.063669,0.000000,0.000000,0.000000,1.000000
A,0.8667,R_RingMetacarpal,0.014812,-0.005944,0.034358,0.000000,0.000000,0.000000,1.000000
A,0.8667,R_RingProximal,0.002443,-0.000507,0.053270,-0.034654,0.106710,-0.045171,0.992659
A,0.8667,R_RingIntermediate,0.000000,0.000000,0.038528,0.168161,-0.002698,-0.037261,0.985052
A,0.8667,R_RingDistal,0.000000,0.000000,0.026254,0.069814,-0.029558,-0.007917,0.997091
A,0.8667,R_RingTip,0.000255,0.001589,0.024034,0.000000,0.000000,0.000000,1.000000
A,0.8667,R_ThumbMetacarpal,-0.031681,-0.011772,0.032019,-0.106299,-0.470108,0.517716,0.706874
A,0.8667,R_ThumbProximal,0.000000,0.000000,0.032122,0.164426,0.055553,-0.082428,0.981368
A,0.8667,R_ThumbDistal,0.000000,0.000000,0.033387,-0.049519,-0.064324,0.083344,0.993209
A,0.8667,R_ThumbTip,0.000662,0.001015,0.024295,0.000000,0.000000,0.000000,1.000000
A,0.9333,R_Wrist,0.024315,1.455762,0.569477,-0.471660,-0.277809,-0.212497,0.809447
A,0.9333,R_IndexMetacarpal,-0.020494,-0.007332,0.034978,0.000000,0.000000,0.000000,1.000000
A,0.9333,R_IndexProximal,-0.002774,0.000103,0.059864,-0.023183,-0.001154,0.028369,0.999328
A,0.9333,R_IndexIntermediate,0.000000,0.000000,0.037472,0.148891,0.003273,-0.026319,0.988498
A,0.9333,R_IndexDistal,0.000000,0.000000,0.024012,0.020364,0.025691,-0.016548,0.999326
A,0.9333,R_IndexTip,0.000292,0.001013,0.022095,0.000000,0.000000,0.000000,1.000000
A,0.9333,R_LittleMetacarpal,0.022722,-0.009307,0.033664,0.018312,0.140343,-0.207036,0.968042
A,0.9333,R_LittleProximal,-0.000002,-0.000001,0.045102,-0.107869,0.027957,0.101423,0.988583
A,0.9333,R_LittleIntermediate,0.000000,0.000000,0.030351,0.233501,0.032152,-0.058195,0.970081
A,0.9333,R_LittleDistal,0.000000,0.000000,0.020067,0.050806,-0.049067,0.000902,0.997502
A,0.9333,R_LittleTip,-0.000244,0.001201,0.021659,0.000000,0.000000,0.000000,1.000000
A,0.9333,R_MiddleMetacarpal,-0.004479,-0.006526,0.032842,0.000000,0.000000,0.000000,1.000000
A,0.9333,R_MiddleProximal,0.002774,0.004013,0.061656,0.019328,0.075637,-0.006953,0.996924
A,0.9333,R_MiddleIntermediate,0.000000,0.000000,0.042411,0.144012,0.002692,-0.012051,0.989499
A,0.9333,R_MiddleDistal,0.000000,0.000000,0.027219,-0.001329,0.000611,-0.043495,0.999053
A,0.9333,R_MiddleTip,0.000305,0.001124,0.024665,0.000000,0.000000,0.000000,1.000000
A,0.9333,R_Palm,-0.003092,-0.004519,0.063669,0.000000,0.000000,0.000000,1.000000
A,0.9333,R_RingMetacarpal,0.014812,-0.005944,0.034358,0.000000,0.000000,0.000000,1.000000
A,0.9333,R_RingProximal,0.002443,-0.000507,0.053270,-0.034654,0.106710,-0.045171,0.992659
A,0.9333,R_RingIntermediate,0.000000,0.000000,0.038528,0.168161,-0.002698,-0.037261,0.985052
A,0.9333,R_RingDistal,0.000000,0.000000,0.026254,0.069814,-0.029558,-0.007917,0.997091
A,0.9333,R_RingTip,0.000255,0.001589,0.024034,0.000000,0.000000,0.000000,1.000000
A,0.9333,R_ThumbMetacarpal,-0.031681,-0.011772,0.032019,-0.106299,-0.470108,0.517716,0.706874
A,0.9333,R_ThumbProximal,0.000000,0.000000,0.032122,0.164426,0.055554,-0.082428,0.981368
A,0.9333,R_ThumbDistal,0.000000,0.000000,0.033387,-0.049519,-0.064324,0.083344,0.993209
A,0.9333,R_ThumbTip,0.000662,0.001015,0.024295,0.000000,0.000000,0.000000,1.000000
A,1.0000,R_Wrist,0.024315,1.455762,0.569477,-0.471660,-0.277809,-0.212497,0.809447
A,1.0000,R_IndexMetacarpal,-0.020494,-0.007332,0.034978,0.000000,0.000000,0.000000,1.000000
A,1.0000,R_IndexProximal,-0.002774,0.000103,0.059865,-0.023183,-0.001154,0.028368,0.999328
A,1.0000,R_IndexIntermediate,0.000000,0.000000,0.037472,0.148891,0.003273,-0.026319,0.988498
A,1.0000,R_IndexDistal,0.000000,0.000000,0.024012,0.020364,0.025691,-0.016548,0.999326
A,1.0000,R_IndexTip,0.000292,0.001013,0.022095,0.000000,0.000000,0.000000,1.000000
A,1.0000,R_LittleMetacarpal,0.022722,-0.009307,0.033664,0.018312,0.140343,-0.207036,0.968042
A,1.0000,R_LittleProximal,-0.000002,-0.000001,0.045102,-0.107869,0.027957,0.101423,0.988583
A,1.0000,R_LittleIntermediate,0.000000,0.000000,0.030351,0.233501,0.032152,-0.058195,0.970081
A,1.0000,R_LittleDistal,0.000000,0.000000,0.020067,0.050806,-0.049067,0.000902,0.997502
A,1.0000,R_LittleTip,-0.000244,0.001202,0.021659,0.000000,0.000000,0.000000,1.000000
A,1.0000,R_MiddleMetacarpal,-0.004479,-0.006526,0.032842,0.000000,0.000000,0.000000,1.000000
A,1.0000,R_MiddleProximal,0.002774,0.004013,0.061656,0.019328,0.075637,-0.006953,0.996924
A,1.0000,R_MiddleIntermediate,0.000000,0.000000,0.042411,0.144012,0.002692,-0.012051,0.989499
A,1.0000,R_MiddleDistal,0.000000,0.000000,0.027219,-0.001329,0.000611,-0.043495,0.999053
A,1.0000,R_MiddleTip,0.000305,0.001124,0.024665,0.000000,0.000000,0.000000,1.000000
A,1.0000,R_Palm,-0.003092,-0.004519,0.063669,0.000000,0.000000,0.000000,1.000000
A,1.0000,R_RingMetacarpal,0.014812,-0.005944,0.034358,0.000000,0.000000,0.000000,1.000000
A,1.0000,R_RingProximal,0.002443,-0.000507,0.053270,-0.034654,0.106710,-0.045171,0.992659
A,1.0000,R_RingIntermediate,0.000000,0.000000,0.038528,0.168161,-0.002698,-0.037261,0.985052
A,1.0000,R_RingDistal,0.000000,0.000000,0.026254,0.069814,-0.029558,-0.007917,0.997091
A,1.0000,R_RingTip,0.000255,0.001589,0.024034,0.000000,0.000000,0.000000,1.000000
A,1.0000,R_ThumbMetacarpal,-0.031681,-0.011772,0.032019,-0.106299,-0.470108,0.517716,0.706874
A,1.0000,R_ThumbProximal,0.000000,0.000000,0.032122,0.164426,0.055553,-0.082428,0.981368
A,1.0000,R_ThumbDistal,0.000000,0.000000,0.033387,-0.049519,-0.064324,0.083344,0.993209
A,1.0000,R_ThumbTip,0.000662,0.001015,0.024295,0.000000,0.000000,0.000000,1.000000
A,1.0667,R_Wrist,0.024315,1.455762,0.569478,-0.471660,-0.277809,-0.212497,0.809447
A,1.0667,R_IndexMetacarpal,-0.020494,-0.007332,0.034978,0.000000,0.000000,0.000000,1.000000
A,1.0667,R_IndexProximal,-0.002774,0.000103,0.059865,-0.023183,-0.001154,0.028369,0.999328
A,1.0667,R_IndexIntermediate,0.000000,0.000000,0.037472,0.148891,0.003273,-0.026319,0.988498
A,1.0667,R_IndexDistal,0.000000,0.000000,0.024012,0.020364,0.025691,-0.016548,0.999326
A,1.0667,R_IndexTip,0.000292,0.001013,0.022095,0.000000,0.000000,0.000000,1.000000
A,1.0667,R_LittleMetacarpal,0.022722,-0.009307,0.033664,0.018312,0.140343,-0.207036,0.968042
A,1.0667,R_LittleProximal,-0.000002,-0.000001,0.045102,-0.107869,0.027957,0.101423,0.988583
A,1.0667,R_LittleIntermediate,0.000000,0.000000,0.030351,0.233501,0.032152,-0.058195,0.970081
A,1.0667,R_LittleDistal,0.000000,0.000000,0.020067,0.050806,-0.049067,0.000902,0.997502
A,1.0667,R_LittleTip,-0.000244,0.001201,0.021659,0.000000,0.000000,0.000000,1.000000
A,1.0667,R_MiddleMetacarpal,-0.004479,-0.006526,0.032842,0.000000,0.000000,0.000000,1.000000
A,1.0667,R_MiddleProximal,0.002774,0.004013,0.061656,0.019328,0.075637,-0.006953,0.996924
A,1.0667,R_MiddleIntermediate,0.000000,0.000000,0.042411,0.144012,0.002692,-0.012051,0.989499
A,1.0667,R_MiddleDistal,0.000000,0.000000,0.027219,-0.001329,0.000611,-0.043495,0.999053
A,1.0667,R_MiddleTip,0.000305,0.001124,0.024665,0.000000,0.000000,0.000000,1.000000
A,1.0667,R_Palm,-0.003092,-0.004519,0.063669,0.000000,0.000000,0.000000,1.000000
A,1.0667,R_RingMetacarpal,0.014812,-0.005944,0.034358,0.000000,0.000000,0.000000,1.000000
A,1.0667,R_RingProximal,0.002443,-0.000507,0.053270,-0.034654,0.106710,-0.045171,0.992659
A,1.0667,R_RingIntermediate,0.000000,0.000000,0.038528,0.168161,-0.002698,-0.037261,0.985052
A,1.0667,R_RingDistal,0.000000,0.000000,0.026254,0.069814,-0.029558,-0.007917,0.997091
A,1.0667,R_RingTip,0.000255,0.001589,0.024034,0.000000,0.000000,0.000000,1.000000
A,1.0667,R_ThumbMetacarpal,-0.031681,-0.011772,0.032019,-0.106299,-0.470108,0.517716,0.706874
A,1.0667,R_ThumbProximal,0.000000,0.000000,0.032122,0.164426,0.055554,-0.082428,0.981368
A,1.0667,R_ThumbDistal,0.000000,0.000000,0.033387,-0.049519,-0.064324,0.083344,0.993209
A,1.0667,R_ThumbTip,0.000662,0.001015,0.024295,0.000000,0.000000,0.000000,1.000000
A,1.1333,R_Wrist,0.024315,1.455763,0.569479,-0.471660,-0.277809,-0.212497,0.809447
A,1.1333,R_IndexMetacarpal,-0.020494,-0.007332,0.034978,0.000000,0.000000,0.000000,1.000000
A,1.1333,R_IndexProximal,-0.002774,0.000103,0.059865,-0.023183,-0.001154,0.028368,0.999328
A,1.1333,R_IndexIntermediate,0.000000,0.000000,0.037472,0.148891,0.003273,-0.026319,0.988498
A,1.1333,R_IndexDistal,0.000000,0.000000,0.024012,0.020364,0.025691,-0.016548,0.999326
A,1.1333,R_IndexTip,0.000292,0.001013,0.022095,0.000000,0.000000,0.000000,1.000000
A,1.1333,R_LittleMetacarpal,0.022722,-0.009307,0.033664,0.018312,0.140343,-0.207036,0.968042
A,1.1333,R_LittleProximal,-0.000002,-0.000001,0.045102,-0.107869,0.027957,0.101423,0.988583
A,1.1333,R_LittleIntermediate,0.000000,0.000000,0.030351,0.233501,0.032152,-0.058195,0.970081
A,1.1333,R_LittleDistal,0.000000,0.000000,0.020067,0.050806,-0.049067,0.000902,0.997502
A,1.1333,R_LittleTip,-0.000244,0.001202,0.021659,0.000000,0.000000,0.000000,1.000000
A,1.1333,R_MiddleMetacarpal,-0.004480,-0.006526,0.032842,0.000000,0.000000,0.000000,1.000000
A,1.1333,R_MiddleProximal,0.002774,0.004013,0.061656,0.019328,0.075637,-0.006953,0.996924
A,1.1333,R_MiddleIntermediate,0.000000,0.000000,0.042411,0.144011,0.002692,-0.012051,0.989499
A,1.1333,R_MiddleDistal,0.000000,0.000000,0.027219,-0.001329,0.000611,-0.043495,0.999053
A,1.1333,R_MiddleTip,0.000305,0.001124,0.024665,0.000000,0.000000,0.000000,1.000000
A,1.1333,R_Palm,-0.003092,-0.004519,0.063670,0.000000,0.000000,0.000000,1.000000
A,1.1333,R_RingMetacarpal,0.014812,-0.005944,0.034358,0.000000,0.000000,0.000000,1.000000
A,1.1333,R_RingProximal,0.002443,-0.000507,0.053270,-0.034654,0.106710,-0.045171,0.992659
A,1.1333,R_RingIntermediate,0.000000,0.000000,0.038528,0.168161,-0.002698,-0.037261,0.985052
A,1.1333,R_RingDistal,0.000000,0.000000,0.026254,0.069814,-0.029558,-0.007917,0.997091
A,1.1333,R_RingTip,0.000255,0.001589,0.024034,0.000000,0.000000,0.000000,1.000000
A,1.1333,R_ThumbMetacarpal,-0.031681,-0.011772,0.032019,-0.106299,-0.470108,0.517716,0.706874
A,1.1333,R_ThumbProximal,0.000000,0.000000,0.032122,0.164426,0.055554,-0.082428,0.981368
A,1.1333,R_ThumbDistal,0.000000,0.000000,0.033387,-0.049519,-0.064324,0.083344,0.993209
A,1.1333,R_ThumbTip,0.000662,0.001015,0.024295,0.000000,0.000000,0.000000,1.000000
A,1.2000,R_Wrist,0.024315,1.455763,0.569479,-0.471660,-0.277809,-0.212497,0.809447
A,1.2000,R_IndexMetacarpal,-0.020494,-0.007332,0.034978,0.000000,0.000000,0.000000,1.000000
A,1.2000,R_IndexProximal,-0.002774,0.000103,0.059865,-0.023183,-0.001154,0.028369,0.999328
A,1.2000,R_IndexIntermediate,0.000000,0.000000,0.037472,0.148891,0.003273,-0.026319,0.988498
A,1.2000,R_IndexDistal,0.000000,0.000000,0.024012,0.020364,0.025691,-0.016548,0.999326
A,1.2000,R_IndexTip,0.000292,0.001013,0.022095,0.000000,0.000000,0.000000,1.000000
A,1.2000,R_LittleMetacarpal,0.022722,-0.009307,0.033664,0.018312,0.140343,-0.207036,0.968042
A,1.2000,R_LittleProximal,-0.000002,-0.000001,0.045102,-0.107869,0.027957,0.101423,0.988583
A,1.2000,R_LittleIntermediate,0.000000,0.000000,0.030351,0.233501,0.032152,-0.058195,0.970081
A,1.2000,R_LittleDistal,0.000000,0.000000,0.020067,0.050806,-0.049067,0.000902,0.997502
A,1.2000,R_LittleTip,-0.000244,0.001202,0.021659,0.000000,0.000000,0.000000,1.000000
A,1.2000,R_MiddleMetacarpal,-0.004479,-0.006526,0.032842,0.000000,0.000000,0.000000,1.000000
A,1.2000,R_MiddleProximal,0.002774,0.004013,0.061656,0.019328,0.075637,-0.006953,0.996924
A,1.2000,R_MiddleIntermediate,0.000000,0.000000,0.042411,0.144012,0.002692,-0.012051,0.989499
A,1.2000,R_MiddleDistal,0.000000,0.000000,0.027219,-0.001329,0.000611,-0.043495,0.999053
A,1.2000,R_MiddleTip,0.000305,0.001124,0.024665,0.000000,0.000000,0.000000,1.000000
A,1.2000,R_Palm,-0.003092,-0.004519,0.063670,0.000000,0.000000,0.000000,1.000000
A,1.2000,R_RingMetacarpal,0.014812,-0.005944,0.034358,0.000000,0.000000,0.000000,1.000000
A,1.2000,R_RingProximal,0.002443,-0.000507,0.053271,-0.034654,0.106710,-0.045171,0.992659
A,1.2000,R_RingIntermediate,0.000000,0.000000,0.038528,0.168161,-0.002698,-0.037261,0.985052
A,1.2000,R_RingDistal,0.000000,0.000000,0.026254,0.069814,-0.029558,-0.007917,0.997091
A,1.2000,R_RingTip,0.000255,0.001589,0.024034,0.000000,0.000000,0.000000,1.000000
A,1.2000,R_ThumbMetacarpal,-0.031681,-0.011772,0.032019,-0.106299,-0.470108,0.517716,0.706874
A,1.2000,R_ThumbProximal,0.000000,0.000000,0.032122,0.164426,0.055554,-0.082428,0.981368
A,1.2000,R_ThumbDistal,0.000000,0.000000,0.033387,-0.049519,-0.064324,0.083344,0.993209
A,1.2000,R_ThumbTip,0.000662,0.001015,0.024295,0.000000,0.000000,0.000000,1.000000
A,1.2667,R_Wrist,0.024316,1.455763,0.569480,-0.471660,-0.277809,-0.212497,0.809447
A,1.2667,R_IndexMetacarpal,-0.020494,-0.007332,0.034978,0.000000,0.000000,0.000000,1.000000
A,1.2667,R_IndexProximal,-0.002774,0.000103,0.059865,-0.023183,-0.001154,0.028369,0.999328
A,1.2667,R_IndexIntermediate,0.000000,0.000000,0.037472,0.148891,0.003273,-0.026319,0.988498
A,1.2667,R_IndexDistal,0.000000,0.000000,0.024012,0.020364,0.025691,-0.016548,0.999326
A,1.2667,R_IndexTip,0.000292,0.001013,0.022095,0.000000,0.000000,0.000000,1.000000
A,1.2667,R_LittleMetacarpal,0.022722,-0.009307,0.033664,0.018312,0.140343,-0.207036,0.968042
A,1.2667,R_LittleProximal,-0.000002,-0.000001,0.045102,-0.107869,0.027957,0.101423,0.988583
A,1.2667,R_LittleIntermediate,0.000000,0.000000,0.030351,0.233501,0.032152,-0.058195,0.970081
A,1.2667,R_LittleDistal,0.000000,0.000000,0.020067,0.050806,-0.049067,0.000902,0.997502
A,1.2667,R_LittleTip,-0.000244,0.001202,0.021659,0.000000,0.000000,0.000000,1.000000
A,1.2667,R_MiddleMetacarpal,-0.004480,-0.006526,0.032842,0.000000,0.000000,0.000000,1.000000
A,1.2667,R_MiddleProximal,0.002774,0.004013,0.061656,0.019328,0.075637,-0.006953,0.996924
A,1.2667,R_MiddleIntermediate,0.000000,0.000000,0.042411,0.144011,0.002692,-0.012051,0.989499
A,1.2667,R_MiddleDistal,0.000000,0.000000,0.027219,-0.001329,0.000611,-0.043495,0.999053
A,1.2667,R_MiddleTip,0.000305,0.001124,0.024665,0.000000,0.000000,0.000000,1.000000
A,1.2667,R_Palm,-0.003092,-0.004519,0.063670,0.000000,0.000000,0.000000,1.000000
A,1.2667,R_RingMetacarpal,0.014812,-0.005944,0.034358,0.000000,0.000000,0.000000,1.000000
A,1.2667,R_RingProximal,0.002443,-0.000507,0.053271,-0.034654,0.106710,-0.045171,0.992659
A,1.2667,R_RingIntermediate,0.000000,0.000000,0.038528,0.168161,-0.002698,-0.037261,0.985052
A,1.2667,R_RingDistal,0.000000,0.000000,0.026254,0.069814,-0.029558,-0.007917,0.997091
A,1.2667,R_RingTip,0.000255,0.001589,0.024034,0.000000,0.000000,0.000000,1.000000
A,1.2667,R_ThumbMetacarpal,-0.031681,-0.011772,0.032019,-0.106299,-0.470108,0.517716,0.706874
A,1.2667,R_ThumbProximal,0.000000,0.000000,0.032122,0.164426,0.055554,-0.082428,0.981368
A,1.2667,R_ThumbDistal,0.000000,0.000000,0.033387,-0.049519,-0.064324,0.083344,0.993209
A,1.2667,R_ThumbTip,0.000662,0.001015,0.024295,0.000000,0.000000,0.000000,1.000000
A,1.3333,R_Wrist,0.024316,1.455764,0.569481,-0.471660,-0.277809,-0.212497,0.809447
A,1.3333,R_IndexMetacarpal,-0.020494,-0.007332,0.034978,0.000000,0.000000,0.000000,1.000000
A,1.3333,R_IndexProximal,-0.002774,0.000103,0.059865,-0.023183,-0.001154,0.028369,0.999328
A,1.3333,R_IndexIntermediate,0.000000,0.000000,0.037472,0.148891,0.003273,-0.026319,0.988498
A,1.3333,R_IndexDistal,0.000000,0.000000,0.024012,0.020364,0.025691,-0.016548,0.999326
A,1.3333,R_IndexTip,0.000292,0.001013,0.022095,0.000000,0.000000,0.000000,1.000000
A,1.3333,R_LittleMetacarpal,0.022722,-0.009307,0.033664,0.018312,0.140343,-0.207036,0.968042
A,1.3333,R_LittleProximal,-0.000002,-0.000001,0.045102,-0.107869,0.027957,0.101423,0.988583
A,1.3333,R_LittleIntermediate,0.000000,0.000000,0.030352,0.233501,0.032152,-0.058195,0.970081
A,1.3333,R_LittleDistal,0.000000,0.000000,0.020068,0.050806,-0.049067,0.000902,0.997502
A,1.3333,R_LittleTip,-0.000244,0.001201,0.021659,0.000000,0.000000,0.000000,1.000000
A,1.3333,R_MiddleMetacarpal,-0.004480,-0.006526,0.032842,0.000000,0.000000,0.000000,1.000000
A,1.3333,R_MiddleProximal,0.002774,0.004013,0.061656,0.019328,0.075637,-0.006953,0.996924
A,1.3333,R_MiddleIntermediate,0.000000,0.000000,0.042411,0.144012,0.002692,-0.012051,0.989499
A,1.3333,R_MiddleDistal,0.000000,0.000000,0.027219,-0.001329,0.000611,-0.043495,0.999053
A,1.3333,R_MiddleTip,0.000305,0.001124,0.024665,0.000000,0.000000,0.000000,1.000000
A,1.3333,R_Palm,-0.003092,-0.004519,0.063670,0.000000,0.000000,0.000000,1.000000
A,1.3333,R_RingMetacarpal,0.014812,-0.005944,0.034358,0.000000,0.000000,0.000000,1.000000
A,1.3333,R_RingProximal,0.002443,-0.000507,0.053271,-0.034654,0.106710,-0.045171,0.992659
A,1.3333,R_RingIntermediate,0.000000,0.000000,0.038528,0.168161,-0.002698,-0.037261,0.985052
A,1.3333,R_RingDistal,0.000000,0.000000,0.026254,0.069814,-0.029558,-0.007917,0.997091
A,1.3333,R_RingTip,0.000255,0.001589,0.024034,0.000000,0.000000,0.000000,1.000000
A,1.3333,R_ThumbMetacarpal,-0.031681,-0.011772,0.032019,-0.106299,-0.470108,0.517716,0.706874
A,1.3333,R_ThumbProximal,0.000000,0.000000,0.032122,0.164426,0.055554,-0.082428,0.981368
A,1.3333,R_ThumbDistal,0.000000,0.000000,0.033387,-0.049519,-0.064324,0.083344,0.993209
A,1.3333,R_ThumbTip,0.000662,0.001015,0.024296,0.000000,0.000000,0.000000,1.000000
A,1.4000,R_Wrist,0.024316,1.455764,0.569481,-0.471660,-0.277809,-0.212497,0.809447
A,1.4000,R_IndexMetacarpal,-0.020494,-0.007332,0.034978,0.000000,0.000000,0.000000,1.000000
A,1.4000,R_IndexProximal,-0.002774,0.000103,0.059865,-0.023183,-0.001154,0.028369,0.999328
A,1.4000,R_IndexIntermediate,0.000000,0.000000,0.037472,0.148891,0.003273,-0.026319,0.988498
A,1.4000,R_IndexDistal,0.000000,0.000000,0.024012,0.020364,0.025691,-0.016548,0.999326
A,1.4000,R_IndexTip,0.000292,0.001013,0.022095,0.000000,0.000000,0.000000,1.000000
A,1.4000,R_LittleMetacarpal,0.022722,-0.009307,0.033664,0.018312,0.140343,-0.207036,0.968042
A,1.4000,R_LittleProximal,-0.000002,-0.000001,0.045102,-0.107869,0.027957,0.101423,0.988583
A,1.4000,R_LittleIntermediate,0.000000,0.000000,0.030352,0.233501,0.032152,-0.058195,0.970081
A,1.4000,R_LittleDistal,0.000000,0.000000,0.020068,0.050806,-0.049067,0.000902,0.997502
A,1.4000,R_LittleTip,-0.000244,0.001201,0.021659,0.000000,0.000000,0.000000,1.000000
A,1.4000,R_MiddleMetacarpal,-0.004479,-0.006526,0.032842,0.000000,0.000000,0.000000,1.000000
A,1.4000,R_MiddleProximal,0.002774,0.004013,0.061656,0.019328,0.075637,-0.006953,0.996924
A,1.4000,R_MiddleIntermediate,0.000000,0.000000,0.042412,0.144012,0.002692,-0.012051,0.989499
A,1.4000,R_MiddleDistal,0.000000,0.000000,0.027219,-0.001329,0.000611,-0.043495,0.999053
A,1.4000,R_MiddleTip,0.000305,0.001124,0.024665,0.000000,0.000000,0.000000,1.000000
A,1.4000,R_Palm,-0.003092,-0.004519,0.063670,0.000000,0.000000,0.000000,1.000000
A,1.4000,R_RingMetacarpal,0.014812,-0.005944,0.034358,0.000000,0.000000,0.000000,1.000000
A,1.4000,R_RingProximal,0.002443,-0.000507,0.053271,-0.034654,0.106710,-0.045171,0.992659
A,1.4000,R_RingIntermediate,0.000000,0.000000,0.038528,0.168161,-0.002698,-0.037261,0.985052
A,1.4000,R_RingDistal,0.000000,0.000000,0.026254,0.069814,-0.029558,-0.007917,0.997091
A,1.4000,R_RingTip,0.000255,0.001589,0.024034,0.000000,0.000000,0.000000,1.000000
A,1.4000,R_ThumbMetacarpal,-0.031681,-0.011772,0.032019,-0.106299,-0.470108,0.517716,0.706874
A,1.4000,R_ThumbProximal,0.000000,0.000000,0.032122,0.164426,0.055554,-0.082428,0.981368
A,1.4000,R_ThumbDistal,0.000000,0.000000,0.033387,-0.049519,-0.064324,0.083344,0.993209
A,1.4000,R_ThumbTip,0.000662,0.001015,0.024296,0.000000,0.000000,0.000000,1.000000
A,1.4667,R_Wrist,0.024316,1.455764,0.569482,-0.471660,-0.277809,-0.212497,0.809447
A,1.4667,R_IndexMetacarpal,-0.020494,-0.007332,0.034978,0.000000,0.000000,0.000000,1.000000
A,1.4667,R_IndexProximal,-0.002774,0.000103,0.059865,-0.023183,-0.001154,0.028368,0.999328
A,1.4667,R_IndexIntermediate,0.000000,0.000000,0.037472,0.148891,0.003273,-0.026319,0.988498
A,1.4667,R_IndexDistal,0.000000,0.000000,0.024012,0.020364,0.025691,-0.016548,0.999326
A,1.4667,R_IndexTip,0.000292,0.001013,0.022095,0.000000,0.000000,0.000000,1.000000
A,1.4667,R_LittleMetacarpal,0.022722,-0.009307,0.033664,0.018312,0.140343,-0.207036,0.968042
A,1.4667,R_LittleProximal,-0.000002,-0.000001,0.045102,-0.107869,0.027957,0.101423,0.988583
A,1.4667,R_LittleIntermediate,0.000000,0.000000,0.030352,0.233501,0.032152,-0.058195,0.970081
A,1.4667,R_LittleDistal,0.000000,0.000000,0.020068,0.050806,-0.049067,0.000902,0.997502
A,1.4667,R_LittleTip,-0.000244,0.001201,0.021659,0.000000,0.000000,0.000000,1.000000
A,1.4667,R_MiddleMetacarpal,-0.004480,-0.006526,0.032842,0.000000,0.000000,0.000000,1.000000
A,1.4667,R_MiddleProximal,0.002774,0.004013,0.061656,0.019328,0.075637,-0.006953,0.996924
A,1.4667,R_MiddleIntermediate,0.000000,0.000000,0.042412,0.144012,0.002692,-0.012051,0.989499
A,1.4667,R_MiddleDistal,0.000000,0.000000,0.027219,-0.001329,0.000611,-0.043495,0.999053
A,1.4667,R_MiddleTip,0.000305,0.001124,0.024665,0.000000,0.000000,0.000000,1.000000
A,1.4667,R_Palm,-0.003092,-0.004519,0.063670,0.000000,0.000000,0.000000,1.000000
A,1.4667,R_RingMetacarpal,0.014812,-0.005944,0.034358,0.000000,0.000000,0.000000,1.000000
A,1.4667,R_RingProximal,0.002443,-0.000507,0.053271,-0.034654,0.106710,-0.045171,0.992659
A,1.4667,R_RingIntermediate,0.000000,0.000000,0.038528,0.168161,-0.002698,-0.037261,0.985052
A,1.4667,R_RingDistal,0.000000,0.000000,0.026254,0.069815,-0.029558,-0.007917,0.997091
A,1.4667,R_RingTip,0.000255,0.001589,0.024034,0.000000,0.000000,0.000000,1.000000
A,1.4667,R_ThumbMetacarpal,-0.031681,-0.011772,0.032019,-0.106299,-0.470108,0.517716,0.706874
A,1.4667,R_ThumbProximal,0.000000,0.000000,0.032123,0.164426,0.055554,-0.082428,0.981368
A,1.4667,R_ThumbDistal,0.000000,0.000000,0.033387,-0.049519,-0.064324,0.083344,0.993209
A,1.4667,R_ThumbTip,0.000662,0.001015,0.024296,0.000000,0.000000,0.000000,1.000000
A,1.5333,R_Wrist,0.024316,1.455765,0.569483,-0.471660,-0.277809,-0.212497,0.809447
A,1.5333,R_IndexMetacarpal,-0.020494,-0.007332,0.034978,0.000000,0.000000,0.000000,1.000000
A,1.5333,R_IndexProximal,-0.002774,0.000103,0.059865,-0.023183,-0.001154,0.028369,0.999328
A,1.5333,R_IndexIntermediate,0.000000,0.000000,0.037472,0.148891,0.003273,-0.026319,0.988498
A,1.5333,R_IndexDistal,0.000000,0.000000,0.024012,0.020364,0.025691,-0.016548,0.999326
A,1.5333,R_IndexTip,0.000292,0.001013,0.022095,0.000000,0.000000,0.000000,1.000000
A,1.5333,R_LittleMetacarpal,0.022722,-0.009307,0.033665,0.018312,0.140343,-0.207036,0.968042
A,1.5333,R_LittleProximal,-0.000002,-0.000001,0.045102,-0.107869,0.027957,0.101423,0.988583
A,1.5333,R_LittleIntermediate,0.000000,0.000000,0.030352,0.233501,0.032152,-0.058195,0.970081
A,1.5333,R_LittleDistal,0.000000,0.000000,0.020068,0.050806,-0.049067,0.000902,0.997502
A,1.5333,R_LittleTip,-0.000244,0.001201,0.021659,0.000000,0.000000,0.000000,1.000000
A,1.5333,R_MiddleMetacarpal,-0.004480,-0.006526,0.032842,0.000000,0.000000,0.000000,1.000000
A,1.5333,R_MiddleProximal,0.002774,0.004013,0.061656,0.019328,0.075637,-0.006953,0.996924
A,1.5333,R_MiddleIntermediate,0.000000,0.000000,0.042412,0.144012,0.002692,-0.012051,0.989499
A,1.5333,R_MiddleDistal,0.000000,0.000000,0.027219,-0.001329,0.000611,-0.043495,0.999053
A,1.5333,R_MiddleTip,0.000305,0.001124,0.024665,0.000000,0.000000,0.000000,1.000000
A,1.5333,R_Palm,-0.003092,-0.004519,0.063670,0.000000,0.000000,0.000000,1.000000
A,1.5333,R_RingMetacarpal,0.014812,-0.005944,0.034358,0.000000,0.000000,0.000000,1.000000
A,1.5333,R_RingProximal,0.002443,-0.000507,0.053271,-0.034654,0.106710,-0.045171,0.992659
A,1.5333,R_RingIntermediate,0.000000,0.000000,0.038528,0.168161,-0.002698,-0.037261,0.985052
A,1.5333,R_RingDistal,0.000000,0.000000,0.026254,0.069814,-0.029558,-0.007917,0.997091
A,1.5333,R_RingTip,0.000255,0.001589,0.024034,0.000000,0.000000,0.000000,1.000000
A,1.5333,R_ThumbMetacarpal,-0.031682,-0.011772,0.032019,-0.106299,-0.470108,0.517716,0.706874
A,1.5333,R_ThumbProximal,0.000000,0.000000,0.032123,0.164426,0.055553,-0.082428,0.981368
A,1.5333,R_ThumbDistal,0.000000,0.000000,0.033387,-0.049519,-0.064324,0.083344,0.993209
A,1.5333,R_ThumbTip,0.000662,0.001015,0.024296,0.000000,0.000000,0.000000,1.000000
A,1.6000,R_Wrist,0.024316,1.455765,0.569483,-0.471660,-0.277809,-0.212497,0.809447
A,1.6000,R_IndexMetacarpal,-0.020494,-0.007332,0.034979,0.000000,0.000000,0.000000,1.000000
A,1.6000,R_IndexProximal,-0.002774,0.000103,0.059865,-0.023183,-0.001154,0.028369,0.999328
A,1.6000,R_IndexIntermediate,0.000000,0.000000,0.037472,0.148891,0.003273,-0.026319,0.988498
A,1.6000,R_IndexDistal,0.000000,0.000000,0.024012,0.020364,0.025691,-0.016548,0.999326
A,1.6000,R_IndexTip,0.000292,0.001013,0.022095,0.000000,0.000000,0.000000,1.000000
A,1.6000,R_LittleMetacarpal,0.022722,-0.009307,0.033665,0.018312,0.140343,-0.207036,0.968042
A,1.6000,R_LittleProximal,-0.000002,-0.000001,0.045102,-0.107869,0.027957,0.101423,0.988583
A,1.6000,R_LittleIntermediate,0.000000,0.000000,0.030352,0.233501,0.032152,-0.058195,0.970081
A,1.6000,R_LittleDistal,0.000000,0.000000,0.020068,0.050806,-0.049067,0.000902,0.997502
A,1.6000,R_LittleTip,-0.000244,0.001202,0.021659,0.000000,0.000000,0.000000,1.000000
A,1.6000,R_MiddleMetacarpal,-0.004480,-0.006526,0.032842,0.000000,0.000000,0.000000,1.000000
A,1.6000,R_MiddleProximal,0.002774,0.004014,0.061656,0.019328,0.075637,-0.006953,0.996924
A,1.6000,R_MiddleIntermediate,0.000000,0.000000,0.042412,0.144012,0.002692,-0.012051,0.989499
A,1.6000,R_MiddleDistal,0.000000,0.000000,0.027219,-0.001329,0.000611,-0.043495,0.999053
A,1.6000,R_MiddleTip,0.000305,0.001124,0.024665,0.000000,0.000000,0.000000,1.000000
A,1.6000,R_Palm,-0.003092,-0.004519,0.063670,0.000000,0.000000,0.000000,1.000000
A,1.6000,R_RingMetacarpal,0.014812,-0.005944,0.034358,0.000000,0.000000,0.000000,1.000000
A,1.6000,R_RingProximal,0.002443,-0.000507,0.053271,-0.034654,0.106710,-0.045171,0.992659
A,1.6000,R_RingIntermediate,0.000000,0.000000,0.038528,0.168161,-0.002698,-0.037261,0.985052
A,1.6000,R_RingDistal,0.000000,0.000000,0.026254,0.069814,-0.029558,-0.007917,0.997091
A,1.6000,R_RingTip,0.000255,0.001589,0.024034,0.000000,0.000000,0.000000,1.000000
A,1.6000,R_ThumbMetacarpal,-0.031682,-0.011772,0.032019,-0.106299,-0.470108,0.517716,0.706874
A,1.6000,R_ThumbProximal,0.000000,0.000000,0.032123,0.164426,0.055554,-0.082428,0.981368
A,1.6000,R_ThumbDistal,0.000000,0.000000,0.033387,-0.049519,-0.064324,0.083344,0.993209
A,1.6000,R_ThumbTip,0.000662,0.001015,0.024296,0.000000,0.000000,0.000000,1.000000
A,1.6667,R_Wrist,0.024316,1.455765,0.569484,-0.471660,-0.277809,-0.212497,0.809447
A,1.6667,R_IndexMetacarpal,-0.020494,-0.007332,0.034979,0.000000,0.000000,0.000000,1.000000
A,1.6667,R_IndexProximal,-0.002774,0.000103,0.059865,-0.023183,-0.001154,0.028369,0.999328
A,1.6667,R_IndexIntermediate,0.000000,0.000000,0.037472,0.148891,0.003273,-0.026319,0.988498
A,1.6667,R_IndexDistal,0.000000,0.000000,0.024012,0.020364,0.025691,-0.016548,0.999326
A,1.6667,R_IndexTip,0.000292,0.001013,0.022095,0.000000,0.000000,0.000000,1.000000
A,1.6667,R_LittleMetacarpal,0.022722,-0.009307,0.033665,0.018312,0.140343,-0.207036,0.968042
A,1.6667,R_LittleProximal,-0.000002,-0.000001,0.045103,-0.107869,0.027957,0.101423,0.988583
A,1.6667,R_LittleIntermediate,0.000000,0.000000,0.030352,0.233501,0.032152,-0.058195,0.970081
A,1.6667,R_LittleDistal,0.000000,0.000000,0.020068,0.050806,-0.049067,0.000902,0.997502
A,1.6667,R_LittleTip,-0.000244,0.001202,0.021659,0.000000,0.000000,0.000000,1.000000
A,1.6667,R_MiddleMetacarpal,-0.004480,-0.006526,0.032842,0.000000,0.000000,0.000000,1.000000
A,1.6667,R_MiddleProximal,0.002774,0.004013,0.061656,0.019328,0.075637,-0.006953,0.996924
A,1.6667,R_MiddleIntermediate,0.000000,0.000000,0.042412,0.144012,0.002692,-0.012051,0.989499
A,1.6667,R_MiddleDistal,0.000000,0.000000,0.027219,-0.001329,0.000611,-0.043495,0.999053
A,1.6667,R_MiddleTip,0.000305,0.001124,0.024665,0.000000,0.000000,0.000000,1.000000
A,1.6667,R_Palm,-0.003092,-0.004519,0.063670,0.000000,0.000000,0.000000,1.000000
A,1.6667,R_RingMetacarpal,0.014812,-0.005944,0.034358,0.000000,0.000000,0.000000,1.000000
A,1.6667,R_RingProximal,0.002443,-0.000507,0.053271,-0.034654,0.106710,-0.045171,0.992659
A,1.6667,R_RingIntermediate,0.000000,0.000000,0.038528,0.168161,-0.002698,-0.037261,0.985052
A,1.6667,R_RingDistal,0.000000,0.000000,0.026254,0.069814,-0.029558,-0.007917,0.997091
A,1.6667,R_RingTip,0.000255,0.001589,0.024034,0.000000,0.000000,0.000000,1.000000
A,1.6667,R_ThumbMetacarpal,-0.031682,-0.011772,0.032019,-0.106299,-0.470108,0.517716,0.706874
A,1.6667,R_ThumbProximal,0.000000,0.000000,0.032123,0.164426,0.055554,-0.082428,0.981368
A,1.6667,R_ThumbDistal,0.000000,0.000000,0.033387,-0.049519,-0.064324,0.083344,0.993209
A,1.6667,R_ThumbTip,0.000662,0.001015,0.024296,0.000000,0.000000,0.000000,1.000000
A,1.7333,R_Wrist,0.024316,1.455766,0.569485,-0.471660,-0.277809,-0.212497,0.809447
A,1.7333,R_IndexMetacarpal,-0.020494,-0.007332,0.034979,0.000000,0.000000,0.000000,1.000000
A,1.7333,R_IndexProximal,-0.002774,0.000103,0.059866,-0.023183,-0.001154,0.028369,0.999328
A,1.7333,R_IndexIntermediate,0.000000,0.000000,0.037472,0.148891,0.003273,-0.026319,0.988498
A,1.7333,R_IndexDistal,0.000000,0.000000,0.024012,0.020364,0.025691,-0.016548,0.999326
A,1.7333,R_IndexTip,0.000292,0.001013,0.022095,0.000000,0.000000,0.000000,1.000000
A,1.7333,R_LittleMetacarpal,0.022723,-0.009307,0.033665,0.018312,0.140343,-0.207036,0.968042
A,1.7333,R_LittleProximal,-0.000002,-0.000001,0.045103,-0.107869,0.027957,0.101423,0.988583
A,1.7333,R_LittleIntermediate,0.000000,0.000000,0.030352,0.233501,0.032152,-0.058195,0.970081
A,1.7333,R_LittleDistal,0.000000,0.000000,0.020068,0.050806,-0.049067,0.000902,0.997502
A,1.7333,R_LittleTip,-0.000244,0.001202,0.021659,0.000000,0.000000,0.000000,1.000000
A,1.7333,R_MiddleMetacarpal,-0.004480,-0.006526,0.032842,0.000000,0.000000,0.000000,1.000000
A,1.7333,R_MiddleProximal,0.002774,0.004013,0.061657,0.019328,0.075637,-0.006953,0.996924
A,1.7333,R_MiddleIntermediate,0.000000,0.000000,0.042412,0.144012,0.002692,-0.012051,0.989499
A,1.7333,R_MiddleDistal,0.000000,0.000000,0.027219,-0.001329,0.000611,-0.043495,0.999053
A,1.7333,R_MiddleTip,0.000305,0.001124,0.024665,0.000000,0.000000,0.000000,1.000000
A,1.7333,R_Palm,-0.003092,-0.004519,0.063670,0.000000,0.000000,0.000000,1.000000
A,1.7333,R_RingMetacarpal,0.014812,-0.005944,0.034358,0.000000,0.000000,0.000000,1.000000
A,1.7333,R_RingProximal,0.002443,-0.000507,0.053271,-0.034654,0.106710,-0.045171,0.992659
A,1.7333,R_RingIntermediate,0.000000,0.000000,0.038528,0.168161,-0.002698,-0.037261,0.985052
A,1.7333,R_RingDistal,0.000000,0.000000,0.026254,0.069814,-0.029558,-0.007917,0.997091
A,1.7333,R_RingTip,0.000255,0.001589,0.024034,0.000000,0.000000,0.000000,1.000000
A,1.7333,R_ThumbMetacarpal,-0.031682,-0.011772,0.032019,-0.106299,-0.470108,0.517716,0.706874
A,1.7333,R_ThumbProximal,0.000000,0.000000,0.032123,0.164426,0.055553,-0.082428,0.981368
A,1.7333,R_ThumbDistal,0.000000,0.000000,0.033387,-0.049519,-0.064324,0.083344,0.993209
A,1.7333,R_ThumbTip,0.000662,0.001015,0.024296,0.000000,0.000000,0.000000,1.000000
A,1.8000,R_Wrist,0.024317,1.455766,0.569486,-0.471660,-0.277809,-0.212497,0.809447
A,1.8000,R_IndexMetacarpal,-0.020494,-0.007332,0.034979,0.000000,0.000000,0.000000,1.000000
A,1.8000,R_IndexProximal,-0.002774,0.000103,0.059866,-0.023183,-0.001154,0.028369,0.999328
A,1.8000,R_IndexIntermediate,0.000000,0.000000,0.037472,0.148891,0.003273,-0.026319,0.988498
A,1.8000,R_IndexDistal,0.000000,0.000000,0.024012,0.020364,0.025691,-0.016548,0.999326
A,1.8000,R_IndexTip,0.000292,0.001013,0.022095,0.000000,0.000000,0.000000,1.000000
A,1.8000,R_LittleMetacarpal,0.022723,-0.009307,0.033665,0.018312,0.140343,-0.207036,0.968042
A,1.8000,R_LittleProximal,-0.000002,-0.000001,0.045103,-0.107869,0.027957,0.101423,0.988583
A,1.8000,R_LittleIntermediate,0.000000,0.000000,0.030352,0.233501,0.032152,-0.058195,0.970081
A,1.8000,R_LittleDistal,0.000000,0.000000,0.020068,0.050806,-0.049067,0.000902,0.997502
A,1.8000,R_LittleTip,-0.000243,0.001201,0.021659,0.000000,0.000000,0.000000,1.000000
A,1.8000,R_MiddleMetacarpal,-0.004480,-0.006526,0.032842,0.000000,0.000000,0.000000,1.000000
A,1.8000,R_MiddleProximal,0.002774,0.004014,0.061657,0.019328,0.075637,-0.006953,0.996924
A,1.8000,R_MiddleIntermediate,0.000000,0.000000,0.042412,0.144012,0.002692,-0.012051,0.989499
A,1.8000,R_MiddleDistal,0.000000,0.000000,0.027219,-0.001329,0.000611,-0.043495,0.999053
A,1.8000,R_MiddleTip,0.000305,0.001124,0.024665,0.000000,0.000000,0.000000,1.000000
A,1.8000,R_Palm,-0.003092,-0.004519,0.063670,0.000000,0.000000,0.000000,1.000000
A,1.8000,R_RingMetacarpal,0.014812,-0.005944,0.034358,0.000000,0.000000,0.000000,1.000000
A,1.8000,R_RingProximal,0.002443,-0.000507,0.053271,-0.034654,0.106710,-0.045171,0.992659
A,1.8000,R_RingIntermediate,0.000000,0.000000,0.038528,0.168161,-0.002698,-0.037261,0.985052
A,1.8000,R_RingDistal,0.000000,0.000000,0.026254,0.069814,-0.029558,-0.007917,0.997091
A,1.8000,R_RingTip,0.000255,0.001589,0.024034,0.000000,0.000000,0.000000,1.000000
A,1.8000,R_ThumbMetacarpal,-0.031682,-0.011772,0.032020,-0.106299,-0.470108,0.517716,0.706874
A,1.8000,R_ThumbProximal,0.000000,0.000000,0.032123,0.164426,0.055554,-0.082428,0.981368
A,1.8000,R_ThumbDistal,0.000000,0.000000,0.033388,-0.049519,-0.064324,0.083344,0.993209
A,1.8000,R_ThumbTip,0.000662,0.001015,0.024296,0.000000,0.000000,0.000000,1.000000
A,1.8667,R_Wrist,0.024317,1.455766,0.569486,-0.471660,-0.277809,-0.212497,0.809447
A,1.8667,R_IndexMetacarpal,-0.020494,-0.007332,0.034979,0.000000,0.000000,0.000000,1.000000
A,1.8667,R_IndexProximal,-0.002774,0.000103,0.059866,-0.023183,-0.001154,0.028368,0.999328
A,1.8667,R_IndexIntermediate,0.000000,0.000000,0.037472,0.148891,0.003273,-0.026319,0.988498
A,1.8667,R_IndexDistal,0.000000,0.000000,0.024012,0.020364,0.025691,-0.016548,0.999326
A,1.8667,R_IndexTip,0.000292,0.001013,0.022095,0.000000,0.000000,0.000000,1.000000
A,1.8667,R_LittleMetacarpal,0.022723,-0.009307,0.033665,0.018312,0.140343,-0.207036,0.968042
A,1.8667,R_LittleProximal,-0.000002,-0.000001,0.045103,-0.107869,0.027957,0.101423,0.988583
A,1.8667,R_LittleIntermediate,0.000000,0.000000,0.030352,0.233501,0.032152,-0.058195,0.970081
A,1.8667,R_LittleDistal,0.000000,0.000000,0.020068,0.050806,-0.049067,0.000902,0.997502
A,1.8667,R_LittleTip,-0.000244,0.001201,0.021659,0.000000,0.000000,0.000000,1.000000
A,1.8667,R_MiddleMetacarpal,-0.004480,-0.006526,0.032842,0.000000,0.000000,0.000000,1.000000
A,1.8667,R_MiddleProximal,0.002774,0.004014,0.061657,0.019328,0.075637,-0.006953,0.996924
A,1.8667,R_MiddleIntermediate,0.000000,0.000000,0.042412,0.144012,0.002692,-0.012051,0.989499
A,1.8667,R_MiddleDistal,0.000000,0.000000,0.027219,-0.001329,0.000611,-0.043495,0.999053
A,1.8667,R_MiddleTip,0.000305,0.001124,0.024665,0.000000,0.000000,0.000000,1.000000
A,1.8667,R_Palm,-0.003092,-0.004519,0.063671,0.000000,0.000000,0.000000,1.000000
A,1.8667,R_RingMetacarpal,0.014812,-0.005944,0.034358,0.000000,0.000000,0.000000,1.000000
A,1.8667,R_RingProximal,0.002443,-0.000507,0.053271,-0.034654,0.106710,-0.045171,0.992659
A,1.8667,R_RingIntermediate,0.000000,0.000000,0.038528,0.168161,-0.002698,-0.037261,0.985051
A,1.8667,R_RingDistal,0.000000,0.000000,0.026255,0.069814,-0.029558,-0.007917,0.997091
A,1.8667,R_RingTip,0.000255,0.001589,0.024034,0.000000,0.000000,0.000000,1.000000
A,1.8667,R_ThumbMetacarpal,-0.031682,-0.011772,0.032020,-0.106299,-0.470108,0.517716,0.706874
A,1.8667,R_ThumbProximal,0.000000,0.000000,0.032123,0.164426,0.055554,-0.082428,0.981368
A,1.8667,R_ThumbDistal,0.000000,0.000000,0.033388,-0.049519,-0.064324,0.083344,0.993209
A,1.8667,R_ThumbTip,0.000662,0.001015,0.024296,0.000000,0.000000,0.000000,1.000000
A,1.9333,R_Wrist,0.024317,1.455767,0.569487,-0.471660,-0.277809,-0.212497,0.809447
A,1.9333,R_IndexMetacarpal,-0.020495,-0.007332,0.034979,0.000000,0.000000,0.000000,1.000000
A,1.9333,R_IndexProximal,-0.002774,0.000103,0.059866,-0.023183,-0.001154,0.028369,0.999328
A,1.9333,R_IndexIntermediate,0.000000,0.000000,0.037472,0.148891,0.003273,-0.026319,0.988498
A,1.9333,R_IndexDistal,0.000000,0.000000,0.024012,0.020364,0.025691,-0.016548,0.999326
A,1.9333,R_IndexTip,0.000292,0.001013,0.022095,0.000000,0.000000,0.000000,1.000000
A,1.9333,R_LittleMetacarpal,0.022723,-0.009307,0.033665,0.018312,0.140343,-0.207036,0.968042
A,1.9333,R_LittleProximal,-0.000002,-0.000001,0.045103,-0.107869,0.027957,0.101423,0.988583
A,1.9333,R_LittleIntermediate,0.000000,0.000000,0.030352,0.233501,0.032152,-0.058195,0.970081
A,1.9333,R_LittleDistal,0.000000,0.000000,0.020068,0.050806,-0.049067,0.000902,0.997502
A,1.9333,R_LittleTip,-0.000244,0.001201,0.021659,0.000000,0.000000,0.000000,1.000000
A,1.9333,R_MiddleMetacarpal,-0.004480,-0.006526,0.032842,0.000000,0.000000,0.000000,1.000000
A,1.9333,R_MiddleProximal,0.002774,0.004013,0.061657,0.019328,0.075637,-0.006953,0.996924
A,1.9333,R_MiddleIntermediate,0.000000,0.000000,0.042412,0.144012,0.002692,-0.012051,0.989499
A,1.9333,R_MiddleDistal,0.000000,0.000000,0.027219,-0.001329,0.000611,-0.043495,0.999053
A,1.9333,R_MiddleTip,0.000305,0.001124,0.024665,0.000000,0.000000,0.000000,1.000000
A,1.9333,R_Palm,-0.003092,-0.004519,0.063671,0.000000,0.000000,0.000000,1.000000
A,1.9333,R_RingMetacarpal,0.014812,-0.005944,0.034358,0.000000,0.000000,0.000000,1.000000
A,1.9333,R_RingProximal,0.002443,-0.000507,0.053271,-0.034654,0.106710,-0.045171,0.992659
A,1.9333,R_RingIntermediate,0.000000,0.000000,0.038528,0.168161,-0.002698,-0.037261,0.985052
A,1.9333,R_RingDistal,0.000000,0.000000,0.026255,0.069815,-0.029558,-0.007917,0.997091
A,1.9333,R_RingTip,0.000255,0.001589,0.024034,0.000000,0.000000,0.000000,1.000000
A,1.9333,R_ThumbMetacarpal,-0.031682,-0.011772,0.032020,-0.106299,-0.470108,0.517716,0.706874
A,1.9333,R_ThumbProximal,0.000000,0.000000,0.032123,0.164426,0.055554,-0.082428,0.981368
A,1.9333,R_ThumbDistal,0.000000,0.000000,0.033388,-0.049519,-0.064324,0.083344,0.993209
A,1.9333,R_ThumbTip,0.000662,0.001015,0.024296,0.000000,0.000000,0.000000,1.000000
A,2.0000,R_Wrist,0.024317,1.455767,0.569488,-0.471660,-0.277809,-0.212497,0.809447
A,2.0000,R_IndexMetacarpal,-0.020495,-0.007332,0.034979,0.000000,0.000000,0.000000,1.000000
A,2.0000,R_IndexProximal,-0.002774,0.000103,0.059866,-0.023183,-0.001154,0.028369,0.999328
A,2.0000,R_IndexIntermediate,0.000000,0.000000,0.037472,0.148891,0.003273,-0.026319,0.988498
A,2.0000,R_IndexDistal,0.000000,0.000000,0.024012,0.020364,0.025691,-0.016548,0.999326
A,2.0000,R_IndexTip,0.000292,0.001013,0.022095,0.000000,0.000000,0.000000,1.000000
A,2.0000,R_LittleMetacarpal,0.022723,-0.009307,0.033665,0.018312,0.140343,-0.207036,0.968042
A,2.0000,R_LittleProximal,-0.000002,-0.000001,0.045103,-0.107869,0.027957,0.101423,0.988583
A,2.0000,R_LittleIntermediate,0.000000,0.000000,0.030352,0.233501,0.032152,-0.058195,0.970081
A,2.0000,R_LittleDistal,0.000000,0.000000,0.020068,0.050806,-0.049067,0.000902,0.997502
A,2.0000,R_LittleTip,-0.000243,0.001201,0.021659,0.000000,0.000000,0.000000,1.000000
A,2.0000,R_MiddleMetacarpal,-0.004480,-0.006526,0.032842,0.000000,0.000000,0.000000,1.000000
A,2.0000,R_MiddleProximal,0.002774,0.004013,0.061657,0.019328,0.075637,-0.006953,0.996924
A,2.0000,R_MiddleIntermediate,0.000000,0.000000,0.042412,0.144012,0.002692,-0.012051,0.989499
A,2.0000,R_MiddleDistal,0.000000,0.000000,0.027219,-0.001329,0.000611,-0.043495,0.999053
A,2.0000,R_MiddleTip,0.000305,0.001124,0.024665,0.000000,0.000000,0.000000,1.000000
A,2.0000,R_Palm,-0.003092,-0.004519,0.063671,0.000000,0.000000,0.000000,1.000000
A,2.0000,R_RingMetacarpal,0.014813,-0.005944,0.034358,0.000000,0.000000,0.000000,1.000000
A,2.0000,R_RingProximal,0.002443,-0.000507,0.053271,-0.034654,0.106710,-0.045171,0.992659
A,2.0000,R_RingIntermediate,0.000000,0.000000,0.038528,0.168161,-0.002698,-0.037261,0.985052
A,2.0000,R_RingDistal,0.000000,0.000000,0.026255,0.069814,-0.029558,-0.007917,0.997091
A,2.0000,R_RingTip,0.000255,0.001589,0.024034,0.000000,0.000000,0.000000,1.000000
A,2.0000,R_ThumbMetacarpal,-0.031682,-0.011772,0.032020,-0.106299,-0.470108,0.517716,0.706874
A,2.0000,R_ThumbProximal,0.000000,0.000000,0.032123,0.164426,0.055554,-0.082428,0.981368
A,2.0000,R_ThumbDistal,0.000000,0.000000,0.033388,-0.049519,-0.064324,0.083344,0.993209
A,2.0000,R_ThumbTip,0.000662,0.001015,0.024296,0.000000,0.000000,0.000000,1.000000
A,2.0667,R_Wrist,0.024317,1.455768,0.569488,-0.471660,-0.277809,-0.212497,0.809447
A,2.0667,R_IndexMetacarpal,-0.020495,-0.007332,0.034979,0.000000,0.000000,0.000000,1.000000
A,2.0667,R_IndexProximal,-0.002774,0.000103,0.059866,-0.023183,-0.001154,0.028369,0.999328
A,2.0667,R_IndexIntermediate,0.000000,0.000000,0.037472,0.148891,0.003273,-0.026319,0.988498
A,2.0667,R_IndexDistal,0.000000,0.000000,0.024012,0.020364,0.025691,-0.016548,0.999326
A,2.0667,R_IndexTip,0.000292,0.001013,0.022095,0.000000,0.000000,0.000000,1.000000
A,2.0667,R_LittleMetacarpal,0.022723,-0.009307,0.033665,0.018312,0.140343,-0.207036,0.968042
A,2.0667,R_LittleProximal,-0.000002,-0.000001,0.045103,-0.107869,0.027957,0.101423,0.988583
A,2.0667,R_LittleIntermediate,0.000000,0.000000,0.030352,0.233501,0.032152,-0.058195,0.970081
A,2.0667,R_LittleDistal,0.000000,0.000000,0.020068,0.050806,-0.049067,0.000902,0.997502
A,2.0667,R_LittleTip,-0.000244,0.001202,0.021659,0.000000,0.000000,0.000000,1.000000
A,2.0667,R_MiddleMetacarpal,-0.004480,-0.006526,0.032842,0.000000,0.000000,0.000000,1.000000
A,2.0667,R_MiddleProximal,0.002774,0.004014,0.061657,0.019328,0.075637,-0.006953,0.996924
A,2.0667,R_MiddleIntermediate,0.000000,0.000000,0.042412,0.144012,0.002692,-0.012051,0.989499
A,2.0667,R_MiddleDistal,0.000000,0.000000,0.027219,-0.001329,0.000611,-0.043495,0.999053
A,2.0667,R_MiddleTip,0.000305,0.001124,0.024665,0.000000,0.000000,0.000000,1.000000
A,2.0667,R_Palm,-0.003092,-0.004519,0.063671,0.000000,0.000000,0.000000,1.000000
A,2.0667,R_RingMetacarpal,0.014812,-0.005944,0.034358,0.000000,0.000000,0.000000,1.000000
A,2.0667,R_RingProximal,0.002443,-0.000507,0.053272,-0.034654,0.106710,-0.045171,0.992659
A,2.0667,R_RingIntermediate,0.000000,0.000000,0.038528,0.168161,-0.002698,-0.037261,0.985052
A,2.0667,R_RingDistal,0.000000,0.000000,0.026255,0.069814,-0.029558,-0.007917,0.997091
A,2.0667,R_RingTip,0.000255,0.001589,0.024034,0.000000,0.000000,0.000000,1.000000
A,2.0667,R_ThumbMetacarpal,-0.031682,-0.011772,0.032020,-0.106299,-0.470108,0.517716,0.706874
A,2.0667,R_ThumbProximal,0.000000,0.000000,0.032123,0.164426,0.055554,-0.082428,0.981368
A,2.0667,R_ThumbDistal,0.000000,0.000000,0.033388,-0.049519,-0.064324,0.083344,0.993209
A,2.0667,R_ThumbTip,0.000662,0.001015,0.024296,0.000000,0.000000,0.000000,1.000000
A,2.1333,R_Wrist,0.024317,1.455768,0.569489,-0.471660,-0.277809,-0.212497,0.809447
A,2.1333,R_IndexMetacarpal,-0.020495,-0.007332,0.034979,0.000000,0.000000,0.000000,1.000000
A,2.1333,R_IndexProximal,-0.002774,0.000103,0.059866,-0.023183,-0.001154,0.028369,0.999328
A,2.1333,R_IndexIntermediate,0.000000,0.000000,0.037472,0.148891,0.003273,-0.026319,0.988498
A,2.1333,R_IndexDistal,0.000000,0.000000,0.024012,0.020364,0.025691,-0.016548,0.999326
A,2.1333,R_IndexTip,0.000292,0.001013,0.022095,0.000000,0.000000,0.000000,1.000000
A,2.1333,R_LittleMetacarpal,0.022723,-0.009307,0.033665,0.018312,0.140343,-0.207036,0.968042
A,2.1333,R_LittleProximal,-0.000002,-0.000001,0.045103,-0.107869,0.027957,0.101423,0.988583
A,2.1333,R_LittleIntermediate,0.000000,0.000000,0.030352,0.233501,0.032152,-0.058195,0.970081
A,2.1333,R_LittleDistal,0.000000,0.000000,0.020068,0.050806,-0.049067,0.000902,0.997502
A,2.1333,R_LittleTip,-0.000244,0.001202,0.021659,0.000000,0.000000,0.000000,1.000000
A,2.1333,R_MiddleMetacarpal,-0.004480,-0.006526,0.032842,0.000000,0.000000,0.000000,1.000000
A,2.1333,R_MiddleProximal,0.002774,0.004014,0.061657,0.019328,0.075637,-0.006953,0.996924
A,2.1333,R_MiddleIntermediate,0.000000,0.000000,0.042412,0.144012,0.002692,-0.012051,0.989499
A,2.1333,R_MiddleDistal,0.000000,0.000000,0.027219,-0.001329,0.000611,-0.043495,0.999053
A,2.1333,R_MiddleTip,0.000305,0.001124,0.024666,0.000000,0.000000,0.000000,1.000000
A,2.1333,R_Palm,-0.003092,-0.004519,0.063671,0.000000,0.000000,0.000000,1.000000
A,2.1333,R_RingMetacarpal,0.014813,-0.005944,0.034358,0.000000,0.000000,0.000000,1.000000
A,2.1333,R_RingProximal,0.002443,-0.000507,0.053272,-0.034654,0.106710,-0.045171,0.992659
A,2.1333,R_RingIntermediate,0.000000,0.000000,0.038528,0.168161,-0.002698,-0.037262,0.985052
A,2.1333,R_RingDistal,0.000000,0.000000,0.026255,0.069815,-0.029558,-0.007917,0.997091
A,2.1333,R_RingTip,0.000255,0.001589,0.024034,0.000000,0.000000,0.000000,1.000000
A,2.1333,R_ThumbMetacarpal,-0.031682,-0.011772,0.032020,-0.106299,-0.470108,0.517716,0.706874
A,2.1333,R_ThumbProximal,0.000000,0.000000,0.032123,0.164426,0.055554,-0.082428,0.981368
A,2.1333,R_ThumbDistal,0.000000,0.000000,0.033388,-0.049519,-0.064324,0.083344,0.993209
A,2.1333,R_ThumbTip,0.000662,0.001015,0.024296,0.000000,0.000000,0.000000,1.000000
A,2.2000,R_Wrist,0.024317,1.455768,0.569490,-0.471660,-0.277809,-0.212497,0.809447
A,2.2000,R_IndexMetacarpal,-0.020495,-0.007332,0.034979,0.000000,0.000000,0.000000,1.000000
A,2.2000,R_IndexProximal,-0.002774,0.000103,0.059866,-0.023183,-0.001154,0.028368,0.999328
A,2.2000,R_IndexIntermediate,0.000000,0.000000,0.037472,0.148891,0.003273,-0.026319,0.988498
A,2.2000,R_IndexDistal,0.000000,0.000000,0.024012,0.020364,0.025691,-0.016548,0.999326
A,2.2000,R_IndexTip,0.000292,0.001013,0.022095,0.000000,0.000000,0.000000,1.000000
A,2.2000,R_LittleMetacarpal,0.022723,-0.009307,0.033665,0.018312,0.140343,-0.207036,0.968042
A,2.2000,R_LittleProximal,-0.000002,-0.000001,0.045103,-0.107869,0.027957,0.101423,0.988583
A,2.2000,R_LittleIntermediate,0.000000,0.000000,0.030352,0.233501,0.032152,-0.058195,0.970081
A,2.2000,R_LittleDistal,0.000000,0.000000,0.020068,0.050806,-0.049067,0.000902,0.997502
A,2.2000,R_LittleTip,-0.000243,0.001201,0.021659,0.000000,0.000000,0.000000,1.000000
A,2.2000,R_MiddleMetacarpal,-0.004480,-0.006526,0.032842,0.000000,0.000000,0.000000,1.000000
A,2.2000,R_MiddleProximal,0.002774,0.004013,0.061657,0.019328,0.075637,-0.006953,0.996924
A,2.2000,R_MiddleIntermediate,0.000000,0.000000,0.042412,0.144012,0.002692,-0.012051,0.989499
A,2.2000,R_MiddleDistal,0.000000,0.000000,0.027219,-0.001329,0.000611,-0.043495,0.999053
A,2.2000,R_MiddleTip,0.000305,0.001124,0.024666,0.000000,0.000000,0.000000,1.000000
A,2.2000,R_Palm,-0.003092,-0.004519,0.063671,0.000000,0.000000,0.000000,1.000000
A,2.2000,R_RingMetacarpal,0.014813,-0.005944,0.034358,0.000000,0.000000,0.000000,1.000000
A,2.2000,R_RingProximal,0.002443,-0.000507,0.053272,-0.034654,0.106710,-0.045171,0.992659
A,2.2000,R_RingIntermediate,0.000000,0.000000,0.038529,0.168161,-0.002698,-0.037261,0.985052
A,2.2000,R_RingDistal,0.000000,0.000000,0.026255,0.069814,-0.029558,-0.007917,0.997091
A,2.2000,R_RingTip,0.000255,0.001589,0.024034,0.000000,0.000000,0.000000,1.000000
A,2.2000,R_ThumbMetacarpal,-0.031682,-0.011772,0.032020,-0.106299,-0.470108,0.517716,0.706874
A,2.2000,R_ThumbProximal,0.000000,0.000000,0.032123,0.164426,0.055553,-0.082428,0.981368
A,2.2000,R_ThumbDistal,0.000000,0.000000,0.033388,-0.049519,-0.064324,0.083344,0.993209
A,2.2000,R_ThumbTip,0.000662,0.001015,0.024296,0.000000,0.000000,0.000000,1.000000
A,2.2667,R_Wrist,0.024317,1.455769,0.569491,-0.471660,-0.277809,-0.212497,0.809447
A,2.2667,R_IndexMetacarpal,-0.020495,-0.007332,0.034979,0.000000,0.000000,0.000000,1.000000
A,2.2667,R_IndexProximal,-0.002774,0.000103,0.059866,-0.023183,-0.001154,0.028369,0.999328
A,2.2667,R_IndexIntermediate,0.000000,0.000000,0.037472,0.148891,0.003273,-0.026319,0.988498
A,2.2667,R_IndexDistal,0.000000,0.000000,0.024012,0.020364,0.025691,-0.016548,0.999326
A,2.2667,R_IndexTip,0.000292,0.001013,0.022095,0.000000,0.000000,0.000000,1.000000
A,2.2667,R_LittleMetacarpal,0.022723,-0.009307,0.033665,0.018312,0.140343,-0.207036,0.968042
A,2.2667,R_LittleProximal,-0.000002,-0.000001,0.045103,-0.107869,0.027957,0.101423,0.988583
A,2.2667,R_LittleIntermediate,0.000000,0.000000,0.030352,0.233501,0.032152,-0.058195,0.970081
A,2.2667,R_LittleDistal,0.000000,0.000000,0.020068,0.050806,-0.049067,0.000902,0.997502
A,2.2667,R_LittleTip,-0.000244,0.001202,0.021660,0.000000,0.000000,0.000000,1.000000
A,2.2667,R_MiddleMetacarpal,-0.004480,-0.006526,0.032842,0.000000,0.000000,0.000000,1.000000
A,2.2667,R_MiddleProximal,0.002774,0.004014,0.061657,0.019328,0.075637,-0.006953,0.996924
A,2.2667,R_MiddleIntermediate,0.000000,0.000000,0.042412,0.144011,0.002692,-0.012051,0.989499
A,2.2667,R_MiddleDistal,0.000000,0.000000,0.027219,-0.001329,0.000611,-0.043495,0.999053
A,2.2667,R_MiddleTip,0.000305,0.001124,0.024665,0.000000,0.000000,0.000000,1.000000
A,2.2667,R_Palm,-0.003092,-0.004519,0.063671,0.000000,0.000000,0.000000,1.000000
A,2.2667,R_RingMetacarpal,0.014813,-0.005944,0.034358,0.000000,0.000000,0.000000,1.000000
A,2.2667,R_RingProximal,0.002443,-0.000507,0.053272,-0.034654,0.106710,-0.045171,0.992659
A,2.2667,R_RingIntermediate,0.000000,0.000000,0.038529,0.168161,-0.002698,-0.037261,0.985052
A,2.2667,R_RingDistal,0.000000,0.000000,0.026255,0.069815,-0.029558,-0.007917,0.997091
A,2.2667,R_RingTip,0.000255,0.001589,0.024034,0.000000,0.000000,0.000000,1.000000
A,2.2667,R_ThumbMetacarpal,-0.031682,-0.011772,0.032020,-0.106299,-0.470108,0.517716,0.706874
A,2.2667,R_ThumbProximal,0.000000,0.000000,0.032123,0.164426,0.055553,-0.082428,0.981368
A,2.2667,R_ThumbDistal,0.000000,0.000000,0.033388,-0.049519,-0.064324,0.083344,0.993209
A,2.2667,R_ThumbTip,0.000662,0.001015,0.024296,0.000000,0.000000,0.000000,1.000000
A,2.3333,R_Wrist,0.024318,1.455769,0.569491,-0.471660,-0.277809,-0.212497,0.809447
A,2.3333,R_IndexMetacarpal,-0.020495,-0.007332,0.034979,0.000000,0.000000,0.000000,1.000000
A,2.3333,R_IndexProximal,-0.002774,0.000103,0.059866,-0.023183,-0.001154,0.028369,0.999328
A,2.3333,R_IndexIntermediate,0.000000,0.000000,0.037473,0.148891,0.003273,-0.026319,0.988498
A,2.3333,R_IndexDistal,0.000000,0.000000,0.024012,0.020364,0.025691,-0.016548,0.999326
A,2.3333,R_IndexTip,0.000292,0.001013,0.022095,0.000000,0.000000,0.000000,1.000000
A,2.3333,R_LittleMetacarpal,0.022723,-0.009307,0.033665,0.018312,0.140343,-0.207036,0.968042
A,2.3333,R_LittleProximal,-0.000002,-0.000001,0.045103,-0.107869,0.027957,0.101423,0.988583
A,2.3333,R_LittleIntermediate,0.000000,0.000000,0.030352,0.233501,0.032152,-0.058195,0.970081
A,2.3333,R_LittleDistal,0.000000,0.000000,0.020068,0.050806,-0.049067,0.000902,0.997502
A,2.3333,R_LittleTip,-0.000244,0.001202,0.021660,0.000000,0.000000,0.000000,1.000000
A,2.3333,R_MiddleMetacarpal,-0.004480,-0.006526,0.032843,0.000000,0.000000,0.000000,1.000000
A,2.3333,R_MiddleProximal,0.002774,0.004014,0.061657,0.019328,0.075637,-0.006953,0.996924
A,2.3333,R_MiddleIntermediate,0.000000,0.000000,0.042412,0.144012,0.002692,-0.012051,0.989499
A,2.3333,R_MiddleDistal,0.000000,0.000000,0.027219,-0.001329,0.000611,-0.043495,0.999053
A,2.3333,R_MiddleTip,0.000305,0.001124,0.024666,0.000000,0.000000,0.000000,1.000000
A,2.3333,R_Palm,-0.003092,-0.004519,0.063671,0.000000,0.000000,0.000000,1.000000
A,2.3333,R_RingMetacarpal,0.014813,-0.005944,0.034359,0.000000,0.000000,0.000000,1.000000
A,2.3333,R_RingProximal,0.002443,-0.000507,0.053272,-0.034654,0.106710,-0.045171,0.992659
A,2.3333,R_RingIntermediate,0.000000,0.000000,0.038529,0.168161,-0.002698,-0.037262,0.985052
A,2.3333,R_RingDistal,0.000000,0.000000,0.026255,0.069814,-0.029558,-0.007917,0.997091
A,2.3333,R_RingTip,0.000255,0.001589,0.024035,0.000000,0.000000,0.000000,1.000000
A,2.3333,R_ThumbMetacarpal,-0.031682,-0.011772,0.032020,-0.106299,-0.470108,0.517716,0.706874
A,2.3333,R_ThumbProximal,0.000000,0.000000,0.032123,0.164426,0.055554,-0.082428,0.981368
A,2.3333,R_ThumbDistal,0.000000,0.000000,0.033388,-0.049519,-0.064324,0.083344,0.993209
A,2.3333,R_ThumbTip,0.000662,0.001015,0.024296,0.000000,0.000000,0.000000,1.000000
A,2.4000,R_Wrist,0.024318,1.455769,0.569492,-0.471660,-0.277809,-0.212497,0.809447
A,2.4000,R_IndexMetacarpal,-0.020495,-0.007332,0.034979,0.000000,0.000000,0.000000,1.000000
A,2.4000,R_IndexProximal,-0.002774,0.000103,0.059866,-0.023183,-0.001154,0.028369,0.999328
A,2.4000,R_IndexIntermediate,0.000000,0.000000,0.037473,0.148891,0.003273,-0.026319,0.988498
A,2.4000,R_IndexDistal,0.000000,0.000000,0.024012,0.020364,0.025691,-0.016548,0.999326
A,2.4000,R_IndexTip,0.000292,0.001013,0.022095,0.000000,0.000000,0.000000,1.000000
A,2.4000,R_LittleMetacarpal,0.022723,-0.009307,0.033665,0.018312,0.140343,-0.207036,0.968042
A,2.4000,R_LittleProximal,-0.000002,-0.000001,0.045103,-0.107869,0.027957,0.101423,0.988583
A,2.4000,R_LittleIntermediate,0.000000,0.000000,0.030352,0.233501,0.032152,-0.058195,0.970081
A,2.4000,R_LittleDistal,0.000000,0.000000,0.020068,0.050806,-0.049067,0.000902,0.997502
A,2.4000,R_LittleTip,-0.000244,0.001201,0.021660,0.000000,0.000000,0.000000,1.000000
A,2.4000,R_MiddleMetacarpal,-0.004480,-0.006526,0.032843,0.000000,0.000000,0.000000,1.000000
A,2.4000,R_MiddleProximal,0.002774,0.004014,0.061657,0.019328,0.075637,-0.006953,0.996924
A,2.4000,R_MiddleIntermediate,0.000000,0.000000,0.042412,0.144012,0.002692,-0.012051,0.989499
A,2.4000,R_MiddleDistal,0.000000,0.000000,0.027219,-0.001329,0.000611,-0.043495,0.999053
A,2.4000,R_MiddleTip,0.000305,0.001124,0.024666,0.000000,0.000000,0.000000,1.000000
A,2.4000,R_Palm,-0.003092,-0.004519,0.063671,0.000000,0.000000,0.000000,1.000000
A,2.4000,R_RingMetacarpal,0.014813,-0.005944,0.034359,0.000000,0.000000,0.000000,1.000000
A,2.4000,R_RingProximal,0.002443,-0.000507,0.053272,-0.034654,0.106710,-0.045171,0.992659
A,2.4000,R_RingIntermediate,0.000000,0.000000,0.038529,0.168161,-0.002698,-0.037261,0.985052
A,2.4000,R_RingDistal,0.000000,0.000000,0.026255,0.069814,-0.029558,-0.007917,0.997091
A,2.4000,R_RingTip,0.000255,0.001589,0.024035,0.000000,0.000000,0.000000,1.000000
A,2.4000,R_ThumbMetacarpal,-0.031682,-0.011772,0.032020,-0.106299,-0.470108,0.517715,0.706874
A,2.4000,R_ThumbProximal,0.000000,0.000000,0.032123,0.164426,0.055553,-0.082428,0.981368
A,2.4000,R_ThumbDistal,0.000000,0.000000,0.033388,-0.049519,-0.064324,0.083344,0.993209
A,2.4000,R_ThumbTip,0.000662,0.001015,0.024296,0.000000,0.000000,0.000000,1.000000
A,2.4667,R_Wrist,0.024318,1.455770,0.569492,-0.471660,-0.277809,-0.212497,0.809447
A,2.4667,R_IndexMetacarpal,-0.020495,-0.007332,0.034979,0.000000,0.000000,0.000000,1.000000
A,2.4667,R_IndexProximal,-0.002774,0.000103,0.059866,-0.023183,-0.001154,0.028369,0.999328
A,2.4667,R_IndexIntermediate,0.000000,0.000000,0.037473,0.148891,0.003273,-0.026319,0.988498
A,2.4667,R_IndexDistal,0.000000,0.000000,0.024012,0.020364,0.025691,-0.016548,0.999326
A,2.4667,R_IndexTip,0.000292,0.001013,0.022095,0.000000,0.000000,0.000000,1.000000
A,2.4667,R_LittleMetacarpal,0.022723,-0.009307,0.033665,0.018312,0.140343,-0.207036,0.968042
A,2.4667,R_LittleProximal,-0.000002,-0.000001,0.045103,-0.107869,0.027957,0.101423,0.988583
A,2.4667,R_LittleIntermediate,0.000000,0.000000,0.030352,0.233501,0.032152,-0.058195,0.970081
A,2.4667,R_LittleDistal,0.000000,0.000000,0.020068,0.050806,-0.049067,0.000902,0.997502
A,2.4667,R_LittleTip,-0.000243,0.001201,0.021660,0.000000,0.000000,0.000000,1.000000
A,2.4667,R_MiddleMetacarpal,-0.004480,-0.006526,0.032843,0.000000,0.000000,0.000000,1.000000
A,2.4667,R_MiddleProximal,0.002774,0.004014,0.061657,0.019328,0.075637,-0.006953,0.996924
A,2.4667,R_MiddleIntermediate,0.000000,0.000000,0.042413,0.144011,0.002692,-0.012051,0.989499
A,2.4667,R_MiddleDistal,0.000000,0.000000,0.027219,-0.001329,0.000611,-0.043495,0.999053
A,2.4667,R_MiddleTip,0.000305,0.001124,0.024666,0.000000,0.000000,0.000000,1.000000
A,2.4667,R_Palm,-0.003092,-0.004519,0.063671,0.000000,0.000000,0.000000,1.000000
A,2.4667,R_RingMetacarpal,0.014813,-0.005944,0.034359,0.000000,0.000000,0.000000,1.000000
A,2.4667,R_RingProximal,0.002443,-0.000507,0.053272,-0.034654,0.106710,-0.045171,0.992659
A,2.4667,R_RingIntermediate,0.000000,0.000000,0.038529,0.168161,-0.002698,-0.037261,0.985052
A,2.4667,R_RingDistal,0.000000,0.000000,0.026255,0.069814,-0.029558,-0.007917,0.997091
A,2.4667,R_RingTip,0.000255,0.001589,0.024035,0.000000,0.000000,0.000000,1.000000
A,2.4667,R_ThumbMetacarpal,-0.031682,-0.011772,0.032020,-0.106299,-0.470108,0.517716,0.706874
A,2.4667,R_ThumbProximal,0.000000,0.000000,0.032123,0.164426,0.055554,-0.082428,0.981368
A,2.4667,R_ThumbDistal,0.000000,0.000000,0.033388,-0.049519,-0.064324,0.083344,0.993209
A,2.4667,R_ThumbTip,0.000662,0.001015,0.024296,0.000000,0.000000,0.000000,1.000000
A,2.5333,R_Wrist,0.024318,1.455770,0.569493,-0.471660,-0.277809,-0.212497,0.809447
A,2.5333,R_IndexMetacarpal,-0.020495,-0.007332,0.034979,0.000000,0.000000,0.000000,1.000000
A,2.5333,R_IndexProximal,-0.002774,0.000103,0.059867,-0.023183,-0.001154,0.028369,0.999328
A,2.5333,R_IndexIntermediate,0.000000,0.000000,0.037473,0.148891,0.003273,-0.026319,0.988498
A,2.5333,R_IndexDistal,0.000000,0.000000,0.024012,0.020364,0.025691,-0.016548,0.999326
A,2.5333,R_IndexTip,0.000292,0.001013,0.022095,0.000000,0.000000,0.000000,1.000000
A,2.5333,R_LittleMetacarpal,0.022723,-0.009307,0.033665,0.018312,0.140343,-0.207036,0.968042
A,2.5333,R_LittleProximal,-0.000002,-0.000001,0.045103,-0.107869,0.027957,0.101423,0.988583
A,2.5333,R_LittleIntermediate,0.000000,0.000000,0.030352,0.233501,0.032152,-0.058195,0.970081
A,2.5333,R_LittleDistal,0.000000,0.000000,0.020068,0.050806,-0.049067,0.000902,0.997502
A,2.5333,R_LittleTip,-0.000244,0.001201,0.021660,0.000000,0.000000,0.000000,1.000000
A,2.5333,R_MiddleMetacarpal,-0.004480,-0.006526,0.032843,0.000000,0.000000,0.000000,1.000000
A,2.5333,R_MiddleProximal,0.002774,0.004014,0.061658,0.019328,0.075637,-0.006953,0.996924
A,2.5333,R_MiddleIntermediate,0.000000,0.000000,0.042413,0.144012,0.002692,-0.012051,0.989499
A,2.5333,R_MiddleDistal,0.000000,0.000000,0.027219,-0.001329,0.000611,-0.043495,0.999053
A,2.5333,R_MiddleTip,0.000305,0.001124,0.024666,0.000000,0.000000,0.000000,1.000000
A,2.5333,R_Palm,-0.003092,-0.004519,0.063671,0.000000,0.000000,0.000000,1.000000
A,2.5333,R_RingMetacarpal,0.014813,-0.005944,0.034359,0.000000,0.000000,0.000000,1.000000
A,2.5333,R_RingProximal,0.002443,-0.000507,0.053272,-0.034654,0.106710,-0.045171,0.992659
A,2.5333,R_RingIntermediate,0.000000,0.000000,0.038529,0.168161,-0.002698,-0.037261,0.985052
A,2.5333,R_RingDistal,0.000000,0.000000,0.026255,0.069814,-0.029558,-0.007917,0.997091
A,2.5333,R_RingTip,0.000255,0.001589,0.024035,0.000000,0.000000,0.000000,1.000000
A,2.5333,R_ThumbMetacarpal,-0.031682,-0.011772,0.032020,-0.106299,-0.470108,0.517716,0.706874
A,2.5333,R_ThumbProximal,0.000000,0.000000,0.032123,0.164426,0.055553,-0.082428,0.981368
A,2.5333,R_ThumbDistal,0.000000,0.000000,0.033388,-0.049519,-0.064324,0.083344,0.993209
A,2.5333,R_ThumbTip,0.000662,0.001015,0.024296,0.000000,0.000000,0.000000,1.000000
A,2.6000,R_Wrist,0.024318,1.455770,0.569494,-0.471660,-0.277809,-0.212497,0.809447
A,2.6000,R_IndexMetacarpal,-0.020495,-0.007332,0.034979,0.000000,0.000000,0.000000,1.000000
A,2.6000,R_IndexProximal,-0.002774,0.000103,0.059867,-0.023183,-0.001154,0.028368,0.999328
A,2.6000,R_IndexIntermediate,0.000000,0.000000,0.037473,0.148891,0.003273,-0.026319,0.988498
A,2.6000,R_IndexDistal,0.000000,0.000000,0.024013,0.020364,0.025691,-0.016548,0.999326
A,2.6000,R_IndexTip,0.000292,0.001013,0.022095,0.000000,0.000000,0.000000,1.000000
A,2.6000,R_LittleMetacarpal,0.022723,-0.009307,0.033665,0.018312,0.140343,-0.207036,0.968042
A,2.6000,R_LittleProximal,-0.000002,-0.000001,0.045104,-0.107869,0.027957,0.101423,0.988583
A,2.6000,R_LittleIntermediate,0.000000,0.000000,0.030352,0.233501,0.032152,-0.058195,0.970081
A,2.6000,R_LittleDistal,0.000000,0.000000,0.020068,0.050806,-0.049067,0.000902,0.997502
A,2.6000,R_LittleTip,-0.000244,0.001202,0.021660,0.000000,0.000000,0.000000,1.000000
A,2.6000,R_MiddleMetacarpal,-0.004480,-0.006526,0.032843,0.000000,0.000000,0.000000,1.000000
A,2.6000,R_MiddleProximal,0.002774,0.004014,0.061658,0.019328,0.075637,-0.006953,0.996924
A,2.6000,R_MiddleIntermediate,0.000000,0.000000,0.042413,0.144012,0.002692,-0.012051,0.989499
A,2.6000,R_MiddleDistal,0.000000,0.000000,0.027219,-0.001329,0.000611,-0.043495,0.999053
A,2.6000,R_MiddleTip,0.000305,0.001124,0.024666,0.000000,0.000000,0.000000,1.000000
A,2.6000,R_Palm,-0.003092,-0.004519,0.063672,0.000000,0.000000,0.000000,1.000000
A,2.6000,R_RingMetacarpal,0.014813,-0.005944,0.034359,0.000000,0.000000,0.000000,1.000000
A,2.6000,R_RingProximal,0.002443,-0.000507,0.053272,-0.034654,0.106710,-0.045171,0.992659
A,2.6000,R_RingIntermediate,0.000000,0.000000,0.038529,0.168161,-0.002698,-0.037261,0.985051
A,2.6000,R_RingDistal,0.000000,0.000000,0.026255,0.069815,-0.029557,-0.007917,0.997091
A,2.6000,R_RingTip,0.000255,0.001589,0.024035,0.000000,0.000000,0.000000,1.000000
A,2.6000,R_ThumbMetacarpal,-0.031682,-0.011773,0.032020,-0.106299,-0.470108,0.517716,0.706874
A,2.6000,R_ThumbProximal,0.000000,0.000000,0.032123,0.164426,0.055554,-0.082428,0.981368
A,2.6000,R_ThumbDistal,0.000000,0.000000,0.033388,-0.049519,-0.064324,0.083344,0.993209
A,2.6000,R_ThumbTip,0.000662,0.001015,0.024296,0.000000,0.000000,0.000000,1.000000
A,2.6667,R_Wrist,0.024318,1.455771,0.569495,-0.471660,-0.277809,-0.212497,0.809447
A,2.6667,R_IndexMetacarpal,-0.020495,-0.007332,0.034979,0.000000,0.000000,0.000000,1.000000
A,2.6667,R_IndexProximal,-0.002774,0.000103,0.059867,-0.023183,-0.001154,0.028369,0.999328
A,2.6667,R_IndexIntermediate,0.000000,0.000000,0.037473,0.148891,0.003273,-0.026319,0.988498
A,2.6667,R_IndexDistal,0.000000,0.000000,0.024013,0.020364,0.025691,-0.016548,0.999326
A,2.6667,R_IndexTip,0.000292,0.001013,0.022095,0.000000,0.000000,0.000000,1.000000
A,2.6667,R_LittleMetacarpal,0.022723,-0.009307,0.033665,0.018312,0.140343,-0.207036,0.968042
A,2.6667,R_LittleProximal,-0.000002,-0.000001,0.045103,-0.107869,0.027957,0.101423,0.988583
A,2.6667,R_LittleIntermediate,0.000000,0.000000,0.030352,0.233501,0.032152,-0.058195,0.970081
A,2.6667,R_LittleDistal,0.000000,0.000000,0.020068,0.050806,-0.049067,0.000902,0.997502
A,2.6667,R_LittleTip,-0.000244,0.001202,0.021660,0.000000,0.000000,0.000000,1.000000
A,2.6667,R_MiddleMetacarpal,-0.004480,-0.006526,0.032843,0.000000,0.000000,0.000000,1.000000
A,2.6667,R_MiddleProximal,0.002774,0.004014,0.061658,0.019328,0.075637,-0.006953,0.996924
A,2.6667,R_MiddleIntermediate,0.000000,0.000000,0.042413,0.144012,0.002692,-0.012051,0.989499
A,2.6667,R_MiddleDistal,0.000000,0.000000,0.027219,-0.001329,0.000611,-0.043495,0.999053
A,2.6667,R_MiddleTip,0.000305,0.001124,0.024666,0.000000,0.000000,0.000000,1.000000
A,2.6667,R_Palm,-0.003092,-0.004520,0.063672,0.000000,0.000000,0.000000,1.000000
A,2.6667,R_RingMetacarpal,0.014813,-0.005944,0.034359,0.000000,0.000000,0.000000,1.000000
A,2.6667,R_RingProximal,0.002443,-0.000507,0.053272,-0.034654,0.106710,-0.045171,0.992659
A,2.6667,R_RingIntermediate,0.000000,0.000000,0.038529,0.168161,-0.002698,-0.037261,0.985052
A,2.6667,R_RingDistal,0.000000,0.000000,0.026255,0.069814,-0.029558,-0.007917,0.997091
A,2.6667,R_RingTip,0.000255,0.001589,0.024035,0.000000,0.000000,0.000000,1.000000
A,2.6667,R_ThumbMetacarpal,-0.031682,-0.011773,0.032020,-0.106299,-0.470108,0.517716,0.706874
A,2.6667,R_ThumbProximal,0.000000,0.000000,0.032123,0.164426,0.055553,-0.082428,0.981368
A,2.6667,R_ThumbDistal,0.000000,0.000000,0.033388,-0.049519,-0.064324,0.083344,0.993209
A,2.6667,R_ThumbTip,0.000662,0.001015,0.024296,0.000000,0.000000,0.000000,1.000000
A,2.7333,R_Wrist,0.024318,1.455771,0.569495,-0.471660,-0.277809,-0.212497,0.809447
A,2.7333,R_IndexMetacarpal,-0.020495,-0.007332,0.034979,0.000000,0.000000,0.000000,1.000000
A,2.7333,R_IndexProximal,-0.002774,0.000103,0.059867,-0.023183,-0.001154,0.028368,0.999328
A,2.7333,R_IndexIntermediate,0.000000,0.000000,0.037473,0.148891,0.003273,-0.026319,0.988498
A,2.7333,R_IndexDistal,0.000000,0.000000,0.024013,0.020364,0.025691,-0.016548,0.999326
A,2.7333,R_IndexTip,0.000292,0.001013,0.022095,0.000000,0.000000,0.000000,1.000000
A,2.7333,R_LittleMetacarpal,0.022723,-0.009307,0.033665,0.018312,0.140343,-0.207036,0.968042
A,2.7333,R_LittleProximal,-0.000002,-0.000001,0.045104,-0.107869,0.027957,0.101423,0.988583
A,2.7333,R_LittleIntermediate,0.000000,0.000000,0.030352,0.233501,0.032152,-0.058195,0.970081
A,2.7333,R_LittleDistal,0.000000,0.000000,0.020068,0.050806,-0.049067,0.000902,0.997502
A,2.7333,R_LittleTip,-0.000244,0.001202,0.021660,0.000000,0.000000,0.000000,1.000000
A,2.7333,R_MiddleMetacarpal,-0.004480,-0.006526,0.032843,0.000000,0.000000,0.000000,1.000000
A,2.7333,R_MiddleProximal,0.002774,0.004014,0.061658,0.019328,0.075637,-0.006953,0.996924
A,2.7333,R_MiddleIntermediate,0.000000,0.000000,0.042413,0.144012,0.002692,-0.012051,0.989499
A,2.7333,R_MiddleDistal,0.000000,0.000000,0.027220,-0.001329,0.000611,-0.043495,0.999053
A,2.7333,R_MiddleTip,0.000305,0.001124,0.024666,0.000000,0.000000,0.000000,1.000000
A,2.7333,R_Palm,-0.003092,-0.004520,0.063672,0.000000,0.000000,0.000000,1.000000
A,2.7333,R_RingMetacarpal,0.014813,-0.005944,0.034359,0.000000,0.000000,0.000000,1.000000
A,2.7333,R_RingProximal,0.002443,-0.000507,0.053272,-0.034654,0.106710,-0.045171,0.992659
A,2.7333,R_RingIntermediate,0.000000,0.000000,0.038529,0.168161,-0.002698,-0.037261,0.985052
A,2.7333,R_RingDistal,0.000000,0.000000,0.026255,0.069814,-0.029558,-0.007917,0.997091
A,2.7333,R_RingTip,0.000255,0.001589,0.024035,0.000000,0.000000,0.000000,1.000000
A,2.7333,R_ThumbMetacarpal,-0.031682,-0.011773,0.032020,-0.106299,-0.470108,0.517716,0.706874
A,2.7333,R_ThumbProximal,0.000000,0.000000,0.032123,0.164426,0.055553,-0.082428,0.981368
A,2.7333,R_ThumbDistal,0.000000,0.000000,0.033388,-0.049519,-0.064324,0.083344,0.993209
A,2.7333,R_ThumbTip,0.000662,0.001015,0.024296,0.000000,0.000000,0.000000,1.000000
A,2.8000,R_Wrist,0.024318,1.455771,0.569496,-0.471660,-0.277809,-0.212497,0.809447
A,2.8000,R_IndexMetacarpal,-0.020495,-0.007332,0.034979,0.000000,0.000000,0.000000,1.000000
A,2.8000,R_IndexProximal,-0.002774,0.000103,0.059867,-0.023183,-0.001154,0.028368,0.999328
A,2.8000,R_IndexIntermediate,0.000000,0.000000,0.037473,0.148891,0.003273,-0.026319,0.988498
A,2.8000,R_IndexDistal,0.000000,0.000000,0.024013,0.020364,0.025691,-0.016548,0.999326
A,2.8000,R_IndexTip,0.000292,0.001013,0.022095,0.000000,0.000000,0.000000,1.000000
A,2.8000,R_LittleMetacarpal,0.022723,-0.009307,0.033665,0.018312,0.140343,-0.207036,0.968042
A,2.8000,R_LittleProximal,-0.000002,-0.000001,0.045104,-0.107869,0.027957,0.101423,0.988583
A,2.8000,R_LittleIntermediate,0.000000,0.000000,0.030352,0.233501,0.032152,-0.058195,0.970081
A,2.8000,R_LittleDistal,0.000000,0.000000,0.020068,0.050806,-0.049067,0.000902,0.997502
A,2.8000,R_LittleTip,-0.000244,0.001202,0.021660,0.000000,0.000000,0.000000,1.000000
A,2.8000,R_MiddleMetacarpal,-0.004480,-0.006526,0.032843,0.000000,0.000000,0.000000,1.000000
A,2.8000,R_MiddleProximal,0.002774,0.004014,0.061658,0.019328,0.075637,-0.006953,0.996924
A,2.8000,R_MiddleIntermediate,0.000000,0.000000,0.042413,0.144011,0.002692,-0.012051,0.989499
A,2.8000,R_MiddleDistal,0.000000,0.000000,0.027220,-0.001329,0.000611,-0.043495,0.999053
A,2.8000,R_MiddleTip,0.000305,0.001124,0.024666,0.000000,0.000000,0.000000,1.000000
A,2.8000,R_Palm,-0.003092,-0.004519,0.063672,0.000000,0.000000,0.000000,1.000000
A,2.8000,R_RingMetacarpal,0.014813,-0.005944,0.034359,0.000000,0.000000,0.000000,1.000000
A,2.8000,R_RingProximal,0.002443,-0.000507,0.053272,-0.034654,0.106710,-0.045171,0.992659
A,2.8000,R_RingIntermediate,0.000000,0.000000,0.038529,0.168161,-0.002698,-0.037261,0.985052
A,2.8000,R_RingDistal,0.000000,0.000000,0.026255,0.069814,-0.029558,-0.007917,0.997091
A,2.8000,R_RingTip,0.000255,0.001589,0.024035,0.000000,0.000000,0.000000,1.000000
A,2.8000,R_ThumbMetacarpal,-0.031682,-0.011773,0.032020,-0.106299,-0.470108,0.517716,0.706874
A,2.8000,R_ThumbProximal,0.000000,0.000000,0.032123,0.164426,0.055554,-0.082428,0.981368
A,2.8000,R_ThumbDistal,0.000000,0.000000,0.033388,-0.049519,-0.064324,0.083344,0.993209
A,2.8000,R_ThumbTip,0.000662,0.001015,0.024296,0.000000,0.000000,0.000000,1.000000
A,2.8667,R_Wrist,0.024318,1.455772,0.569497,-0.471660,-0.277809,-0.212497,0.809447
A,2.8667,R_IndexMetacarpal,-0.020495,-0.007332,0.034979,0.000000,0.000000,0.000000,1.000000
A,2.8667,R_IndexProximal,-0.002774,0.000103,0.059867,-0.023183,-0.001154,0.028369,0.999328
A,2.8667,R_IndexIntermediate,0.000000,0.000000,0.037473,0.148891,0.003273,-0.026319,0.988498
A,2.8667,R_IndexDistal,0.000000,0.000000,0.024013,0.020364,0.025691,-0.016548,0.999326
A,2.8667,R_IndexTip,0.000292,0.001013,0.022096,0.000000,0.000000,0.000000,1.000000
A,2.8667,R_LittleMetacarpal,0.022723,-0.009307,0.033665,0.018312,0.140343,-0.207036,0.968042
A,2.8667,R_LittleProximal,-0.000002,-0.000001,0.045104,-0.107869,0.027957,0.101423,0.988583
A,2.8667,R_LittleIntermediate,0.000000,0.000000,0.030353,0.233501,0.032152,-0.058195,0.970081
A,2.8667,R_LittleDistal,0.000000,0.000000,0.020068,0.050806,-0.049067,0.000902,0.997502
A,2.8667,R_LittleTip,-0.000244,0.001201,0.021660,0.000000,0.000000,0.000000,1.000000
A,2.8667,R_MiddleMetacarpal,-0.004480,-0.006526,0.032843,0.000000,0.000000,0.000000,1.000000
A,2.8667,R_MiddleProximal,0.002774,0.004014,0.061658,0.019328,0.075637,-0.006953,0.996924
A,2.8667,R_MiddleIntermediate,0.000000,0.000000,0.042413,0.144012,0.002692,-0.012051,0.989499
A,2.8667,R_MiddleDistal,0.000000,0.000000,0.027220,-0.001329,0.000611,-0.043495,0.999053
A,2.8667,R_MiddleTip,0.000305,0.001124,0.024666,0.000000,0.000000,0.000000,1.000000
A,2.8667,R_Palm,-0.003092,-0.004520,0.063672,0.000000,0.000000,0.000000,1.000000
A,2.8667,R_RingMetacarpal,0.014813,-0.005944,0.034359,0.000000,0.000000,0.000000,1.000000
A,2.8667,R_RingProximal,0.002443,-0.000507,0.053272,-0.034654,0.106710,-0.045171,0.992659
A,2.8667,R_RingIntermediate,0.000000,0.000000,0.038529,0.168161,-0.002698,-0.037261,0.985052
A,2.8667,R_RingDistal,0.000000,0.000000,0.026255,0.069815,-0.029558,-0.007917,0.997091
A,2.8667,R_RingTip,0.000255,0.001589,0.024035,0.000000,0.000000,0.000000,1.000000
A,2.8667,R_ThumbMetacarpal,-0.031682,-0.011773,0.032020,-0.106299,-0.470108,0.517716,0.706874
A,2.8667,R_ThumbProximal,0.000000,0.000000,0.032124,0.164426,0.055554,-0.082428,0.981368
A,2.8667,R_ThumbDistal,0.000000,0.000000,0.033388,-0.049519,-0.064324,0.083344,0.993209
A,2.8667,R_ThumbTip,0.000662,0.001015,0.024296,0.000000,0.000000,0.000000,1.000000
A,2.9333,R_Wrist,0.024319,1.455772,0.569497,-0.471660,-0.277809,-0.212497,0.809447
A,2.9333,R_IndexMetacarpal,-0.020495,-0.007332,0.034979,0.000000,0.000000,0.000000,1.000000
A,2.9333,R_IndexProximal,-0.002774,0.000103,0.059867,-0.023183,-0.001154,0.028369,0.999328
A,2.9333,R_IndexIntermediate,0.000000,0.000000,0.037473,0.148891,0.003273,-0.026319,0.988498
A,2.9333,R_IndexDistal,0.000000,0.000000,0.024013,0.020364,0.025691,-0.016548,0.999326
A,2.9333,R_IndexTip,0.000292,0.001013,0.022096,0.000000,0.000000,0.000000,1.000000
A,2.9333,R_LittleMetacarpal,0.022723,-0.009307,0.033665,0.018312,0.140343,-0.207036,0.968042
A,2.9333,R_LittleProximal,-0.000002,-0.000001,0.045104,-0.107869,0.027957,0.101423,0.988583
A,2.9333,R_LittleIntermediate,0.000000,0.000000,0.030353,0.233501,0.032152,-0.058195,0.970081
A,2.9333,R_LittleDistal,0.000000,0.000000,0.020068,0.050806,-0.049067,0.000902,0.997502
A,2.9333,R_LittleTip,-0.000243,0.001201,0.021660,0.000000,0.000000,0.000000,1.000000
A,2.9333,R_MiddleMetacarpal,-0.004480,-0.006526,0.032843,0.000000,0.000000,0.000000,1.000000
A,2.9333,R_MiddleProximal,0.002774,0.004014,0.061658,0.019328,0.075637,-0.006953,0.996924
A,2.9333,R_MiddleIntermediate,0.000000,0.000000,0.042413,0.144012,0.002692,-0.012051,0.989499
A,2.9333,R_MiddleDistal,0.000000,0.000000,0.027220,-0.001329,0.000611,-0.043495,0.999053
A,2.9333,R_MiddleTip,0.000305,0.001124,0.024666,0.000000,0.000000,0.000000,1.000000
A,2.9333,R_Palm,-0.003092,-0.004519,0.063672,0.000000,0.000000,0.000000,1.000000
A,2.9333,R_RingMetacarpal,0.014813,-0.005944,0.034359,0.000000,0.000000,0.000000,1.000000
A,2.9333,R_RingProximal,0.002443,-0.000507,0.053273,-0.034654,0.106710,-0.045171,0.992659
A,2.9333,R_RingIntermediate,0.000000,0.000000,0.038529,0.168161,-0.002698,-0.037261,0.985052
A,2.9333,R_RingDistal,0.000000,0.000000,0.026255,0.069814,-0.029558,-0.007917,0.997091
A,2.9333,R_RingTip,0.000255,0.001589,0.024035,0.000000,0.000000,0.000000,1.000000
A,2.9333,R_ThumbMetacarpal,-0.031682,-0.011773,0.032020,-0.106299,-0.470108,0.517716,0.706874
A,2.9333,R_ThumbProximal,0.000000,0.000000,0.032124,0.164426,0.055554,-0.082428,0.981368
A,2.9333,R_ThumbDistal,0.000000,0.000000,0.033388,-0.049519,-0.064324,0.083344,0.993209
A,2.9333,R_ThumbTip,0.000662,0.001015,0.024296,0.000000,0.000000,0.000000,1.000000
A,3.0000,R_Wrist,0.024319,1.455772,0.569498,-0.471660,-0.277809,-0.212497,0.809447
A,3.0000,R_IndexMetacarpal,-0.020495,-0.007332,0.034980,0.000000,0.000000,0.000000,1.000000
A,3.0000,R_IndexProximal,-0.002774,0.000103,0.059867,-0.023183,-0.001154,0.028368,0.999328
A,3.0000,R_IndexIntermediate,0.000000,0.000000,0.037473,0.148891,0.003273,-0.026319,0.988498
A,3.0000,R_IndexDistal,0.000000,0.000000,0.024013,0.020364,0.025691,-0.016548,0.999326
A,3.0000,R_IndexTip,0.000292,0.001013,0.022096,0.000000,0.000000,0.000000,1.000000
A,3.0000,R_LittleMetacarpal,0.022723,-0.009307,0.033666,0.018312,0.140343,-0.207036,0.968042
A,3.0000,R_LittleProximal,-0.000002,-0.000001,0.045104,-0.107869,0.027957,0.101423,0.988583
A,3.0000,R_LittleIntermediate,0.000000,0.000000,0.030353,0.233501,0.032152,-0.058195,0.970081
A,3.0000,R_LittleDistal,0.000000,0.000000,0.020068,0.050806,-0.049067,0.000902,0.997502
A,3.0000,R_LittleTip,-0.000244,0.001201,0.021660,0.000000,0.000000,0.000000,1.000000
A,3.0000,R_MiddleMetacarpal,-0.004480,-0.006526,0.032843,0.000000,0.000000,0.000000,1.000000
A,3.0000,R_MiddleProximal,0.002774,0.004014,0.061658,0.019328,0.075637,-0.006953,0.996924
A,3.0000,R_MiddleIntermediate,0.000000,0.000000,0.042413,0.144012,0.002692,-0.012051,0.989499
A,3.0000,R_MiddleDistal,0.000000,0.000000,0.027220,-0.001329,0.000611,-0.043495,0.999053
A,3.0000,R_MiddleTip,0.000305,0.001124,0.024666,0.000000,0.000000,0.000000,1.000000
A,3.0000,R_Palm,-0.003092,-0.004520,0.063672,0.000000,0.000000,0.000000,1.000000
A,3.0000,R_RingMetacarpal,0.014813,-0.005944,0.034359,0.000000,0.000000,0.000000,1.000000
A,3.0000,R_RingProximal,0.002443,-0.000507,0.053273,-0.034654,0.106710,-0.045171,0.992659
A,3.0000,R_RingIntermediate,0.000000,0.000000,0.038529,0.168161,-0.002698,-0.037261,0.985051
A,3.0000,R_RingDistal,0.000000,0.000000,0.026255,0.069814,-0.029558,-0.007917,0.997091
A,3.0000,R_RingTip,0.000255,0.001589,0.024035,0.000000,0.000000,0.000000,1.000000
A,3.0000,R_ThumbMetacarpal,-0.031682,-0.011773,0.032020,-0.106299,-0.470108,0.517716,0.706874
A,3.0000,R_ThumbProximal,0.000000,0.000000,0.032124,0.164426,0.055554,-0.082428,0.981368
A,3.0000,R_ThumbDistal,0.000000,0.000000,0.033388,-0.049519,-0.064324,0.083344,0.993209
A,3.0000,R_ThumbTip,0.000662,0.001015,0.024296,0.000000,0.000000,0.000000,1.000000
A,3.0667,R_Wrist,0.024319,1.455773,0.569499,-0.471660,-0.277809,-0.212497,0.809447
A,3.0667,R_IndexMetacarpal,-0.020495,-0.007332,0.034980,0.000000,0.000000,0.000000,1.000000
A,3.0667,R_IndexProximal,-0.002774,0.000103,0.059867,-0.023183,-0.001154,0.028369,0.999328
A,3.0667,R_IndexIntermediate,0.000000,0.000000,0.037473,0.148891,0.003273,-0.026319,0.988498
A,3.0667,R_IndexDistal,0.000000,0.000000,0.024013,0.020364,0.025691,-0.016548,0.999326
A,3.0667,R_IndexTip,0.000292,0.001013,0.022095,0.000000,0.000000,0.000000,1.000000
A,3.0667,R_LittleMetacarpal,0.022723,-0.009307,0.033666,0.018312,0.140343,-0.207036,0.968042
A,3.0667,R_LittleProximal,-0.000002,-0.000001,0.045104,-0.107869,0.027957,0.101423,0.988583
A,3.0667,R_LittleIntermediate,0.000000,0.000000,0.030353,0.233501,0.032152,-0.058195,0.970081
A,3.0667,R_LittleDistal,0.000000,0.000000,0.020068,0.050806,-0.049067,0.000902,0.997502
A,3.0667,R_LittleTip,-0.000244,0.001202,0.021660,0.000000,0.000000,0.000000,1.000000
A,3.0667,R_MiddleMetacarpal,-0.004480,-0.006526,0.032843,0.000000,0.000000,0.000000,1.000000
A,3.0667,R_MiddleProximal,0.002774,0.004014,0.061658,0.019328,0.075637,-0.006953,0.996924
A,3.0667,R_MiddleIntermediate,0.000000,0.000000,0.042413,0.144011,0.002692,-0.012051,0.989499
A,3.0667,R_MiddleDistal,0.000000,0.000000,0.027220,-0.001329,0.000611,-0.043495,0.999053
A,3.0667,R_MiddleTip,0.000305,0.001124,0.024666,0.000000,0.000000,0.000000,1.000000
A,3.0667,R_Palm,-0.003092,-0.004520,0.063672,0.000000,0.000000,0.000000,1.000000
A,3.0667,R_RingMetacarpal,0.014813,-0.005944,0.034359,0.000000,0.000000,0.000000,1.000000
A,3.0667,R_RingProximal,0.002443,-0.000507,0.053273,-0.034654,0.106710,-0.045171,0.992659
A,3.0667,R_RingIntermediate,0.000000,0.000000,0.038529,0.168161,-0.002698,-0.037261,0.985052
A,3.0667,R_RingDistal,0.000000,0.000000,0.026255,0.069814,-0.029558,-0.007917,0.997091
A,3.0667,R_RingTip,0.000255,0.001589,0.024035,0.000000,0.000000,0.000000,1.000000
A,3.0667,R_ThumbMetacarpal,-0.031683,-0.011773,0.032020,-0.106299,-0.470108,0.517716,0.706874
A,3.0667,R_ThumbProximal,0.000000,0.000000,0.032124,0.164426,0.055554,-0.082428,0.981368
A,3.0667,R_ThumbDistal,0.000000,0.000000,0.033388,-0.049519,-0.064324,0.083344,0.993209
A,3.0667,R_ThumbTip,0.000662,0.001015,0.024296,0.000000,0.000000,0.000000,1.000000
A,3.1333,R_Wrist,0.024319,1.455773,0.569499,-0.471660,-0.277809,-0.212497,0.809447
A,3.1333,R_IndexMetacarpal,-0.020495,-0.007332,0.034980,0.000000,0.000000,0.000000,1.000000
A,3.1333,R_IndexProximal,-0.002774,0.000103,0.059867,-0.023183,-0.001154,0.028369,0.999328
A,3.1333,R_IndexIntermediate,0.000000,0.000000,0.037473,0.148891,0.003273,-0.026319,0.988498
A,3.1333,R_IndexDistal,0.000000,0.000000,0.024013,0.020364,0.025691,-0.016548,0.999326
A,3.1333,R_IndexTip,0.000292,0.001013,0.022096,0.000000,0.000000,0.000000,1.000000
A,3.1333,R_LittleMetacarpal,0.022723,-0.009307,0.033666,0.018312,0.140343,-0.207036,0.968042
A,3.1333,R_LittleProximal,-0.000002,-0.000001,0.045104,-0.107869,0.027957,0.101423,0.988583
A,3.1333,R_LittleIntermediate,0.000000,0.000000,0.030353,0.233501,0.032152,-0.058195,0.970081
A,3.1333,R_LittleDistal,0.000000,0.000000,0.020068,0.050806,-0.049067,0.000902,0.997502
A,3.1333,R_LittleTip,-0.000244,0.001202,0.021660,0.000000,0.000000,0.000000,1.000000
A,3.1333,R_MiddleMetacarpal,-0.004480,-0.006526,0.032843,0.000000,0.000000,0.000000,1.000000
A,3.1333,R_MiddleProximal,0.002774,0.004014,0.061658,0.019328,0.075637,-0.006953,0.996924
A,3.1333,R_MiddleIntermediate,0.000000,0.000000,0.042413,0.144012,0.002692,-0.012051,0.989499
A,3.1333,R_MiddleDistal,0.000000,0.000000,0.027220,-0.001329,0.000611,-0.043495,0.999053
A,3.1333,R_MiddleTip,0.000305,0.001124,0.024666,0.000000,0.000000,0.000000,1.000000
A,3.1333,R_Palm,-0.003092,-0.004519,0.063672,0.000000,0.000000,0.000000,1.000000
A,3.1333,R_RingMetacarpal,0.014813,-0.005944,0.034359,0.000000,0.000000,0.000000,1.000000
A,3.1333,R_RingProximal,0.002443,-0.000507,0.053273,-0.034654,0.106710,-0.045171,0.992659
A,3.1333,R_RingIntermediate,0.000000,0.000000,0.038529,0.168161,-0.002698,-0.037261,0.985052
A,3.1333,R_RingDistal,0.000000,0.000000,0.026255,0.069814,-0.029558,-0.007917,0.997091
A,3.1333,R_RingTip,0.000255,0.001589,0.024035,0.000000,0.000000,0.000000,1.000000
A,3.1333,R_ThumbMetacarpal,-0.031683,-0.011773,0.032020,-0.106299,-0.470108,0.517715,0.706874
A,3.1333,R_ThumbProximal,0.000000,0.000000,0.032124,0.164426,0.055554,-0.082428,0.981368
A,3.1333,R_ThumbDistal,0.000000,0.000000,0.033388,-0.049519,-0.064324,0.083344,0.993209
A,3.1333,R_ThumbTip,0.000662,0.001015,0.024296,0.000000,0.000000,0.000000,1.000000
A,3.2000,R_Wrist,0.024319,1.455773,0.569500,-0.471660,-0.277809,-0.212497,0.809447
A,3.2000,R_IndexMetacarpal,-0.020495,-0.007332,0.034980,0.000000,0.000000,0.000000,1.000000
A,3.2000,R_IndexProximal,-0.002774,0.000103,0.059867,-0.023183,-0.001154,0.028369,0.999328
A,3.2000,R_IndexIntermediate,0.000000,0.000000,0.037473,0.148891,0.003273,-0.026319,0.988498
A,3.2000,R_IndexDistal,0.000000,0.000000,0.024013,0.020364,0.025691,-0.016548,0.999326
A,3.2000,R_IndexTip,0.000292,0.001013,0.022096,0.000000,0.000000,0.000000,1.000000
A,3.2000,R_LittleMetacarpal,0.022723,-0.009307,0.033666,0.018312,0.140343,-0.207036,0.968042
A,3.2000,R_LittleProximal,-0.000002,-0.000001,0.045104,-0.107869,0.027957,0.101423,0.988583
A,3.2000,R_LittleIntermediate,0.000000,0.000000,0.030353,0.233501,0.032152,-0.058195,0.970081
A,3.2000,R_LittleDistal,0.000000,0.000000,0.020068,0.050806,-0.049067,0.000902,0.997502
A,3.2000,R_LittleTip,-0.000244,0.001202,0.021660,0.000000,0.000000,0.000000,1.000000
A,3.2000,R_MiddleMetacarpal,-0.004480,-0.006526,0.032843,0.000000,0.000000,0.000000,1.000000
A,3.2000,R_MiddleProximal,0.002774,0.004014,0.061658,0.019328,0.075637,-0.006953,0.996924
A,3.2000,R_MiddleIntermediate,0.000000,0.000000,0.042413,0.144012,0.002692,-0.012051,0.989499
A,3.2000,R_MiddleDistal,0.000000,0.000000,0.027220,-0.001329,0.000611,-0.043495,0.999053
A,3.2000,R_MiddleTip,0.000305,0.001124,0.024666,0.000000,0.000000,0.000000,1.000000
A,3.2000,R_Palm,-0.003092,-0.004520,0.063672,0.000000,0.000000,0.000000,1.000000
A,3.2000,R_RingMetacarpal,0.014813,-0.005944,0.034359,0.000000,0.000000,0.000000,1.000000
A,3.2000,R_RingProximal,0.002443,-0.000507,0.053273,-0.034654,0.106710,-0.045171,0.992659
A,3.2000,R_RingIntermediate,0.000000,0.000000,0.038529,0.168161,-0.002698,-0.037261,0.985052
A,3.2000,R_RingDistal,0.000000,0.000000,0.026255,0.069814,-0.029558,-0.007917,0.997091
A,3.2000,R_RingTip,0.000255,0.001589,0.024035,0.000000,0.000000,0.000000,1.000000
A,3.2000,R_ThumbMetacarpal,-0.031683,-0.011773,0.032021,-0.106299,-0.470108,0.517716,0.706874
A,3.2000,R_ThumbProximal,0.000000,0.000000,0.032124,0.164426,0.055553,-0.082428,0.981368
A,3.2000,R_ThumbDistal,0.000000,0.000000,0.033388,-0.049519,-0.064324,0.083344,0.993209
A,3.2000,R_ThumbTip,0.000662,0.001015,0.024296,0.000000,0.000000,0.000000,1.000000
A,3.2667,R_Wrist,0.024319,1.455774,0.569501,-0.471660,-0.277809,-0.212497,0.809447
A,3.2667,R_IndexMetacarpal,-0.020495,-0.007332,0.034980,0.000000,0.000000,0.000000,1.000000
A,3.2667,R_IndexProximal,-0.002774,0.000103,0.059867,-0.023183,-0.001154,0.028368,0.999328
A,3.2667,R_IndexIntermediate,0.000000,0.000000,0.037473,0.148891,0.003273,-0.026319,0.988498
A,3.2667,R_IndexDistal,0.000000,0.000000,0.024013,0.020364,0.025691,-0.016548,0.999326
A,3.2667,R_IndexTip,0.000292,0.001013,0.022096,0.000000,0.000000,0.000000,1.000000
A,3.2667,R_LittleMetacarpal,0.022723,-0.009307,0.033666,0.018312,0.140343,-0.207036,0.968042
A,3.2667,R_LittleProximal,-0.000002,-0.000001,0.045104,-0.107869,0.027957,0.101423,0.988583
A,3.2667,R_LittleIntermediate,0.000000,0.000000,0.030353,0.233501,0.032152,-0.058195,0.970081
A,3.2667,R_LittleDistal,0.000000,0.000000,0.020068,0.050806,-0.049067,0.000902,0.997502
A,3.2667,R_LittleTip,-0.000244,0.001202,0.021660,0.000000,0.000000,0.000000,1.000000
A,3.2667,R_MiddleMetacarpal,-0.004480,-0.006526,0.032843,0.000000,0.000000,0.000000,1.000000
A,3.2667,R_MiddleProximal,0.002774,0.004014,0.061659,0.019328,0.075637,-0.006953,0.996924
A,3.2667,R_MiddleIntermediate,0.000000,0.000000,0.042413,0.144012,0.002692,-0.012051,0.989499
A,3.2667,R_MiddleDistal,0.000000,0.000000,0.027220,-0.001329,0.000611,-0.043495,0.999053
A,3.2667,R_MiddleTip,0.000305,0.001124,0.024666,0.000000,0.000000,0.000000,1.000000
A,3.2667,R_Palm,-0.003092,-0.004520,0.063672,0.000000,0.000000,0.000000,1.000000
A,3.2667,R_RingMetacarpal,0.014813,-0.005944,0.034359,0.000000,0.000000,0.000000,1.000000
A,3.2667,R_RingProximal,0.002443,-0.000507,0.053273,-0.034654,0.106710,-0.045171,0.992659
A,3.2667,R_RingIntermediate,0.000000,0.000000,0.038529,0.168161,-0.002698,-0.037261,0.985052
A,3.2667,R_RingDistal,0.000000,0.000000,0.026255,0.069814,-0.029558,-0.007917,0.997091
A,3.2667,R_RingTip,0.000255,0.001589,0.024035,0.000000,0.000000,0.000000,1.000000
A,3.2667,R_ThumbMetacarpal,-0.031683,-0.011773,0.032021,-0.106299,-0.470108,0.517715,0.706874
A,3.2667,R_ThumbProximal,0.000000,0.000000,0.032124,0.164426,0.055554,-0.082428,0.981368
A,3.2667,R_ThumbDistal,0.000000,0.000000,0.033389,-0.049519,-0.064324,0.083344,0.993209
A,3.2667,R_ThumbTip,0.000662,0.001015,0.024297,0.000000,0.000000,0.000000,1.000000
A,3.3333,R_Wrist,0.024319,1.455774,0.569502,-0.471660,-0.277809,-0.212497,0.809447
A,3.3333,R_IndexMetacarpal,-0.020495,-0.007332,0.034980,0.000000,0.000000,0.000000,1.000000
A,3.3333,R_IndexProximal,-0.002774,0.000103,0.059867,-0.023183,-0.001154,0.028369,0.999328
A,3.3333,R_IndexIntermediate,0.000000,0.000000,0.037473,0.148891,0.003273,-0.026319,0.988498
A,3.3333,R_IndexDistal,0.000000,0.000000,0.024013,0.020364,0.025691,-0.016548,0.999326
A,3.3333,R_IndexTip,0.000292,0.001013,0.022096,0.000000,0.000000,0.000000,1.000000
A,3.3333,R_LittleMetacarpal,0.022723,-0.009307,0.033666,0.018312,0.140343,-0.207036,0.968042
A,3.3333,R_LittleProximal,-0.000002,-0.000001,0.045104,-0.107869,0.027957,0.101423,0.988583
A,3.3333,R_LittleIntermediate,0.000000,0.000000,0.030353,0.233501,0.032152,-0.058195,0.970081
A,3.3333,R_LittleDistal,0.000000,0.000000,0.020068,0.050806,-0.049067,0.000902,0.997502
A,3.3333,R_LittleTip,-0.000244,0.001201,0.021660,0.000000,0.000000,0.000000,1.000000
A,3.3333,R_MiddleMetacarpal,-0.004480,-0.006526,0.032843,0.000000,0.000000,0.000000,1.000000
A,3.3333,R_MiddleProximal,0.002774,0.004014,0.061659,0.019328,0.075637,-0.006953,0.996924
A,3.3333,R_MiddleIntermediate,0.000000,0.000000,0.042413,0.144012,0.002692,-0.012051,0.989499
A,3.3333,R_MiddleDistal,0.000000,0.000000,0.027220,-0.001329,0.000611,-0.043495,0.999053
A,3.3333,R_MiddleTip,0.000305,0.001124,0.024666,0.000000,0.000000,0.000000,1.000000
A,3.3333,R_Palm,-0.003092,-0.004520,0.063673,0.000000,0.000000,0.000000,1.000000
A,3.3333,R_RingMetacarpal,0.014813,-0.005944,0.034359,0.000000,0.000000,0.000000,1.000000
A,3.3333,R_RingProximal,0.002443,-0.000507,0.053273,-0.034654,0.106710,-0.045171,0.992659
A,3.3333,R_RingIntermediate,0.000000,0.000000,0.038530,0.168161,-0.002698,-0.037261,0.985052
A,3.3333,R_RingDistal,0.000000,0.000000,0.026255,0.069814,-0.029558,-0.007917,0.997091
A,3.3333,R_RingTip,0.000255,0.001589,0.024035,0.000000,0.000000,0.000000,1.000000
A,3.3333,R_ThumbMetacarpal,-0.031683,-0.011773,0.032021,-0.106299,-0.470108,0.517716,0.706874
A,3.3333,R_ThumbProximal,0.000000,0.000000,0.032124,0.164426,0.055553,-0.082428,0.981368
A,3.3333,R_ThumbDistal,0.000000,0.000000,0.033389,-0.049519,-0.064324,0.083344,0.993209
A,3.3333,R_ThumbTip,0.000662,0.001015,0.024297,0.000000,0.000000,0.000000,1.000000
A,3.4000,R_Wrist,0.024319,1.455774,0.569502,-0.471660,-0.277809,-0.212497,0.809447
A,3.4000,R_IndexMetacarpal,-0.020495,-0.007332,0.034980,0.000000,0.000000,0.000000,1.000000
A,3.4000,R_IndexProximal,-0.002774,0.000103,0.059868,-0.023183,-0.001154,0.028369,0.999328
A,3.4000,R_IndexIntermediate,0.000000,0.000000,0.037474,0.148891,0.003273,-0.026319,0.988498
A,3.4000,R_IndexDistal,0.000000,0.000000,0.024013,0.020364,0.025691,-0.016548,0.999326
A,3.4000,R_IndexTip,0.000292,0.001013,0.022096,0.000000,0.000000,0.000000,1.000000
A,3.4000,R_LittleMetacarpal,0.022723,-0.009307,0.033666,0.018312,0.140343,-0.207036,0.968042
A,3.4000,R_LittleProximal,-0.000002,-0.000001,0.045104,-0.107869,0.027957,0.101423,0.988583
A,3.4000,R_LittleIntermediate,0.000000,0.000000,0.030353,0.233501,0.032152,-0.058195,0.970081
A,3.4000,R_LittleDistal,0.000000,0.000000,0.020068,0.050806,-0.049067,0.000902,0.997502
A,3.4000,R_LittleTip,-0.000243,0.001201,0.021660,0.000000,0.000000,0.000000,1.000000
A,3.4000,R_MiddleMetacarpal,-0.004480,-0.006526,0.032843,0.000000,0.000000,0.000000,1.000000
A,3.4000,R_MiddleProximal,0.002774,0.004014,0.061659,0.019328,0.075637,-0.006953,0.996924
A,3.4000,R_MiddleIntermediate,0.000000,0.000000,0.042413,0.144012,0.002692,-0.012051,0.989499
A,3.4000,R_MiddleDistal,0.000000,0.000000,0.027220,-0.001329,0.000611,-0.043495,0.999053
A,3.4000,R_MiddleTip,0.000305,0.001124,0.024666,0.000000,0.000000,0.000000,1.000000
A,3.4000,R_Palm,-0.003092,-0.004520,0.063673,0.000000,0.000000,0.000000,1.000000
A,3.4000,R_RingMetacarpal,0.014813,-0.005944,0.034359,0.000000,0.000000,0.000000,1.000000
A,3.4000,R_RingProximal,0.002443,-0.000507,0.053273,-0.034654,0.106710,-0.045171,0.992659
A,3.4000,R_RingIntermediate,0.000000,0.000000,0.038530,0.168161,-0.002698,-0.037261,0.985052
A,3.4000,R_RingDistal,0.000000,0.000000,0.026255,0.069814,-0.029558,-0.007917,0.997091
A,3.4000,R_RingTip,0.000255,0.001589,0.024035,0.000000,0.000000,0.000000,1.000000
A,3.4000,R_ThumbMetacarpal,-0.031683,-0.011773,0.032021,-0.106299,-0.470108,0.517716,0.706874
A,3.4000,R_ThumbProximal,0.000000,0.000000,0.032124,0.164426,0.055554,-0.082428,0.981368
A,3.4000,R_ThumbDistal,0.000000,0.000000,0.033389,-0.049519,-0.064324,0.083344,0.993209
A,3.4000,R_ThumbTip,0.000662,0.001015,0.024297,0.000000,0.000000,0.000000,1.000000
A,3.4667,R_Wrist,0.024320,1.455775,0.569503,-0.471660,-0.277809,-0.212497,0.809447
A,3.4667,R_IndexMetacarpal,-0.020495,-0.007332,0.034980,0.000000,0.000000,0.000000,1.000000
A,3.4667,R_IndexProximal,-0.002774,0.000103,0.059868,-0.023183,-0.001154,0.028369,0.999328
A,3.4667,R_IndexIntermediate,0.000000,0.000000,0.037474,0.148891,0.003273,-0.026319,0.988498
A,3.4667,R_IndexDistal,0.000000,0.000000,0.024013,0.020364,0.025691,-0.016548,0.999326
A,3.4667,R_IndexTip,0.000292,0.001013,0.022096,0.000000,0.000000,0.000000,1.000000
A,3.4667,R_LittleMetacarpal,0.022723,-0.009307,0.033666,0.018312,0.140343,-0.207036,0.968042
A,3.4667,R_LittleProximal,-0.000002,-0.000001,0.045104,-0.107869,0.027957,0.101423,0.988583
A,3.4667,R_LittleIntermediate,0.000000,0.000000,0.030353,0.233501,0.032152,-0.058195,0.970081
A,3.4667,R_LittleDistal,0.000000,0.000000,0.020068,0.050806,-0.049067,0.000902,0.997502
A,3.4667,R_LittleTip,-0.000244,0.001202,0.021660,0.000000,0.000000,0.000000,1.000000
A,3.4667,R_MiddleMetacarpal,-0.004480,-0.006526,0.032843,0.000000,0.000000,0.000000,1.000000
A,3.4667,R_MiddleProximal,0.002774,0.004014,0.061659,0.019328,0.075637,-0.006953,0.996924
A,3.4667,R_MiddleIntermediate,0.000000,0.000000,0.042413,0.144012,0.002692,-0.012051,0.989499
A,3.4667,R_MiddleDistal,0.000000,0.000000,0.027220,-0.001329,0.000611,-0.043495,0.999053
A,3.4667,R_MiddleTip,0.000305,0.001124,0.024666,0.000000,0.000000,0.000000,1.000000
A,3.4667,R_Palm,-0.003092,-0.004520,0.063673,0.000000,0.000000,0.000000,1.000000
A,3.4667,R_RingMetacarpal,0.014813,-0.005944,0.034359,0.000000,0.000000,0.000000,1.000000
A,3.4667,R_RingProximal,0.002443,-0.000507,0.053273,-0.034654,0.106710,-0.045171,0.992659
A,3.4667,R_RingIntermediate,0.000000,0.000000,0.038530,0.168161,-0.002698,-0.037261,0.985052
A,3.4667,R_RingDistal,0.000000,0.000000,0.026255,0.069814,-0.029558,-0.007917,0.997091
A,3.4667,R_RingTip,0.000255,0.001589,0.024035,0.000000,0.000000,0.000000,1.000000
A,3.4667,R_ThumbMetacarpal,-0.031683,-0.011773,0.032021,-0.106299,-0.470108,0.517716,0.706874
A,3.4667,R_ThumbProximal,0.000000,0.000000,0.032124,0.164426,0.055554,-0.082428,0.981368
A,3.4667,R_ThumbDistal,0.000000,0.000000,0.033389,-0.049519,-0.064324,0.083344,0.993209
A,3.4667,R_ThumbTip,0.000662,0.001015,0.024297,0.000000,0.000000,0.000000,1.000000
A,3.5333,R_Wrist,0.024320,1.455775,0.569504,-0.471660,-0.277809,-0.212497,0.809447
A,3.5333,R_IndexMetacarpal,-0.020495,-0.007332,0.034980,0.000000,0.000000,0.000000,1.000000
A,3.5333,R_IndexProximal,-0.002774,0.000103,0.059868,-0.023183,-0.001154,0.028369,0.999328
A,3.5333,R_IndexIntermediate,0.000000,0.000000,0.037474,0.148891,0.003273,-0.026319,0.988498
A,3.5333,R_IndexDistal,0.000000,0.000000,0.024013,0.020364,0.025691,-0.016548,0.999326
A,3.5333,R_IndexTip,0.000292,0.001013,0.022096,0.000000,0.000000,0.000000,1.000000
A,3.5333,R_LittleMetacarpal,0.022723,-0.009307,0.033666,0.018312,0.140343,-0.207036,0.968042
A,3.5333,R_LittleProximal,-0.000002,-0.000001,0.045104,-0.107869,0.027957,0.101423,0.988583
A,3.5333,R_LittleIntermediate,0.000000,0.000000,0.030353,0.233501,0.032152,-0.058195,0.970081
A,3.5333,R_LittleDistal,0.000000,0.000000,0.020068,0.050806,-0.049067,0.000902,0.997502
A,3.5333,R_LittleTip,-0.000244,0.001202,0.021660,0.000000,0.000000,0.000000,1.000000
A,3.5333,R_MiddleMetacarpal,-0.004480,-0.006526,0.032843,0.000000,0.000000,0.000000,1.000000
A,3.5333,R_MiddleProximal,0.002774,0.004014,0.061659,0.019328,0.075637,-0.006953,0.996924
A,3.5333,R_MiddleIntermediate,0.000000,0.000000,0.042413,0.144012,0.002692,-0.012051,0.989499
A,3.5333,R_MiddleDistal,0.000000,0.000000,0.027220,-0.001329,0.000611,-0.043495,0.999053
A,3.5333,R_MiddleTip,0.000305,0.001124,0.024666,0.000000,0.000000,0.000000,1.000000
A,3.5333,R_Palm,-0.003092,-0.004520,0.063673,0.000000,0.000000,0.000000,1.000000
A,3.5333,R_RingMetacarpal,0.014813,-0.005944,0.034359,0.000000,0.000000,0.000000,1.000000
A,3.5333,R_RingProximal,0.002443,-0.000507,0.053273,-0.034654,0.106710,-0.045171,0.992659
A,3.5333,R_RingIntermediate,0.000000,0.000000,0.038530,0.168161,-0.002698,-0.037261,0.985052
A,3.5333,R_RingDistal,0.000000,0.000000,0.026255,0.069814,-0.029558,-0.007917,0.997091
A,3.5333,R_RingTip,0.000255,0.001589,0.024035,0.000000,0.000000,0.000000,1.000000
A,3.5333,R_ThumbMetacarpal,-0.031683,-0.011773,0.032021,-0.106299,-0.470108,0.517716,0.706874
A,3.5333,R_ThumbProximal,0.000000,0.000000,0.032124,0.164426,0.055554,-0.082428,0.981368
A,3.5333,R_ThumbDistal,0.000000,0.000000,0.033389,-0.049519,-0.064324,0.083344,0.993209
A,3.5333,R_ThumbTip,0.000662,0.001015,0.024297,0.000000,0.000000,0.000000,1.000000
A,3.6000,R_Wrist,0.024320,1.455775,0.569504,-0.471660,-0.277809,-0.212497,0.809447
A,3.6000,R_IndexMetacarpal,-0.020495,-0.007332,0.034980,0.000000,0.000000,0.000000,1.000000
A,3.6000,R_IndexProximal,-0.002774,0.000103,0.059868,-0.023183,-0.001154,0.028369,0.999328
A,3.6000,R_IndexIntermediate,0.000000,0.000000,0.037474,0.148891,0.003273,-0.026319,0.988498
A,3.6000,R_IndexDistal,0.000000,0.000000,0.024013,0.020364,0.025691,-0.016548,0.999326
A,3.6000,R_IndexTip,0.000292,0.001013,0.022096,0.000000,0.000000,0.000000,1.000000
A,3.6000,R_LittleMetacarpal,0.022723,-0.009307,0.033666,0.018312,0.140343,-0.207036,0.968042
A,3.6000,R_LittleProximal,-0.000002,-0.000001,0.045104,-0.107869,0.027957,0.101423,0.988583
A,3.6000,R_LittleIntermediate,0.000000,0.000000,0.030353,0.233501,0.032152,-0.058195,0.970081
A,3.6000,R_LittleDistal,0.000000,0.000000,0.020068,0.050806,-0.049067,0.000902,0.997502
A,3.6000,R_LittleTip,-0.000244,0.001202,0.021660,0.000000,0.000000,0.000000,1.000000
A,3.6000,R_MiddleMetacarpal,-0.004480,-0.006526,0.032843,0.000000,0.000000,0.000000,1.000000
A,3.6000,R_MiddleProximal,0.002774,0.004014,0.061659,0.019328,0.075637,-0.006953,0.996924
A,3.6000,R_MiddleIntermediate,0.000000,0.000000,0.042414,0.144011,0.002692,-0.012051,0.989499
A,3.6000,R_MiddleDistal,0.000000,0.000000,0.027220,-0.001329,0.000611,-0.043495,0.999053
A,3.6000,R_MiddleTip,0.000305,0.001124,0.024666,0.000000,0.000000,0.000000,1.000000
A,3.6000,R_Palm,-0.003092,-0.004520,0.063673,0.000000,0.000000,0.000000,1.000000
A,3.6000,R_RingMetacarpal,0.014813,-0.005944,0.034360,0.000000,0.000000,0.000000,1.000000
A,3.6000,R_RingProximal,0.002443,-0.000507,0.053273,-0.034654,0.106710,-0.045171,0.992659
A,3.6000,R_RingIntermediate,0.000000,0.000000,0.038530,0.168161,-0.002698,-0.037261,0.985052
A,3.6000,R_RingDistal,0.000000,0.000000,0.026255,0.069814,-0.029558,-0.007917,0.997091
A,3.6000,R_RingTip,0.000255,0.001589,0.024035,0.000000,0.000000,0.000000,1.000000
A,3.6000,R_ThumbMetacarpal,-0.031683,-0.011773,0.032021,-0.106299,-0.470108,0.517716,0.706874
A,3.6000,R_ThumbProximal,0.000000,0.000000,0.032124,0.164426,0.055553,-0.082428,0.981368
A,3.6000,R_ThumbDistal,0.000000,0.000000,0.033389,-0.049519,-0.064324,0.083344,0.993209
A,3.6000,R_ThumbTip,0.000662,0.001015,0.024297,0.000000,0.000000,0.000000,1.000000
A,3.6667,R_Wrist,0.024320,1.455776,0.569505,-0.471660,-0.277809,-0.212497,0.809447
A,3.6667,R_IndexMetacarpal,-0.020495,-0.007332,0.034980,0.000000,0.000000,0.000000,1.000000
A,3.6667,R_IndexProximal,-0.002774,0.000103,0.059868,-0.023183,-0.001154,0.028369,0.999328
A,3.6667,R_IndexIntermediate,0.000000,0.000000,0.037474,0.148891,0.003273,-0.026319,0.988498
A,3.6667,R_IndexDistal,0.000000,0.000000,0.024013,0.020364,0.025691,-0.016548,0.999326
A,3.6667,R_IndexTip,0.000292,0.001013,0.022096,0.000000,0.000000,0.000000,1.000000
A,3.6667,R_LittleMetacarpal,0.022723,-0.009307,0.033666,0.018312,0.140343,-0.207036,0.968042
A,3.6667,R_LittleProximal,-0.000002,-0.000001,0.045104,-0.107869,0.027957,0.101423,0.988583
A,3.6667,R_LittleIntermediate,0.000000,0.000000,0.030353,0.233501,0.032152,-0.058195,0.970081
A,3.6667,R_LittleDistal,0.000000,0.000000,0.020068,0.050806,-0.049067,0.000902,0.997502
A,3.6667,R_LittleTip,-0.000244,0.001202,0.021660,0.000000,0.000000,0.000000,1.000000
A,3.6667,R_MiddleMetacarpal,-0.004480,-0.006526,0.032843,0.000000,0.000000,0.000000,1.000000
A,3.6667,R_MiddleProximal,0.002774,0.004014,0.061659,0.019328,0.075637,-0.006953,0.996924
A,3.6667,R_MiddleIntermediate,0.000000,0.000000,0.042414,0.144012,0.002692,-0.012051,0.989499
A,3.6667,R_MiddleDistal,0.000000,0.000000,0.027220,-0.001329,0.000611,-0.043495,0.999053
A,3.6667,R_MiddleTip,0.000305,0.001124,0.024666,0.000000,0.000000,0.000000,1.000000
A,3.6667,R_Palm,-0.003092,-0.004520,0.063673,0.000000,0.000000,0.000000,1.000000
A,3.6667,R_RingMetacarpal,0.014813,-0.005944,0.034360,0.000000,0.000000,0.000000,1.000000
A,3.6667,R_RingProximal,0.002443,-0.000507,0.053273,-0.034654,0.106710,-0.045171,0.992659
A,3.6667,R_RingIntermediate,0.000000,0.000000,0.038530,0.168161,-0.002698,-0.037261,0.985052
A,3.6667,R_RingDistal,0.000000,0.000000,0.026255,0.069814,-0.029558,-0.007917,0.997091
A,3.6667,R_RingTip,0.000255,0.001589,0.024035,0.000000,0.000000,0.000000,1.000000
A,3.6667,R_ThumbMetacarpal,-0.031683,-0.011773,0.032021,-0.106299,-0.470108,0.517716,0.706874
A,3.6667,R_ThumbProximal,0.000000,0.000000,0.032124,0.164426,0.055554,-0.082428,0.981368
A,3.6667,R_ThumbDistal,0.000000,0.000000,0.033389,-0.049519,-0.064324,0.083344,0.993209
A,3.6667,R_ThumbTip,0.000662,0.001015,0.024297,0.000000,0.000000,0.000000,1.000000
A,3.7333,R_Wrist,0.024320,1.455776,0.569506,-0.471660,-0.277809,-0.212497,0.809447
A,3.7333,R_IndexMetacarpal,-0.020495,-0.007332,0.034980,0.000000,0.000000,0.000000,1.000000
A,3.7333,R_IndexProximal,-0.002774,0.000103,0.059868,-0.023183,-0.001154,0.028369,0.999328
A,3.7333,R_IndexIntermediate,0.000000,0.000000,0.037474,0.148891,0.003273,-0.026319,0.988498
A,3.7333,R_IndexDistal,0.000000,0.000000,0.024013,0.020364,0.025691,-0.016548,0.999326
A,3.7333,R_IndexTip,0.000292,0.001013,0.022096,0.000000,0.000000,0.000000,1.000000
A,3.7333,R_LittleMetacarpal,0.022724,-0.009307,0.033666,0.018312,0.140343,-0.207036,0.968042
A,3.7333,R_LittleProximal,-0.000002,-0.000001,0.045105,-0.107869,0.027957,0.101423,0.988583
A,3.7333,R_LittleIntermediate,0.000000,0.000000,0.030353,0.233501,0.032152,-0.058195,0.970081
A,3.7333,R_LittleDistal,0.000000,0.000000,0.020068,0.050806,-0.049067,0.000902,0.997502
A,3.7333,R_LittleTip,-0.000244,0.001202,0.021660,0.000000,0.000000,0.000000,1.000000
A,3.7333,R_MiddleMetacarpal,-0.004480,-0.006526,0.032844,0.000000,0.000000,0.000000,1.000000
A,3.7333,R_MiddleProximal,0.002774,0.004014,0.061659,0.019328,0.075637,-0.006953,0.996924
A,3.7333,R_MiddleIntermediate,0.000000,0.000000,0.042414,0.144012,0.002692,-0.012051,0.989499
A,3.7333,R_MiddleDistal,0.000000,0.000000,0.027220,-0.001329,0.000611,-0.043495,0.999053
A,3.7333,R_MiddleTip,0.000305,0.001124,0.024666,0.000000,0.000000,0.000000,1.000000
A,3.7333,R_Palm,-0.003093,-0.004520,0.063673,0.000000,0.000000,0.000000,1.000000
A,3.7333,R_RingMetacarpal,0.014813,-0.005944,0.034360,0.000000,0.000000,0.000000,1.000000
A,3.7333,R_RingProximal,0.002443,-0.000507,0.053273,-0.034654,0.106710,-0.045171,0.992659
A,3.7333,R_RingIntermediate,0.000000,0.000000,0.038530,0.168161,-0.002698,-0.037262,0.985051
A,3.7333,R_RingDistal,0.000000,0.000000,0.026255,0.069814,-0.029558,-0.007917,0.997091
A,3.7333,R_RingTip,0.000255,0.001589,0.024035,0.000000,0.000000,0.000000,1.000000
A,3.7333,R_ThumbMetacarpal,-0.031683,-0.011773,0.032021,-0.106299,-0.470108,0.517716,0.706874
A,3.7333,R_ThumbProximal,0.000000,0.000000,0.032124,0.164426,0.055554,-0.082428,0.981368
A,3.7333,R_ThumbDistal,0.000000,0.000000,0.033389,-0.049519,-0.064324,0.083344,0.993209
A,3.7333,R_ThumbTip,0.000662,0.001015,0.024297,0.000000,0.000000,0.000000,1.000000
A,3.8000,R_Wrist,0.024320,1.455777,0.569507,-0.471660,-0.277809,-0.212497,0.809447
A,3.8000,R_IndexMetacarpal,-0.020495,-0.007332,0.034980,0.000000,0.000000,0.000000,1.000000
A,3.8000,R_IndexProximal,-0.002774,0.000103,0.059868,-0.023183,-0.001154,0.028368,0.999328
A,3.8000,R_IndexIntermediate,0.000000,0.000000,0.037474,0.148891,0.003273,-0.026319,0.988498
A,3.8000,R_IndexDistal,0.000000,0.000000,0.024013,0.020364,0.025691,-0.016548,0.999326
A,3.8000,R_IndexTip,0.000292,0.001013,0.022096,0.000000,0.000000,0.000000,1.000000
A,3.8000,R_LittleMetacarpal,0.022724,-0.009307,0.033666,0.018312,0.140343,-0.207036,0.968042
A,3.8000,R_LittleProximal,-0.000002,-0.000001,0.045105,-0.107869,0.027957,0.101423,0.988583
A,3.8000,R_LittleIntermediate,0.000000,0.000000,0.030353,0.233501,0.032152,-0.058195,0.970081
A,3.8000,R_LittleDistal,0.000000,0.000000,0.020069,0.050806,-0.049067,0.000902,0.997502
A,3.8000,R_LittleTip,-0.000244,0.001202,0.021660,0.000000,0.000000,0.000000,1.000000
A,3.8000,R_MiddleMetacarpal,-0.004480,-0.006526,0.032844,0.000000,0.000000,0.000000,1.000000
A,3.8000,R_MiddleProximal,0.002774,0.004014,0.061659,0.019328,0.075637,-0.006953,0.996924
A,3.8000,R_MiddleIntermediate,0.000000,0.000000,0.042414,0.144011,0.002692,-0.012051,0.989499
A,3.8000,R_MiddleDistal,0.000000,0.000000,0.027220,-0.001329,0.000611,-0.043495,0.999053
A,3.8000,R_MiddleTip,0.000305,0.001124,0.024666,0.000000,0.000000,0.000000,1.000000
A,3.8000,R_Palm,-0.003092,-0.004520,0.063673,0.000000,0.000000,0.000000,1.000000
A,3.8000,R_RingMetacarpal,0.014813,-0.005944,0.034360,0.000000,0.000000,0.000000,1.000000
A,3.8000,R_RingProximal,0.002443,-0.000507,0.053273,-0.034654,0.106710,-0.045171,0.992659
A,3.8000,R_RingIntermediate,0.000000,0.000000,0.038530,0.168161,-0.002698,-0.037261,0.985052
A,3.8000,R_RingDistal,0.000000,0.000000,0.026256,0.069814,-0.029558,-0.007917,0.997091
A,3.8000,R_RingTip,0.000255,0.001589,0.024035,0.000000,0.000000,0.000000,1.000000
A,3.8000,R_ThumbMetacarpal,-0.031683,-0.011773,0.032021,-0.106299,-0.470108,0.517715,0.706874
A,3.8000,R_ThumbProximal,0.000000,0.000000,0.032124,0.164426,0.055553,-0.082428,0.981368
A,3.8000,R_ThumbDistal,0.000000,0.000000,0.033389,-0.049519,-0.064324,0.083344,0.993209
A,3.8000,R_ThumbTip,0.000662,0.001015,0.024297,0.000000,0.000000,0.000000,1.000000
A,3.8667,R_Wrist,0.024320,1.455777,0.569507,-0.471660,-0.277809,-0.212497,0.809447
A,3.8667,R_IndexMetacarpal,-0.020495,-0.007332,0.034980,0.000000,0.000000,0.000000,1.000000
A,3.8667,R_IndexProximal,-0.002774,0.000103,0.059868,-0.023183,-0.001154,0.028368,0.999328
A,3.8667,R_IndexIntermediate,0.000000,0.000000,0.037474,0.148891,0.003273,-0.026319,0.988498
A,3.8667,R_IndexDistal,0.000000,0.000000,0.024013,0.020364,0.025691,-0.016548,0.999326
A,3.8667,R_IndexTip,0.000292,0.001013,0.022096,0.000000,0.000000,0.000000,1.000000
A,3.8667,R_LittleMetacarpal,0.022724,-0.009307,0.033666,0.018312,0.140343,-0.207036,0.968042
A,3.8667,R_LittleProximal,-0.000002,-0.000001,0.045105,-0.107869,0.027957,0.101423,0.988583
A,3.8667,R_LittleIntermediate,0.000000,0.000000,0.030353,0.233501,0.032152,-0.058195,0.970081
A,3.8667,R_LittleDistal,0.000000,0.000000,0.020069,0.050806,-0.049067,0.000902,0.997502
A,3.8667,R_LittleTip,-0.000244,0.001202,0.021660,0.000000,0.000000,0.000000,1.000000
A,3.8667,R_MiddleMetacarpal,-0.004480,-0.006526,0.032844,0.000000,0.000000,0.000000,1.000000
A,3.8667,R_MiddleProximal,0.002774,0.004014,0.061659,0.019328,0.075637,-0.006953,0.996924
A,3.8667,R_MiddleIntermediate,0.000000,0.000000,0.042414,0.144012,0.002692,-0.012051,0.989499
A,3.8667,R_MiddleDistal,0.000000,0.000000,0.027220,-0.001329,0.000611,-0.043495,0.999053
A,3.8667,R_MiddleTip,0.000305,0.001124,0.024666,0.000000,0.000000,0.000000,1.000000
A,3.8667,R_Palm,-0.003093,-0.004520,0.063673,0.000000,0.000000,0.000000,1.000000
A,3.8667,R_RingMetacarpal,0.014813,-0.005944,0.034360,0.000000,0.000000,0.000000,1.000000
A,3.8667,R_RingProximal,0.002443,-0.000507,0.053274,-0.034654,0.106710,-0.045171,0.992659
A,3.8667,R_RingIntermediate,0.000000,0.000000,0.038530,0.168161,-0.002698,-0.037261,0.985051
A,3.8667,R_RingDistal,0.000000,0.000000,0.026256,0.069814,-0.029558,-0.007917,0.997091
A,3.8667,R_RingTip,0.000255,0.001589,0.024035,0.000000,0.000000,0.000000,1.000000
A,3.8667,R_ThumbMetacarpal,-0.031683,-0.011773,0.032021,-0.106299,-0.470108,0.517716,0.706874
A,3.8667,R_ThumbProximal,0.000000,0.000000,0.032124,0.164426,0.055554,-0.082428,0.981368
A,3.8667,R_ThumbDistal,0.000000,0.000000,0.033389,-0.049519,-0.064324,0.083344,0.993209
A,3.8667,R_ThumbTip,0.000662,0.001015,0.024297,0.000000,0.000000,0.000000,1.000000
A,3.9333,R_Wrist,0.024320,1.455777,0.569508,-0.471660,-0.277809,-0.212497,0.809447
A,3.9333,R_IndexMetacarpal,-0.020495,-0.007332,0.034980,0.000000,0.000000,0.000000,1.000000
A,3.9333,R_IndexProximal,-0.002774,0.000103,0.059868,-0.023183,-0.001154,0.028369,0.999328
A,3.9333,R_IndexIntermediate,0.000000,0.000000,0.037474,0.148891,0.003273,-0.026319,0.988498
A,3.9333,R_IndexDistal,0.000000,0.000000,0.024013,0.020364,0.025691,-0.016548,0.999326
A,3.9333,R_IndexTip,0.000292,0.001013,0.022096,0.000000,0.000000,0.000000,1.000000
A,3.9333,R_LittleMetacarpal,0.022724,-0.009307,0.033666,0.018312,0.140343,-0.207036,0.968042
A,3.9333,R_LittleProximal,-0.000002,-0.000001,0.045105,-0.107869,0.027957,0.101423,0.988583
A,3.9333,R_LittleIntermediate,0.000000,0.000000,0.030353,0.233501,0.032152,-0.058195,0.970081
A,3.9333,R_LittleDistal,0.000000,0.000000,0.020069,0.050806,-0.049067,0.000902,0.997502
A,3.9333,R_LittleTip,-0.000244,0.001202,0.021660,0.000000,0.000000,0.000000,1.000000
A,3.9333,R_MiddleMetacarpal,-0.004480,-0.006526,0.032844,0.000000,0.000000,0.000000,1.000000
A,3.9333,R_MiddleProximal,0.002774,0.004014,0.061659,0.019328,0.075637,-0.006953,0.996924
A,3.9333,R_MiddleIntermediate,0.000000,0.000000,0.042414,0.144012,0.002692,-0.012051,0.989499
A,3.9333,R_MiddleDistal,0.000000,0.000000,0.027220,-0.001329,0.000611,-0.043495,0.999053
A,3.9333,R_MiddleTip,0.000305,0.001124,0.024666,0.000000,0.000000,0.000000,1.000000
A,3.9333,R_Palm,-0.003093,-0.004520,0.063673,0.000000,0.000000,0.000000,1.000000
A,3.9333,R_RingMetacarpal,0.014813,-0.005944,0.034360,0.000000,0.000000,0.000000,1.000000
A,3.9333,R_RingProximal,0.002443,-0.000507,0.053274,-0.034654,0.106710,-0.045171,0.992659
A,3.9333,R_RingIntermediate,0.000000,0.000000,0.038530,0.168161,-0.002698,-0.037261,0.985052
A,3.9333,R_RingDistal,0.000000,0.000000,0.026256,0.069814,-0.029558,-0.007917,0.997091
A,3.9333,R_RingTip,0.000255,0.001589,0.024035,0.000000,0.000000,0.000000,1.000000
A,3.9333,R_ThumbMetacarpal,-0.031683,-0.011773,0.032021,-0.106299,-0.470108,0.517716,0.706874
A,3.9333,R_ThumbProximal,0.000000,0.000000,0.032124,0.164426,0.055554,-0.082428,0.981368
A,3.9333,R_ThumbDistal,0.000000,0.000000,0.033389,-0.049519,-0.064324,0.083344,0.993209
A,3.9333,R_ThumbTip,0.000662,0.001015,0.024297,0.000000,0.000000,0.000000,1.000000
A,4.0000,R_Wrist,0.024321,1.455778,0.569509,-0.471660,-0.277809,-0.212497,0.809447
A,4.0000,R_IndexMetacarpal,-0.020495,-0.007332,0.034980,0.000000,0.000000,0.000000,1.000000
A,4.0000,R_IndexProximal,-0.002774,0.000103,0.059868,-0.023183,-0.001154,0.028368,0.999328
A,4.0000,R_IndexIntermediate,0.000000,0.000000,0.037474,0.148891,0.003273,-0.026319,0.988498
A,4.0000,R_IndexDistal,0.000000,0.000000,0.024013,0.020364,0.025691,-0.016548,0.999326
A,4.0000,R_IndexTip,0.000292,0.001013,0.022096,0.000000,0.000000,0.000000,1.000000
A,4.0000,R_LittleMetacarpal,0.022724,-0.009307,0.033666,0.018312,0.140343,-0.207036,0.968042
A,4.0000,R_LittleProximal,-0.000002,-0.000001,0.045105,-0.107869,0.027957,0.101423,0.988583
A,4.0000,R_LittleIntermediate,0.000000,0.000000,0.030353,0.233501,0.032152,-0.058195,0.970081
A,4.0000,R_LittleDistal,0.000000,0.000000,0.020069,0.050806,-0.049067,0.000902,0.997502
A,4.0000,R_LittleTip,-0.000244,0.001202,0.021660,0.000000,0.000000,0.000000,1.000000
A,4.0000,R_MiddleMetacarpal,-0.004480,-0.006527,0.032844,0.000000,0.000000,0.000000,1.000000
A,4.0000,R_MiddleProximal,0.002775,0.004014,0.061660,0.019328,0.075637,-0.006953,0.996924
A,4.0000,R_MiddleIntermediate,0.000000,0.000000,0.042414,0.144012,0.002692,-0.012051,0.989499
A,4.0000,R_MiddleDistal,0.000000,0.000000,0.027220,-0.001329,0.000611,-0.043495,0.999053
A,4.0000,R_MiddleTip,0.000305,0.001124,0.024666,0.000000,0.000000,0.000000,1.000000
A,4.0000,R_Palm,-0.003092,-0.004520,0.063673,0.000000,0.000000,0.000000,1.000000
A,4.0000,R_RingMetacarpal,0.014813,-0.005944,0.034360,0.000000,0.000000,0.000000,1.000000
A,4.0000,R_RingProximal,0.002443,-0.000507,0.053274,-0.034654,0.106710,-0.045171,0.992659
A,4.0000,R_RingIntermediate,0.000000,0.000000,0.038530,0.168161,-0.002698,-0.037261,0.985052
A,4.0000,R_RingDistal,0.000000,0.000000,0.026256,0.069814,-0.029558,-0.007917,0.997091
A,4.0000,R_RingTip,0.000255,0.001589,0.024035,0.000000,0.000000,0.000000,1.000000
A,4.0000,R_ThumbMetacarpal,-0.031683,-0.011773,0.032021,-0.106299,-0.470108,0.517716,0.706874
A,4.0000,R_ThumbProximal,0.000000,0.000000,0.032124,0.164426,0.055554,-0.082428,0.981368
A,4.0000,R_ThumbDistal,0.000000,0.000000,0.033389,-0.049519,-0.064324,0.083344,0.993209
A,4.0000,R_ThumbTip,0.000662,0.001015,0.024297,0.000000,0.000000,0.000000,1.000000
A,4.0667,R_Wrist,0.024321,1.455778,0.569509,-0.471660,-0.277809,-0.212497,0.809447
A,4.0667,R_IndexMetacarpal,-0.020495,-0.007332,0.034980,0.000000,0.000000,0.000000,1.000000
A,4.0667,R_IndexProximal,-0.002774,0.000103,0.059869,-0.023183,-0.001154,0.028369,0.999328
A,4.0667,R_IndexIntermediate,0.000000,0.000000,0.037474,0.148891,0.003273,-0.026319,0.988498
A,4.0667,R_IndexDistal,0.000000,0.000000,0.024013,0.020364,0.025691,-0.016548,0.999326
A,4.0667,R_IndexTip,0.000292,0.001013,0.022096,0.000000,0.000000,0.000000,1.000000
A,4.0667,R_LittleMetacarpal,0.022724,-0.009307,0.033666,0.018312,0.140343,-0.207036,0.968042
A,4.0667,R_LittleProximal,-0.000002,-0.000001,0.045105,-0.107869,0.027957,0.101423,0.988583
A,4.0667,R_LittleIntermediate,0.000000,0.000000,0.030353,0.233501,0.032152,-0.058195,0.970081
A,4.0667,R_LittleDistal,0.000000,0.000000,0.020069,0.050806,-0.049067,0.000902,0.997502
A,4.0667,R_LittleTip,-0.000244,0.001202,0.021660,0.000000,0.000000,0.000000,1.000000
A,4.0667,R_MiddleMetacarpal,-0.004480,-0.006526,0.032844,0.000000,0.000000,0.000000,1.000000
A,4.0667,R_MiddleProximal,0.002774,0.004014,0.061660,0.019328,0.075637,-0.006953,0.996924
A,4.0667,R_MiddleIntermediate,0.000000,0.000000,0.042414,0.144011,0.002692,-0.012051,0.989499
A,4.0667,R_MiddleDistal,0.000000,0.000000,0.027220,-0.001329,0.000611,-0.043495,0.999053
A,4.0667,R_MiddleTip,0.000305,0.001124,0.024667,0.000000,0.000000,0.000000,1.000000
A,4.0667,R_Palm,-0.003093,-0.004520,0.063674,0.000000,0.000000,0.000000,1.000000
A,4.0667,R_RingMetacarpal,0.014813,-0.005944,0.034360,0.000000,0.000000,0.000000,1.000000
A,4.0667,R_RingProximal,0.002443,-0.000507,0.053274,-0.034654,0.106710,-0.045171,0.992659
A,4.0667,R_RingIntermediate,0.000000,0.000000,0.038530,0.168161,-0.002698,-0.037261,0.985052
A,4.0667,R_RingDistal,0.000000,0.000000,0.026256,0.069814,-0.029558,-0.007917,0.997091
A,4.0667,R_RingTip,0.000255,0.001589,0.024035,0.000000,0.000000,0.000000,1.000000
A,4.0667,R_ThumbMetacarpal,-0.031683,-0.011773,0.032021,-0.106299,-0.470108,0.517716,0.706874
A,4.0667,R_ThumbProximal,0.000000,0.000000,0.032124,0.164426,0.055554,-0.082428,0.981368
A,4.0667,R_ThumbDistal,0.000000,0.000000,0.033389,-0.049519,-0.064324,0.083344,0.993209
A,4.0667,R_ThumbTip,0.000662,0.001015,0.024297,0.000000,0.000000,0.000000,1.000000
A,4.1333,R_Wrist,0.024321,1.455778,0.569510,-0.471660,-0.277809,-0.212498,0.809447
A,4.1333,R_IndexMetacarpal,-0.020496,-0.007332,0.034980,0.000000,0.000000,0.000000,1.000000
A,4.1333,R_IndexProximal,-0.002774,0.000103,0.059869,-0.023183,-0.001154,0.028369,0.999328
A,4.1333,R_IndexIntermediate,0.000000,0.000000,0.037474,0.148891,0.003273,-0.026319,0.988498
A,4.1333,R_IndexDistal,0.000000,0.000000,0.024013,0.020364,0.025691,-0.016548,0.999326
A,4.1333,R_IndexTip,0.000292,0.001013,0.022096,0.000000,0.000000,0.000000,1.000000
A,4.1333,R_LittleMetacarpal,0.022724,-0.009307,0.033666,0.018312,0.140343,-0.207036,0.968042
A,4.1333,R_LittleProximal,-0.000002,-0.000001,0.045105,-0.107869,0.027957,0.101423,0.988583
A,4.1333,R_LittleIntermediate,0.000000,0.000000,0.030353,0.233501,0.032152,-0.058195,0.970081
A,4.1333,R_LittleDistal,0.000000,0.000000,0.020069,0.050806,-0.049067,0.000902,0.997502
A,4.1333,R_LittleTip,-0.000244,0.001202,0.021660,0.000000,0.000000,0.000000,1.000000
A,4.1333,R_MiddleMetacarpal,-0.004480,-0.006527,0.032844,0.000000,0.000000,0.000000,1.000000
A,4.1333,R_MiddleProximal,0.002775,0.004014,0.061660,0.019328,0.075637,-0.006953,0.996924
A,4.1333,R_MiddleIntermediate,0.000000,0.000000,0.042414,0.144011,0.002692,-0.012051,0.989499
A,4.1333,R_MiddleDistal,0.000000,0.000000,0.027220,-0.001329,0.000611,-0.043495,0.999053
A,4.1333,R_MiddleTip,0.000305,0.001124,0.024667,0.000000,0.000000,0.000000,1.000000
A,4.1333,R_Palm,-0.003093,-0.004520,0.063674,0.000000,0.000000,0.000000,1.000000
A,4.1333,R_RingMetacarpal,0.014813,-0.005944,0.034360,0.000000,0.000000,0.000000,1.000000
A,4.1333,R_RingProximal,0.002443,-0.000507,0.053274,-0.034654,0.106710,-0.045171,0.992659
A,4.1333,R_RingIntermediate,0.000000,0.000000,0.038530,0.168161,-0.002698,-0.037262,0.985052
A,4.1333,R_RingDistal,0.000000,0.000000,0.026256,0.069814,-0.029558,-0.007917,0.997091
A,4.1333,R_RingTip,0.000255,0.001589,0.024035,0.000000,0.000000,0.000000,1.000000
A,4.1333,R_ThumbMetacarpal,-0.031683,-0.011773,0.032021,-0.106299,-0.470108,0.517716,0.706874
A,4.1333,R_ThumbProximal,0.000000,0.000000,0.032124,0.164426,0.055554,-0.082428,0.981368
A,4.1333,R_ThumbDistal,0.000000,0.000000,0.033389,-0.049519,-0.064324,0.083344,0.993209
A,4.1333,R_ThumbTip,0.000662,0.001015,0.024297,0.000000,0.000000,0.000000,1.000000
A,4.2000,R_Wrist,0.024321,1.455779,0.569511,-0.471660,-0.277809,-0.212497,0.809447
A,4.2000,R_IndexMetacarpal,-0.020496,-0.007332,0.034980,0.000000,0.000000,0.000000,1.000000
A,4.2000,R_IndexProximal,-0.002774,0.000103,0.059869,-0.023183,-0.001154,0.028369,0.999328
A,4.2000,R_IndexIntermediate,0.000000,0.000000,0.037474,0.148891,0.003273,-0.026319,0.988498
A,4.2000,R_IndexDistal,0.000000,0.000000,0.024013,0.020364,0.025691,-0.016548,0.999326
A,4.2000,R_IndexTip,0.000292,0.001013,0.022096,0.000000,0.000000,0.000000,1.000000
A,4.2000,R_LittleMetacarpal,0.022724,-0.009307,0.033666,0.018312,0.140343,-0.207036,0.968042
A,4.2000,R_LittleProximal,-0.000002,-0.000001,0.045105,-0.107869,0.027957,0.101423,0.988583
A,4.2000,R_LittleIntermediate,0.000000,0.000000,0.030353,0.233501,0.032152,-0.058195,0.970081
A,4.2000,R_LittleDistal,0.000000,0.000000,0.020069,0.050806,-0.049067,0.000902,0.997502
A,4.2000,R_LittleTip,-0.000244,0.001202,0.021660,0.000000,0.000000,0.000000,1.000000
A,4.2000,R_MiddleMetacarpal,-0.004480,-0.006527,0.032844,0.000000,0.000000,0.000000,1.000000
A,4.2000,R_MiddleProximal,0.002774,0.004014,0.061660,0.019328,0.075637,-0.006953,0.996924
A,4.2000,R_MiddleIntermediate,0.000000,0.000000,0.042414,0.144012,0.002692,-0.012051,0.989499
A,4.2000,R_MiddleDistal,0.000000,0.000000,0.027220,-0.001329,0.000611,-0.043495,0.999053
A,4.2000,R_MiddleTip,0.000305,0.001124,0.024667,0.000000,0.000000,0.000000,1.000000
A,4.2000,R_Palm,-0.003093,-0.004520,0.063674,0.000000,0.000000,0.000000,1.000000
A,4.2000,R_RingMetacarpal,0.014813,-0.005944,0.034360,0.000000,0.000000,0.000000,1.000000
A,4.2000,R_RingProximal,0.002443,-0.000507,0.053274,-0.034654,0.106710,-0.045171,0.992659
A,4.2000,R_RingIntermediate,0.000000,0.000000,0.038530,0.168161,-0.002698,-0.037261,0.985052
A,4.2000,R_RingDistal,0.000000,0.000000,0.026256,0.069814,-0.029558,-0.007917,0.997091
A,4.2000,R_RingTip,0.000255,0.001589,0.024035,0.000000,0.000000,0.000000,1.000000
A,4.2000,R_ThumbMetacarpal,-0.031683,-0.011773,0.032021,-0.106299,-0.470108,0.517716,0.706874
A,4.2000,R_ThumbProximal,0.000000,0.000000,0.032124,0.164426,0.055554,-0.082428,0.981368
A,4.2000,R_ThumbDistal,0.000000,0.000000,0.033389,-0.049519,-0.064324,0.083344,0.993209
A,4.2000,R_ThumbTip,0.000662,0.001015,0.024297,0.000000,0.000000,0.000000,1.000000
A,4.2667,R_Wrist,0.024321,1.455779,0.569512,-0.471660,-0.277809,-0.212497,0.809447
A,4.2667,R_IndexMetacarpal,-0.020496,-0.007332,0.034981,0.000000,0.000000,0.000000,1.000000
A,4.2667,R_IndexProximal,-0.002774,0.000103,0.059869,-0.023183,-0.001154,0.028369,0.999328
A,4.2667,R_IndexIntermediate,0.000000,0.000000,0.037474,0.148891,0.003273,-0.026319,0.988498
A,4.2667,R_IndexDistal,0.000000,0.000000,0.024013,0.020364,0.025691,-0.016548,0.999326
A,4.2667,R_IndexTip,0.000292,0.001013,0.022096,0.000000,0.000000,0.000000,1.000000
A,4.2667,R_LittleMetacarpal,0.022724,-0.009307,0.033666,0.018312,0.140343,-0.207036,0.968042
A,4.2667,R_LittleProximal,-0.000002,-0.000001,0.045105,-0.107869,0.027957,0.101423,0.988583
A,4.2667,R_LittleIntermediate,0.000000,0.000000,0.030353,0.233501,0.032152,-0.058195,0.970081
A,4.2667,R_LittleDistal,0.000000,0.000000,0.020069,0.050806,-0.049067,0.000902,0.997502
A,4.2667,R_LittleTip,-0.000244,0.001202,0.021660,0.000000,0.000000,0.000000,1.000000
A,4.2667,R_MiddleMetacarpal,-0.004480,-0.006527,0.032844,0.000000,0.000000,0.000000,1.000000
A,4.2667,R_MiddleProximal,0.002775,0.004014,0.061660,0.019328,0.075637,-0.006953,0.996924
A,4.2667,R_MiddleIntermediate,0.000000,0.000000,0.042414,0.144012,0.002692,-0.012051,0.989499
A,4.2667,R_MiddleDistal,0.000000,0.000000,0.027220,-0.001329,0.000611,-0.043495,0.999053
A,4.2667,R_MiddleTip,0.000305,0.001124,0.024667,0.000000,0.000000,0.000000,1.000000
A,4.2667,R_Palm,-0.003093,-0.004520,0.063674,0.000000,0.000000,0.000000,1.000000
A,4.2667,R_RingMetacarpal,0.014813,-0.005944,0.034360,0.000000,0.000000,0.000000,1.000000
A,4.2667,R_RingProximal,0.002443,-0.000507,0.053274,-0.034654,0.106710,-0.045171,0.992659
A,4.2667,R_RingIntermediate,0.000000,0.000000,0.038530,0.168161,-0.002698,-0.037261,0.985052
A,4.2667,R_RingDistal,0.000000,0.000000,0.026256,0.069814,-0.029558,-0.007917,0.997091
A,4.2667,R_RingTip,0.000255,0.001589,0.024036,0.000000,0.000000,0.000000,1.000000
A,4.2667,R_ThumbMetacarpal,-0.031683,-0.011773,0.032021,-0.106299,-0.470108,0.517715,0.706874
A,4.2667,R_ThumbProximal,0.000000,0.000000,0.032124,0.164426,0.055554,-0.082428,0.981368
A,4.2667,R_ThumbDistal,0.000000,0.000000,0.033389,-0.049519,-0.064324,0.083344,0.993209
A,4.2667,R_ThumbTip,0.000662,0.001015,0.024297,0.000000,0.000000,0.000000,1.000000
A,4.3333,R_Wrist,0.024321,1.455779,0.569512,-0.471660,-0.277809,-0.212498,0.809447
A,4.3333,R_IndexMetacarpal,-0.020496,-0.007332,0.034981,0.000000,0.000000,0.000000,1.000000
A,4.3333,R_IndexProximal,-0.002774,0.000103,0.059869,-0.023183,-0.001154,0.028368,0.999328
A,4.3333,R_IndexIntermediate,0.000000,0.000000,0.037474,0.148891,0.003273,-0.026319,0.988498
A,4.3333,R_IndexDistal,0.000000,0.000000,0.024013,0.020364,0.025691,-0.016548,0.999326
A,4.3333,R_IndexTip,0.000292,0.001013,0.022096,0.000000,0.000000,0.000000,1.000000
A,4.3333,R_LittleMetacarpal,0.022724,-0.009307,0.033666,0.018312,0.140343,-0.207036,0.968042
A,4.3333,R_LittleProximal,-0.000002,-0.000001,0.045105,-0.107869,0.027957,0.101423,0.988583
A,4.3333,R_LittleIntermediate,0.000000,0.000000,0.030353,0.233501,0.032152,-0.058195,0.970081
A,4.3333,R_LittleDistal,0.000000,0.000000,0.020069,0.050806,-0.049067,0.000902,0.997502
A,4.3333,R_LittleTip,-0.000244,0.001202,0.021660,0.000000,0.000000,0.000000,1.000000
A,4.3333,R_MiddleMetacarpal,-0.004480,-0.006527,0.032844,0.000000,0.000000,0.000000,1.000000
A,4.3333,R_MiddleProximal,0.002774,0.004014,0.061660,0.019328,0.075637,-0.006953,0.996924
A,4.3333,R_MiddleIntermediate,0.000000,0.000000,0.042414,0.144011,0.002692,-0.012051,0.989499
A,4.3333,R_MiddleDistal,0.000000,0.000000,0.027220,-0.001329,0.000611,-0.043495,0.999053
A,4.3333,R_MiddleTip,0.000305,0.001124,0.024667,0.000000,0.000000,0.000000,1.000000
A,4.3333,R_Palm,-0.003093,-0.004520,0.063674,0.000000,0.000000,0.000000,1.000000
A,4.3333,R_RingMetacarpal,0.014813,-0.005944,0.034360,0.000000,0.000000,0.000000,1.000000
A,4.3333,R_RingProximal,0.002443,-0.000507,0.053274,-0.034654,0.106710,-0.045171,0.992659
A,4.3333,R_RingIntermediate,0.000000,0.000000,0.038530,0.168161,-0.002698,-0.037261,0.985052
A,4.3333,R_RingDistal,0.000000,0.000000,0.026256,0.069815,-0.029558,-0.007917,0.997091
A,4.3333,R_RingTip,0.000255,0.001589,0.024036,0.000000,0.000000,0.000000,1.000000
A,4.3333,R_ThumbMetacarpal,-0.031683,-0.011773,0.032021,-0.106299,-0.470108,0.517716,0.706874
A,4.3333,R_ThumbProximal,0.000000,0.000000,0.032124,0.164426,0.055553,-0.082428,0.981368
A,4.3333,R_ThumbDistal,0.000000,0.000000,0.033389,-0.049519,-0.064324,0.083344,0.993209
A,4.3333,R_ThumbTip,0.000662,0.001015,0.024297,0.000000,0.000000,0.000000,1.000000
A,4.4000,R_Wrist,0.024321,1.455780,0.569513,-0.471660,-0.277809,-0.212497,0.809447
A,4.4000,R_IndexMetacarpal,-0.020496,-0.007332,0.034981,0.000000,0.000000,0.000000,1.000000
A,4.4000,R_IndexProximal,-0.002774,0.000103,0.059869,-0.023183,-0.001154,0.028368,0.999328
A,4.4000,R_IndexIntermediate,0.000000,0.000000,0.037474,0.148891,0.003273,-0.026319,0.988498
A,4.4000,R_IndexDistal,0.000000,0.000000,0.024013,0.020364,0.025691,-0.016548,0.999326
A,4.4000,R_IndexTip,0.000292,0.001013,0.022096,0.000000,0.000000,0.000000,1.000000
A,4.4000,R_LittleMetacarpal,0.022724,-0.009307,0.033667,0.018312,0.140343,-0.207036,0.968042
A,4.4000,R_LittleProximal,-0.000002,-0.000001,0.045105,-0.107869,0.027957,0.101423,0.988583
A,4.4000,R_LittleIntermediate,0.000000,0.000000,0.030353,0.233501,0.032152,-0.058195,0.970081
A,4.4000,R_LittleDistal,0.000000,0.000000,0.020069,0.050806,-0.049067,0.000902,0.997502
A,4.4000,R_LittleTip,-0.000244,0.001202,0.021661,0.000000,0.000000,0.000000,1.000000
A,4.4000,R_MiddleMetacarpal,-0.004480,-0.006527,0.032844,0.000000,0.000000,0.000000,1.000000
A,4.4000,R_MiddleProximal,0.002775,0.004014,0.061660,0.019328,0.075637,-0.006953,0.996924
A,4.4000,R_MiddleIntermediate,0.000000,0.000000,0.042414,0.144011,0.002692,-0.012051,0.989499
A,4.4000,R_MiddleDistal,0.000000,0.000000,0.027221,-0.001329,0.000611,-0.043495,0.999053
A,4.4000,R_MiddleTip,0.000305,0.001124,0.024667,0.000000,0.000000,0.000000,1.000000
A,4.4000,R_Palm,-0.003093,-0.004520,0.063674,0.000000,0.000000,0.000000,1.000000
A,4.4000,R_RingMetacarpal,0.014813,-0.005944,0.034360,0.000000,0.000000,0.000000,1.000000
A,4.4000,R_RingProximal,0.002443,-0.000507,0.053274,-0.034654,0.106710,-0.045171,0.992659
A,4.4000,R_RingIntermediate,0.000000,0.000000,0.038530,0.168161,-0.002698,-0.037261,0.985052
A,4.4000,R_RingDistal,0.000000,0.000000,0.026256,0.069814,-0.029558,-0.007917,0.997091
A,4.4000,R_RingTip,0.000255,0.001589,0.024036,0.000000,0.000000,0.000000,1.000000
A,4.4000,R_ThumbMetacarpal,-0.031683,-0.011773,0.032021,-0.106299,-0.470108,0.517716,0.706874
A,4.4000,R_ThumbProximal,0.000000,0.000000,0.032125,0.164426,0.055553,-0.082428,0.981368
A,4.4000,R_ThumbDistal,0.000000,0.000000,0.033389,-0.049519,-0.064324,0.083344,0.993209
A,4.4000,R_ThumbTip,0.000662,0.001015,0.024297,0.000000,0.000000,0.000000,1.000000
A,4.4667,R_Wrist,0.024321,1.455780,0.569514,-0.471660,-0.277809,-0.212497,0.809447
A,4.4667,R_IndexMetacarpal,-0.020496,-0.007332,0.034981,0.000000,0.000000,0.000000,1.000000
A,4.4667,R_IndexProximal,-0.002774,0.000103,0.059869,-0.023183,-0.001154,0.028368,0.999328
A,4.4667,R_IndexIntermediate,0.000000,0.000000,0.037474,0.148891,0.003273,-0.026319,0.988498
A,4.4667,R_IndexDistal,0.000000,0.000000,0.024014,0.020364,0.025691,-0.016548,0.999326
A,4.4667,R_IndexTip,0.000292,0.001013,0.022096,0.000000,0.000000,0.000000,1.000000
A,4.4667,R_LittleMetacarpal,0.022724,-0.009307,0.033667,0.018312,0.140343,-0.207036,0.968042
A,4.4667,R_LittleProximal,-0.000002,-0.000001,0.045105,-0.107869,0.027957,0.101423,0.988583
A,4.4667,R_LittleIntermediate,0.000000,0.000000,0.030354,0.233501,0.032152,-0.058195,0.970081
A,4.4667,R_LittleDistal,0.000000,0.000000,0.020069,0.050806,-0.049067,0.000902,0.997502
A,4.4667,R_LittleTip,-0.000244,0.001202,0.021661,0.000000,0.000000,0.000000,1.000000
A,4.4667,R_MiddleMetacarpal,-0.004480,-0.006527,0.032844,0.000000,0.000000,0.000000,1.000000
A,4.4667,R_MiddleProximal,0.002774,0.004014,0.061660,0.019328,0.075637,-0.006953,0.996924
A,4.4667,R_MiddleIntermediate,0.000000,0.000000,0.042414,0.144011,0.002692,-0.012051,0.989499
A,4.4667,R_MiddleDistal,0.000000,0.000000,0.027221,-0.001329,0.000611,-0.043495,0.999053
A,4.4667,R_MiddleTip,0.000305,0.001124,0.024667,0.000000,0.000000,0.000000,1.000000
A,4.4667,R_Palm,-0.003093,-0.004520,0.063674,0.000000,0.000000,0.000000,1.000000
A,4.4667,R_RingMetacarpal,0.014813,-0.005944,0.034360,0.000000,0.000000,0.000000,1.000000
A,4.4667,R_RingProximal,0.002443,-0.000507,0.053274,-0.034654,0.106710,-0.045171,0.992659
A,4.4667,R_RingIntermediate,0.000000,0.000000,0.038530,0.168161,-0.002698,-0.037261,0.985052
A,4.4667,R_RingDistal,0.000000,0.000000,0.026256,0.069814,-0.029558,-0.007917,0.997091
A,4.4667,R_RingTip,0.000255,0.001589,0.024036,0.000000,0.000000,0.000000,1.000000
A,4.4667,R_ThumbMetacarpal,-0.031684,-0.011773,0.032021,-0.106299,-0.470108,0.517716,0.706874
A,4.4667,R_ThumbProximal,0.000000,0.000000,0.032125,0.164426,0.055553,-0.082428,0.981368
A,4.4667,R_ThumbDistal,0.000000,0.000000,0.033389,-0.049519,-0.064324,0.083344,0.993209
A,4.4667,R_ThumbTip,0.000662,0.001015,0.024297,0.000000,0.000000,0.000000,1.000000
A,4.5333,R_Wrist,0.024322,1.455781,0.569514,-0.471660,-0.277809,-0.212497,0.809447
A,4.5333,R_IndexMetacarpal,-0.020496,-0.007332,0.034981,0.000000,0.000000,0.000000,1.000000
A,4.5333,R_IndexProximal,-0.002774,0.000103,0.059869,-0.023183,-0.001154,0.028368,0.999328
A,4.5333,R_IndexIntermediate,0.000000,0.000000,0.037474,0.148891,0.003273,-0.026319,0.988498
A,4.5333,R_IndexDistal,0.000000,0.000000,0.024014,0.020364,0.025691,-0.016548,0.999326
A,4.5333,R_IndexTip,0.000292,0.001013,0.022096,0.000000,0.000000,0.000000,1.000000
A,4.5333,R_LittleMetacarpal,0.022724,-0.009307,0.033667,0.018312,0.140343,-0.207036,0.968042
A,4.5333,R_LittleProximal,-0.000002,-0.000001,0.045105,-0.107869,0.027957,0.101423,0.988583
A,4.5333,R_LittleIntermediate,0.000000,0.000000,0.030354,0.233501,0.032152,-0.058195,0.970081
A,4.5333,R_LittleDistal,0.000000,0.000000,0.020069,0.050806,-0.049067,0.000902,0.997502
A,4.5333,R_LittleTip,-0.000244,0.001202,0.021661,0.000000,0.000000,0.000000,1.000000
A,4.5333,R_MiddleMetacarpal,-0.004480,-0.006527,0.032844,0.000000,0.000000,0.000000,1.000000
A,4.5333,R_MiddleProximal,0.002775,0.004014,0.061660,0.019328,0.075637,-0.006953,0.996924
A,4.5333,R_MiddleIntermediate,0.000000,0.000000,0.042414,0.144011,0.002692,-0.012051,0.989499
A,4.5333,R_MiddleDistal,0.000000,0.000000,0.027221,-0.001329,0.000611,-0.043495,0.999053
A,4.5333,R_MiddleTip,0.000305,0.001124,0.024667,0.000000,0.000000,0.000000,1.000000
A,4.5333,R_Palm,-0.003093,-0.004520,0.063674,0.000000,0.000000,0.000000,1.000000
A,4.5333,R_RingMetacarpal,0.014813,-0.005944,0.034360,0.000000,0.000000,0.000000,1.000000
A,4.5333,R_RingProximal,0.002443,-0.000507,0.053274,-0.034654,0.106710,-0.045171,0.992659
A,4.5333,R_RingIntermediate,0.000000,0.000000,0.038530,0.168161,-0.002698,-0.037262,0.985052
A,4.5333,R_RingDistal,0.000000,0.000000,0.026256,0.069814,-0.029558,-0.007917,0.997091
A,4.5333,R_RingTip,0.000255,0.001589,0.024036,0.000000,0.000000,0.000000,1.000000
A,4.5333,R_ThumbMetacarpal,-0.031684,-0.011773,0.032021,-0.106299,-0.470108,0.517715,0.706874
A,4.5333,R_ThumbProximal,0.000000,0.000000,0.032125,0.164426,0.055553,-0.082428,0.981368
A,4.5333,R_ThumbDistal,0.000000,0.000000,0.033389,-0.049519,-0.064324,0.083344,0.993209
A,4.5333,R_ThumbTip,0.000662,0.001015,0.024297,0.000000,0.000000,0.000000,1.000000
A,4.6000,R_Wrist,0.024322,1.455781,0.569515,-0.471660,-0.277809,-0.212498,0.809447
A,4.6000,R_IndexMetacarpal,-0.020496,-0.007332,0.034981,0.000000,0.000000,0.000000,1.000000
A,4.6000,R_IndexProximal,-0.002774,0.000103,0.059869,-0.023183,-0.001154,0.028369,0.999328
A,4.6000,R_IndexIntermediate,0.000000,0.000000,0.037474,0.148891,0.003273,-0.026319,0.988498
A,4.6000,R_IndexDistal,0.000000,0.000000,0.024014,0.020364,0.025691,-0.016548,0.999326
A,4.6000,R_IndexTip,0.000292,0.001013,0.022096,0.000000,0.000000,0.000000,1.000000
A,4.6000,R_LittleMetacarpal,0.022724,-0.009307,0.033667,0.018312,0.140343,-0.207036,0.968042
A,4.6000,R_LittleProximal,-0.000002,-0.000001,0.045105,-0.107869,0.027957,0.101423,0.988583
A,4.6000,R_LittleIntermediate,0.000000,0.000000,0.030354,0.233501,0.032152,-0.058195,0.970081
A,4.6000,R_LittleDistal,0.000000,0.000000,0.020069,0.050806,-0.049067,0.000902,0.997502
A,4.6000,R_LittleTip,-0.000244,0.001202,0.021661,0.000000,0.000000,0.000000,1.000000
A,4.6000,R_MiddleMetacarpal,-0.004480,-0.006527,0.032844,0.000000,0.000000,0.000000,1.000000
A,4.6000,R_MiddleProximal,0.002775,0.004014,0.061660,0.019328,0.075637,-0.006953,0.996924
A,4.6000,R_MiddleIntermediate,0.000000,0.000000,0.042414,0.144012,0.002692,-0.012051,0.989499
A,4.6000,R_MiddleDistal,0.000000,0.000000,0.027221,-0.001329,0.000611,-0.043495,0.999053
A,4.6000,R_MiddleTip,0.000305,0.001124,0.024667,0.000000,0.000000,0.000000,1.000000
A,4.6000,R_Palm,-0.003093,-0.004520,0.063674,0.000000,0.000000,0.000000,1.000000
A,4.6000,R_RingMetacarpal,0.014813,-0.005944,0.034360,0.000000,0.000000,0.000000,1.000000
A,4.6000,R_RingProximal,0.002443,-0.000507,0.053275,-0.034654,0.106710,-0.045171,0.992659
A,4.6000,R_RingIntermediate,0.000000,0.000000,0.038530,0.168161,-0.002698,-0.037261,0.985052
A,4.6000,R_RingDistal,0.000000,0.000000,0.026256,0.069814,-0.029558,-0.007917,0.997091
A,4.6000,R_RingTip,0.000255,0.001589,0.024036,0.000000,0.000000,0.000000,1.000000
A,4.6000,R_ThumbMetacarpal,-0.031684,-0.011773,0.032021,-0.106299,-0.470108,0.517716,0.706874
A,4.6000,R_ThumbProximal,0.000000,0.000000,0.032125,0.164426,0.055554,-0.082428,0.981368
A,4.6000,R_ThumbDistal,0.000000,0.000000,0.033390,-0.049519,-0.064324,0.083344,0.993209
A,4.6000,R_ThumbTip,0.000662,0.001015,0.024297,0.000000,0.000000,0.000000,1.000000
A,4.6667,R_Wrist,0.024322,1.455781,0.569516,-0.471660,-0.277809,-0.212498,0.809447
A,4.6667,R_IndexMetacarpal,-0.020496,-0.007332,0.034981,0.000000,0.000000,0.000000,1.000000
A,4.6667,R_IndexProximal,-0.002774,0.000103,0.059869,-0.023183,-0.001154,0.028368,0.999328
A,4.6667,R_IndexIntermediate,0.000000,0.000000,0.037474,0.148891,0.003273,-0.026319,0.988498
A,4.6667,R_IndexDistal,0.000000,0.000000,0.024014,0.020364,0.025691,-0.016548,0.999326
A,4.6667,R_IndexTip,0.000292,0.001013,0.022096,0.000000,0.000000,0.000000,1.000000
A,4.6667,R_LittleMetacarpal,0.022724,-0.009307,0.033667,0.018312,0.140343,-0.207036,0.968042
A,4.6667,R_LittleProximal,-0.000002,-0.000001,0.045105,-0.107869,0.027957,0.101423,0.988583
A,4.6667,R_LittleIntermediate,0.000000,0.000000,0.030354,0.233501,0.032152,-0.058195,0.970081
A,4.6667,R_LittleDistal,0.000000,0.000000,0.020069,0.050806,-0.049067,0.000902,0.997502
A,4.6667,R_LittleTip,-0.000244,0.001202,0.021661,0.000000,0.000000,0.000000,1.000000
A,4.6667,R_MiddleMetacarpal,-0.004480,-0.006527,0.032844,0.000000,0.000000,0.000000,1.000000
A,4.6667,R_MiddleProximal,0.002775,0.004014,0.061660,0.019328,0.075637,-0.006953,0.996924
A,4.6667,R_MiddleIntermediate,0.000000,0.000000,0.042415,0.144012,0.002692,-0.012051,0.989499
A,4.6667,R_MiddleDistal,0.000000,0.000000,0.027221,-0.001329,0.000611,-0.043495,0.999053
A,4.6667,R_MiddleTip,0.000305,0.001124,0.024667,0.000000,0.000000,0.000000,1.000000
A,4.6667,R_Palm,-0.003093,-0.004520,0.063674,0.000000,0.000000,0.000000,1.000000
A,4.6667,R_RingMetacarpal,0.014813,-0.005944,0.034360,0.000000,0.000000,0.000000,1.000000
A,4.6667,R_RingProximal,0.002443,-0.000507,0.053275,-0.034654,0.106710,-0.045171,0.992659
A,4.6667,R_RingIntermediate,0.000000,0.000000,0.038531,0.168161,-0.002698,-0.037261,0.985052
A,4.6667,R_RingDistal,0.000000,0.000000,0.026256,0.069814,-0.029558,-0.007917,0.997091
A,4.6667,R_RingTip,0.000255,0.001589,0.024036,0.000000,0.000000,0.000000,1.000000
A,4.6667,R_ThumbMetacarpal,-0.031684,-0.011773,0.032022,-0.106299,-0.470108,0.517716,0.706874
A,4.6667,R_ThumbProximal,0.000000,0.000000,0.032125,0.164426,0.055553,-0.082428,0.981368
A,4.6667,R_ThumbDistal,0.000000,0.000000,0.033389,-0.049519,-0.064324,0.083344,0.993209
A,4.6667,R_ThumbTip,0.000662,0.001015,0.024297,0.000000,0.000000,0.000000,1.000000
A,4.7333,R_Wrist,0.024322,1.455782,0.569517,-0.471660,-0.277809,-0.212497,0.809447
A,4.7333,R_IndexMetacarpal,-0.020496,-0.007332,0.034981,0.000000,0.000000,0.000000,1.000000
A,4.7333,R_IndexProximal,-0.002774,0.000103,0.059869,-0.023183,-0.001154,0.028369,0.999328
A,4.7333,R_IndexIntermediate,0.000000,0.000000,0.037475,0.148891,0.003273,-0.026319,0.988498
A,4.7333,R_IndexDistal,0.000000,0.000000,0.024014,0.020364,0.025691,-0.016548,0.999326
A,4.7333,R_IndexTip,0.000292,0.001013,0.022096,0.000000,0.000000,0.000000,1.000000
A,4.7333,R_LittleMetacarpal,0.022724,-0.009307,0.033667,0.018312,0.140343,-0.207036,0.968042
A,4.7333,R_LittleProximal,-0.000002,-0.000001,0.045105,-0.107869,0.027957,0.101423,0.988583
A,4.7333,R_LittleIntermediate,0.000000,0.000000,0.030354,0.233501,0.032152,-0.058195,0.970081
A,4.7333,R_LittleDistal,0.000000,0.000000,0.020069,0.050806,-0.049067,0.000902,0.997502
A,4.7333,R_LittleTip,-0.000244,0.001202,0.021661,0.000000,0.000000,0.000000,1.000000
A,4.7333,R_MiddleMetacarpal,-0.004480,-0.006527,0.032844,0.000000,0.000000,0.000000,1.000000
A,4.7333,R_MiddleProximal,0.002775,0.004014,0.061661,0.019328,0.075637,-0.006953,0.996924
A,4.7333,R_MiddleIntermediate,0.000000,0.000000,0.042415,0.144012,0.002692,-0.012051,0.989499
A,4.7333,R_MiddleDistal,0.000000,0.000000,0.027221,-0.001329,0.000611,-0.043495,0.999053
A,4.7333,R_MiddleTip,0.000305,0.001124,0.024667,0.000000,0.000000,0.000000,1.000000
A,4.7333,R_Palm,-0.003093,-0.004520,0.063675,0.000000,0.000000,0.000000,1.000000
A,4.7333,R_RingMetacarpal,0.014813,-0.005944,0.034360,0.000000,0.000000,0.000000,1.000000
A,4.7333,R_RingProximal,0.002443,-0.000507,0.053275,-0.034654,0.106710,-0.045171,0.992659
A,4.7333,R_RingIntermediate,0.000000,0.000000,0.038531,0.168161,-0.002698,-0.037261,0.985052
A,4.7333,R_RingDistal,0.000000,0.000000,0.026256,0.069814,-0.029558,-0.007917,0.997091
A,4.7333,R_RingTip,0.000255,0.001589,0.024036,0.000000,0.000000,0.000000,1.000000
A,4.7333,R_ThumbMetacarpal,-0.031684,-0.011773,0.032022,-0.106299,-0.470108,0.517716,0.706874
A,4.7333,R_ThumbProximal,0.000000,0.000000,0.032125,0.164426,0.055554,-0.082428,0.981368
A,4.7333,R_ThumbDistal,0.000000,0.000000,0.033390,-0.049519,-0.064324,0.083344,0.993209
A,4.7333,R_ThumbTip,0.000662,0.001015,0.024297,0.000000,0.000000,0.000000,1.000000
A,4.8000,R_Wrist,0.024322,1.455782,0.569517,-0.471660,-0.277809,-0.212498,0.809447
A,4.8000,R_IndexMetacarpal,-0.020496,-0.007332,0.034981,0.000000,0.000000,0.000000,1.000000
A,4.8000,R_IndexProximal,-0.002774,0.000103,0.059869,-0.023183,-0.001154,0.028368,0.999328
A,4.8000,R_IndexIntermediate,0.000000,0.000000,0.037475,0.148891,0.003273,-0.026319,0.988498
A,4.8000,R_IndexDistal,0.000000,0.000000,0.024014,0.020364,0.025691,-0.016548,0.999326
A,4.8000,R_IndexTip,0.000292,0.001013,0.022096,0.000000,0.000000,0.000000,1.000000
A,4.8000,R_LittleMetacarpal,0.022724,-0.009307,0.033667,0.018312,0.140343,-0.207036,0.968042
A,4.8000,R_LittleProximal,-0.000002,-0.000001,0.045106,-0.107869,0.027957,0.101423,0.988583
A,4.8000,R_LittleIntermediate,0.000000,0.000000,0.030354,0.233501,0.032152,-0.058195,0.970081
A,4.8000,R_LittleDistal,0.000000,0.000000,0.020069,0.050806,-0.049067,0.000902,0.997502
A,4.8000,R_LittleTip,-0.000244,0.001202,0.021661,0.000000,0.000000,0.000000,1.000000
A,4.8000,R_MiddleMetacarpal,-0.004480,-0.006527,0.032844,0.000000,0.000000,0.000000,1.000000
A,4.8000,R_MiddleProximal,0.002775,0.004014,0.061661,0.019328,0.075637,-0.006953,0.996924
A,4.8000,R_MiddleIntermediate,0.000000,0.000000,0.042415,0.144012,0.002692,-0.012051,0.989499
A,4.8000,R_MiddleDistal,0.000000,0.000000,0.027221,-0.001329,0.000611,-0.043495,0.999053
A,4.8000,R_MiddleTip,0.000305,0.001124,0.024667,0.000000,0.000000,0.000000,1.000000
A,4.8000,R_Palm,-0.003093,-0.004520,0.063675,0.000000,0.000000,0.000000,1.000000
A,4.8000,R_RingMetacarpal,0.014813,-0.005944,0.034360,0.000000,0.000000,0.000000,1.000000
A,4.8000,R_RingProximal,0.002443,-0.000507,0.053275,-0.034654,0.106710,-0.045171,0.992659
A,4.8000,R_RingIntermediate,0.000000,0.000000,0.038531,0.168161,-0.002698,-0.037261,0.985051
A,4.8000,R_RingDistal,0.000000,0.000000,0.026256,0.069814,-0.029558,-0.007917,0.997091
A,4.8000,R_RingTip,0.000255,0.001589,0.024036,0.000000,0.000000,0.000000,1.000000
A,4.8000,R_ThumbMetacarpal,-0.031684,-0.011773,0.032022,-0.106299,-0.470108,0.517716,0.706874
A,4.8000,R_ThumbProximal,0.000000,0.000000,0.032125,0.164426,0.055554,-0.082428,0.981368
A,4.8000,R_ThumbDistal,0.000000,0.000000,0.033390,-0.049519,-0.064324,0.083344,0.993209
A,4.8000,R_ThumbTip,0.000662,0.001015,0.024297,0.000000,0.000000,0.000000,1.000000
A,4.8667,R_Wrist,0.024322,1.455782,0.569518,-0.471660,-0.277809,-0.212497,0.809447
A,4.8667,R_IndexMetacarpal,-0.020496,-0.007332,0.034981,0.000000,0.000000,0.000000,1.000000
A,4.8667,R_IndexProximal,-0.002774,0.000103,0.059869,-0.023183,-0.001154,0.028368,0.999328
A,4.8667,R_IndexIntermediate,0.000000,0.000000,0.037475,0.148891,0.003273,-0.026319,0.988498
A,4.8667,R_IndexDistal,0.000000,0.000000,0.024014,0.020364,0.025691,-0.016548,0.999326
A,4.8667,R_IndexTip,0.000292,0.001013,0.022096,0.000000,0.000000,0.000000,1.000000
A,4.8667,R_LittleMetacarpal,0.022724,-0.009307,0.033667,0.018312,0.140343,-0.207036,0.968042
A,4.8667,R_LittleProximal,-0.000002,-0.000001,0.045106,-0.107869,0.027957,0.101423,0.988583
A,4.8667,R_LittleIntermediate,0.000000,0.000000,0.030354,0.233501,0.032152,-0.058195,0.970081
A,4.8667,R_LittleDistal,0.000000,0.000000,0.020069,0.050806,-0.049067,0.000902,0.997502
A,4.8667,R_LittleTip,-0.000244,0.001202,0.021661,0.000000,0.000000,0.000000,1.000000
A,4.8667,R_MiddleMetacarpal,-0.004480,-0.006527,0.032844,0.000000,0.000000,0.000000,1.000000
A,4.8667,R_MiddleProximal,0.002775,0.004014,0.061661,0.019328,0.075637,-0.006953,0.996924
A,4.8667,R_MiddleIntermediate,0.000000,0.000000,0.042415,0.144012,0.002692,-0.012051,0.989499
A,4.8667,R_MiddleDistal,0.000000,0.000000,0.027221,-0.001329,0.000611,-0.043495,0.999053
A,4.8667,R_MiddleTip,0.000305,0.001124,0.024667,0.000000,0.000000,0.000000,1.000000
A,4.8667,R_Palm,-0.003093,-0.004520,0.063675,0.000000,0.000000,0.000000,1.000000
A,4.8667,R_RingMetacarpal,0.014813,-0.005944,0.034360,0.000000,0.000000,0.000000,1.000000
A,4.8667,R_RingProximal,0.002443,-0.000507,0.053275,-0.034654,0.106710,-0.045171,0.992659
A,4.8667,R_RingIntermediate,0.000000,0.000000,0.038531,0.168161,-0.002698,-0.037261,0.985052
A,4.8667,R_RingDistal,0.000000,0.000000,0.026256,0.069814,-0.029558,-0.007917,0.997091
A,4.8667,R_RingTip,0.000255,0.001589,0.024036,0.000000,0.000000,0.000000,1.000000
A,4.8667,R_ThumbMetacarpal,-0.031684,-0.011773,0.032022,-0.106299,-0.470108,0.517716,0.706874
A,4.8667,R_ThumbProximal,0.000000,0.000000,0.032125,0.164426,0.055554,-0.082428,0.981368
A,4.8667,R_ThumbDistal,0.000000,0.000000,0.033390,-0.049519,-0.064324,0.083344,0.993209
A,4.8667,R_ThumbTip,0.000662,0.001015,0.024297,0.000000,0.000000,0.000000,1.000000
A,4.9333,R_Wrist,0.024322,1.455783,0.569519,-0.471660,-0.277809,-0.212498,0.809447
A,4.9333,R_IndexMetacarpal,-0.020496,-0.007332,0.034981,0.000000,0.000000,0.000000,1.000000
A,4.9333,R_IndexProximal,-0.002774,0.000103,0.059870,-0.023183,-0.001154,0.028369,0.999328
A,4.9333,R_IndexIntermediate,0.000000,0.000000,0.037475,0.148891,0.003273,-0.026319,0.988498
A,4.9333,R_IndexDistal,0.000000,0.000000,0.024014,0.020364,0.025691,-0.016548,0.999326
A,4.9333,R_IndexTip,0.000292,0.001013,0.022096,0.000000,0.000000,0.000000,1.000000
A,4.9333,R_LittleMetacarpal,0.022724,-0.009307,0.033667,0.018312,0.140343,-0.207036,0.968042
A,4.9333,R_LittleProximal,-0.000002,-0.000001,0.045106,-0.107869,0.027957,0.101423,0.988583
A,4.9333,R_LittleIntermediate,0.000000,0.000000,0.030354,0.233501,0.032152,-0.058195,0.970081
A,4.9333,R_LittleDistal,0.000000,0.000000,0.020069,0.050806,-0.049067,0.000902,0.997502
A,4.9333,R_LittleTip,-0.000244,0.001202,0.021661,0.000000,0.000000,0.000000,1.000000
A,4.9333,R_MiddleMetacarpal,-0.004480,-0.006527,0.032844,0.000000,0.000000,0.000000,1.000000
A,4.9333,R_MiddleProximal,0.002775,0.004014,0.061661,0.019328,0.075637,-0.006953,0.996924
A,4.9333,R_MiddleIntermediate,0.000000,0.000000,0.042415,0.144012,0.002692,-0.012051,0.989499
A,4.9333,R_MiddleDistal,0.000000,0.000000,0.027221,-0.001329,0.000611,-0.043495,0.999053
A,4.9333,R_MiddleTip,0.000305,0.001124,0.024667,0.000000,0.000000,0.000000,1.000000
A,4.9333,R_Palm,-0.003093,-0.004520,0.063675,0.000000,0.000000,0.000000,1.000000
A,4.9333,R_RingMetacarpal,0.014813,-0.005944,0.034361,0.000000,0.000000,0.000000,1.000000
A,4.9333,R_RingProximal,0.002443,-0.000507,0.053275,-0.034654,0.106710,-0.045171,0.992659
A,4.9333,R_RingIntermediate,0.000000,0.000000,0.038531,0.168161,-0.002698,-0.037261,0.985052
A,4.9333,R_RingDistal,0.000000,0.000000,0.026256,0.069814,-0.029558,-0.007917,0.997091
A,4.9333,R_RingTip,0.000255,0.001589,0.024036,0.000000,0.000000,0.000000,1.000000
A,4.9333,R_ThumbMetacarpal,-0.031684,-0.011773,0.032022,-0.106299,-0.470108,0.517716,0.706874
A,4.9333,R_ThumbProximal,0.000000,0.000000,0.032125,0.164426,0.055554,-0.082428,0.981368
A,4.9333,R_ThumbDistal,0.000000,0.000000,0.033390,-0.049519,-0.064324,0.083344,0.993209
A,4.9333,R_ThumbTip,0.000662,0.001015,0.024297,0.000000,0.000000,0.000000,1.000000
A,5.0000,R_Wrist,0.024322,1.455783,0.569519,-0.471660,-0.277809,-0.212498,0.809447
A,5.0000,R_IndexMetacarpal,-0.020496,-0.007332,0.034981,0.000000,0.000000,0.000000,1.000000
A,5.0000,R_IndexProximal,-0.002774,0.000103,0.059870,-0.023183,-0.001154,0.028369,0.999328
A,5.0000,R_IndexIntermediate,0.000000,0.000000,0.037475,0.148891,0.003273,-0.026319,0.988498
A,5.0000,R_IndexDistal,0.000000,0.000000,0.024014,0.020364,0.025691,-0.016548,0.999326
A,5.0000,R_IndexTip,0.000292,0.001013,0.022096,0.000000,0.000000,0.000000,1.000000
A,5.0000,R_LittleMetacarpal,0.022724,-0.009308,0.033667,0.018312,0.140343,-0.207036,0.968042
A,5.0000,R_LittleProximal,-0.000002,-0.000001,0.045106,-0.107869,0.027957,0.101423,0.988583
A,5.0000,R_LittleIntermediate,0.000000,0.000000,0.030354,0.233501,0.032152,-0.058195,0.970081
A,5.0000,R_LittleDistal,0.000000,0.000000,0.020069,0.050806,-0.049067,0.000902,0.997502
A,5.0000,R_LittleTip,-0.000243,0.001202,0.021661,0.000000,0.000000,0.000000,1.000000
A,5.0000,R_MiddleMetacarpal,-0.004480,-0.006527,0.032844,0.000000,0.000000,0.000000,1.000000
A,5.0000,R_MiddleProximal,0.002775,0.004014,0.061661,0.019328,0.075637,-0.006953,0.996924
A,5.0000,R_MiddleIntermediate,0.000000,0.000000,0.042415,0.144012,0.002692,-0.012051,0.989499
A,5.0000,R_MiddleDistal,0.000000,0.000000,0.027221,-0.001329,0.000611,-0.043495,0.999053
A,5.0000,R_MiddleTip,0.000305,0.001124,0.024667,0.000000,0.000000,0.000000,1.000000
A,5.0000,R_Palm,-0.003093,-0.004520,0.063675,0.000000,0.000000,0.000000,1.000000
A,5.0000,R_RingMetacarpal,0.014813,-0.005944,0.034361,0.000000,0.000000,0.000000,1.000000
A,5.0000,R_RingProximal,0.002443,-0.000507,0.053275,-0.034654,0.106710,-0.045171,0.992659
A,5.0000,R_RingIntermediate,0.000000,0.000000,0.038531,0.168161,-0.002698,-0.037261,0.985052
A,5.0000,R_RingDistal,0.000000,0.000000,0.026256,0.069814,-0.029558,-0.007917,0.997091
A,5.0000,R_RingTip,0.000255,0.001589,0.024036,0.000000,0.000000,0.000000,1.000000
A,5.0000,R_ThumbMetacarpal,-0.031684,-0.011773,0.032022,-0.106299,-0.470108,0.517716,0.706874
A,5.0000,R_ThumbProximal,0.000000,0.000000,0.032125,0.164426,0.055554,-0.082428,0.981368
A,5.0000,R_ThumbDistal,0.000000,0.000000,0.033390,-0.049519,-0.064324,0.083344,0.993209
A,5.0000,R_ThumbTip,0.000662,0.001015,0.024297,0.000000,0.000000,0.000000,1.000000
A,5.0667,R_Wrist,0.024322,1.455783,0.569520,-0.471660,-0.277809,-0.212498,0.809447
A,5.0667,R_IndexMetacarpal,-0.020496,-0.007332,0.034981,0.000000,0.000000,0.000000,1.000000
A,5.0667,R_IndexProximal,-0.002774,0.000103,0.059870,-0.023183,-0.001154,0.028369,0.999328
A,5.0667,R_IndexIntermediate,0.000000,0.000000,0.037475,0.148891,0.003273,-0.026319,0.988498
A,5.0667,R_IndexDistal,0.000000,0.000000,0.024014,0.020364,0.025691,-0.016548,0.999326
A,5.0667,R_IndexTip,0.000292,0.001013,0.022097,0.000000,0.000000,0.000000,1.000000
A,5.0667,R_LittleMetacarpal,0.022724,-0.009308,0.033667,0.018312,0.140343,-0.207036,0.968042
A,5.0667,R_LittleProximal,-0.000002,-0.000001,0.045106,-0.107869,0.027957,0.101423,0.988583
A,5.0667,R_LittleIntermediate,0.000000,0.000000,0.030354,0.233501,0.032152,-0.058195,0.970081
A,5.0667,R_LittleDistal,0.000000,0.000000,0.020069,0.050806,-0.049067,0.000902,0.997502
A,5.0667,R_LittleTip,-0.000244,0.001202,0.021661,0.000000,0.000000,0.000000,1.000000
A,5.0667,R_MiddleMetacarpal,-0.004480,-0.006527,0.032845,0.000000,0.000000,0.000000,1.000000
A,5.0667,R_MiddleProximal,0.002775,0.004014,0.061661,0.019328,0.075637,-0.006953,0.996924
A,5.0667,R_MiddleIntermediate,0.000000,0.000000,0.042415,0.144012,0.002692,-0.012051,0.989499
A,5.0667,R_MiddleDistal,0.000000,0.000000,0.027221,-0.001329,0.000611,-0.043495,0.999053
A,5.0667,R_MiddleTip,0.000305,0.001124,0.024667,0.000000,0.000000,0.000000,1.000000
A,5.0667,R_Palm,-0.003093,-0.004520,0.063675,0.000000,0.000000,0.000000,1.000000
A,5.0667,R_RingMetacarpal,0.014813,-0.005944,0.034361,0.000000,0.000000,0.000000,1.000000
A,5.0667,R_RingProximal,0.002443,-0.000507,0.053275,-0.034654,0.106710,-0.045171,0.992659
A,5.0667,R_RingIntermediate,0.000000,0.000000,0.038531,0.168161,-0.002698,-0.037261,0.985052
A,5.0667,R_RingDistal,0.000000,0.000000,0.026256,0.069814,-0.029558,-0.007917,0.997091
A,5.0667,R_RingTip,0.000255,0.001589,0.024036,0.000000,0.000000,0.000000,1.000000
A,5.0667,R_ThumbMetacarpal,-0.031684,-0.011773,0.032022,-0.106299,-0.470108,0.517716,0.706874
A,5.0667,R_ThumbProximal,0.000000,0.000000,0.032125,0.164426,0.055554,-0.082428,0.981368
A,5.0667,R_ThumbDistal,0.000000,0.000000,0.033390,-0.049519,-0.064324,0.083344,0.993209
A,5.0667,R_ThumbTip,0.000662,0.001015,0.024297,0.000000,0.000000,0.000000,1.000000
A,5.1333,R_Wrist,0.024323,1.455784,0.569521,-0.471660,-0.277809,-0.212498,0.809447
A,5.1333,R_IndexMetacarpal,-0.020496,-0.007332,0.034981,0.000000,0.000000,0.000000,1.000000
A,5.1333,R_IndexProximal,-0.002774,0.000103,0.059870,-0.023183,-0.001154,0.028369,0.999328
A,5.1333,R_IndexIntermediate,0.000000,0.000000,0.037475,0.148891,0.003273,-0.026319,0.988498
A,5.1333,R_IndexDistal,0.000000,0.000000,0.024014,0.020364,0.025691,-0.016548,0.999326
A,5.1333,R_IndexTip,0.000292,0.001013,0.022097,0.000000,0.000000,0.000000,1.000000
A,5.1333,R_LittleMetacarpal,0.022724,-0.009308,0.033667,0.018312,0.140343,-0.207036,0.968042
A,5.1333,R_LittleProximal,-0.000002,-0.000001,0.045106,-0.107869,0.027957,0.101423,0.988583
A,5.1333,R_LittleIntermediate,0.000000,0.000000,0.030354,0.233501,0.032152,-0.058195,0.970081
A,5.1333,R_LittleDistal,0.000000,0.000000,0.020069,0.050806,-0.049067,0.000902,0.997502
A,5.1333,R_LittleTip,-0.000244,0.001202,0.021661,0.000000,0.000000,0.000000,1.000000
A,5.1333,R_MiddleMetacarpal,-0.004480,-0.006527,0.032845,0.000000,0.000000,0.000000,1.000000
A,5.1333,R_MiddleProximal,0.002775,0.004014,0.061661,0.019328,0.075637,-0.006953,0.996924
A,5.1333,R_MiddleIntermediate,0.000000,0.000000,0.042415,0.144012,0.002692,-0.012051,0.989499
A,5.1333,R_MiddleDistal,0.000000,0.000000,0.027221,-0.001329,0.000611,-0.043495,0.999053
A,5.1333,R_MiddleTip,0.000305,0.001124,0.024667,0.000000,0.000000,0.000000,1.000000
A,5.1333,R_Palm,-0.003093,-0.004520,0.063675,0.000000,0.000000,0.000000,1.000000
A,5.1333,R_RingMetacarpal,0.014814,-0.005944,0.034361,0.000000,0.000000,0.000000,1.000000
A,5.1333,R_RingProximal,0.002443,-0.000507,0.053275,-0.034654,0.106710,-0.045171,0.992659
A,5.1333,R_RingIntermediate,0.000000,0.000000,0.038531,0.168161,-0.002698,-0.037261,0.985051
A,5.1333,R_RingDistal,0.000000,0.000000,0.026256,0.069814,-0.029558,-0.007917,0.997091
A,5.1333,R_RingTip,0.000255,0.001589,0.024036,0.000000,0.000000,0.000000,1.000000
A,5.1333,R_ThumbMetacarpal,-0.031684,-0.011773,0.032022,-0.106299,-0.470108,0.517716,0.706874
A,5.1333,R_ThumbProximal,0.000000,0.000000,0.032125,0.164426,0.055554,-0.082428,0.981368
A,5.1333,R_ThumbDistal,0.000000,0.000000,0.033390,-0.049519,-0.064324,0.083344,0.993209
A,5.1333,R_ThumbTip,0.000662,0.001015,0.024297,0.000000,0.000000,0.000000,1.000000
A,5.2000,R_Wrist,0.024323,1.455784,0.569522,-0.471660,-0.277809,-0.212498,0.809447
A,5.2000,R_IndexMetacarpal,-0.020496,-0.007332,0.034981,0.000000,0.000000,0.000000,1.000000
A,5.2000,R_IndexProximal,-0.002774,0.000103,0.059870,-0.023183,-0.001154,0.028369,0.999328
A,5.2000,R_IndexIntermediate,0.000000,0.000000,0.037475,0.148891,0.003273,-0.026319,0.988498
A,5.2000,R_IndexDistal,0.000000,0.000000,0.024014,0.020364,0.025691,-0.016548,0.999326
A,5.2000,R_IndexTip,0.000292,0.001013,0.022097,0.000000,0.000000,0.000000,1.000000
A,5.2000,R_LittleMetacarpal,0.022724,-0.009307,0.033667,0.018312,0.140343,-0.207036,0.968042
A,5.2000,R_LittleProximal,-0.000002,-0.000001,0.045106,-0.107869,0.027957,0.101423,0.988583
A,5.2000,R_LittleIntermediate,0.000000,0.000000,0.030354,0.233501,0.032152,-0.058195,0.970081
A,5.2000,R_LittleDistal,0.000000,0.000000,0.020069,0.050806,-0.049067,0.000902,0.997502
A,5.2000,R_LittleTip,-0.000244,0.001202,0.021661,0.000000,0.000000,0.000000,1.000000
A,5.2000,R_MiddleMetacarpal,-0.004480,-0.006527,0.032845,0.000000,0.000000,0.000000,1.000000
A,5.2000,R_MiddleProximal,0.002775,0.004014,0.061661,0.019328,0.075637,-0.006953,0.996924
A,5.2000,R_MiddleIntermediate,0.000000,0.000000,0.042415,0.144012,0.002692,-0.012051,0.989499
A,5.2000,R_MiddleDistal,0.000000,0.000000,0.027221,-0.001329,0.000611,-0.043495,0.999053
A,5.2000,R_MiddleTip,0.000305,0.001124,0.024667,0.000000,0.000000,0.000000,1.000000
A,5.2000,R_Palm,-0.003093,-0.004520,0.063675,0.000000,0.000000,0.000000,1.000000
A,5.2000,R_RingMetacarpal,0.014813,-0.005944,0.034361,0.000000,0.000000,0.000000,1.000000
A,5.2000,R_RingProximal,0.002443,-0.000507,0.053275,-0.034654,0.106710,-0.045171,0.992659
A,5.2000,R_RingIntermediate,0.000000,0.000000,0.038531,0.168161,-0.002698,-0.037261,0.985052
A,5.2000,R_RingDistal,0.000000,0.000000,0.026256,0.069814,-0.029558,-0.007917,0.997091
A,5.2000,R_RingTip,0.000255,0.001589,0.024036,0.000000,0.000000,0.000000,1.000000
A,5.2000,R_ThumbMetacarpal,-0.031684,-0.011773,0.032022,-0.106299,-0.470108,0.517716,0.706874
A,5.2000,R_ThumbProximal,0.000000,0.000000,0.032125,0.164426,0.055554,-0.082428,0.981368
A,5.2000,R_ThumbDistal,0.000000,0.000000,0.033390,-0.049519,-0.064324,0.083344,0.993209
A,5.2000,R_ThumbTip,0.000662,0.001015,0.024298,0.000000,0.000000,0.000000,1.000000
A,5.2667,R_Wrist,0.024323,1.455784,0.569522,-0.471660,-0.277809,-0.212498,0.809447
A,5.2667,R_IndexMetacarpal,-0.020496,-0.007332,0.034981,0.000000,0.000000,0.000000,1.000000
A,5.2667,R_IndexProximal,-0.002774,0.000103,0.059870,-0.023183,-0.001154,0.028368,0.999328
A,5.2667,R_IndexIntermediate,0.000000,0.000000,0.037475,0.148891,0.003273,-0.026319,0.988498
A,5.2667,R_IndexDistal,0.000000,0.000000,0.024014,0.020364,0.025691,-0.016548,0.999326
A,5.2667,R_IndexTip,0.000292,0.001013,0.022097,0.000000,0.000000,0.000000,1.000000
A,5.2667,R_LittleMetacarpal,0.022724,-0.009308,0.033667,0.018312,0.140343,-0.207036,0.968042
A,5.2667,R_LittleProximal,-0.000002,-0.000001,0.045106,-0.107869,0.027957,0.101423,0.988583
A,5.2667,R_LittleIntermediate,0.000000,0.000000,0.030354,0.233501,0.032152,-0.058195,0.970081
A,5.2667,R_LittleDistal,0.000000,0.000000,0.020069,0.050806,-0.049067,0.000902,0.997502
A,5.2667,R_LittleTip,-0.000244,0.001202,0.021661,0.000000,0.000000,0.000000,1.000000
A,5.2667,R_MiddleMetacarpal,-0.004480,-0.006527,0.032845,0.000000,0.000000,0.000000,1.000000
A,5.2667,R_MiddleProximal,0.002775,0.004014,0.061661,0.019328,0.075637,-0.006953,0.996924
A,5.2667,R_MiddleIntermediate,0.000000,0.000000,0.042415,0.144012,0.002692,-0.012051,0.989499
A,5.2667,R_MiddleDistal,0.000000,0.000000,0.027221,-0.001329,0.000611,-0.043495,0.999053
A,5.2667,R_MiddleTip,0.000305,0.001124,0.024667,0.000000,0.000000,0.000000,1.000000
A,5.2667,R_Palm,-0.003093,-0.004520,0.063675,0.000000,0.000000,0.000000,1.000000
A,5.2667,R_RingMetacarpal,0.014814,-0.005944,0.034361,0.000000,0.000000,0.000000,1.000000
A,5.2667,R_RingProximal,0.002443,-0.000507,0.053275,-0.034654,0.106710,-0.045171,0.992659
A,5.2667,R_RingIntermediate,0.000000,0.000000,0.038531,0.168161,-0.002698,-0.037261,0.985052
A,5.2667,R_RingDistal,0.000000,0.000000,0.026256,0.069814,-0.029558,-0.007917,0.997091
A,5.2667,R_RingTip,0.000255,0.001589,0.024036,0.000000,0.000000,0.000000,1.000000
A,5.2667,R_ThumbMetacarpal,-0.031684,-0.011773,0.032022,-0.106299,-0.470108,0.517716,0.706874
A,5.2667,R_ThumbProximal,0.000000,0.000000,0.032125,0.164426,0.055553,-0.082428,0.981368
A,5.2667,R_ThumbDistal,0.000000,0.000000,0.033390,-0.049519,-0.064324,0.083344,0.993209
A,5.2667,R_ThumbTip,0.000662,0.001015,0.024298,0.000000,0.000000,0.000000,1.000000
A,5.3333,R_Wrist,0.024323,1.455785,0.569523,-0.471660,-0.277809,-0.212498,0.809447
A,5.3333,R_IndexMetacarpal,-0.020496,-0.007332,0.034981,0.000000,0.000000,0.000000,1.000000
A,5.3333,R_IndexProximal,-0.002774,0.000103,0.059870,-0.023183,-0.001154,0.028368,0.999328
A,5.3333,R_IndexIntermediate,0.000000,0.000000,0.037475,0.148891,0.003273,-0.026319,0.988498
A,5.3333,R_IndexDistal,0.000000,0.000000,0.024014,0.020364,0.025691,-0.016548,0.999326
A,5.3333,R_IndexTip,0.000292,0.001013,0.022097,0.000000,0.000000,0.000000,1.000000
A,5.3333,R_LittleMetacarpal,0.022724,-0.009308,0.033667,0.018312,0.140343,-0.207036,0.968042
A,5.3333,R_LittleProximal,-0.000002,-0.000001,0.045106,-0.107869,0.027957,0.101423,0.988583
A,5.3333,R_LittleIntermediate,0.000000,0.000000,0.030354,0.233501,0.032152,-0.058195,0.970081
A,5.3333,R_LittleDistal,0.000000,0.000000,0.020069,0.050806,-0.049067,0.000902,0.997502
A,5.3333,R_LittleTip,-0.000244,0.001202,0.021661,0.000000,0.000000,0.000000,1.000000
A,5.3333,R_MiddleMetacarpal,-0.004480,-0.006527,0.032845,0.000000,0.000000,0.000000,1.000000
A,5.3333,R_MiddleProximal,0.002775,0.004014,0.061661,0.019328,0.075637,-0.006953,0.996924
A,5.3333,R_MiddleIntermediate,0.000000,0.000000,0.042415,0.144011,0.002692,-0.012051,0.989499
A,5.3333,R_MiddleDistal,0.000000,0.000000,0.027221,-0.001329,0.000611,-0.043495,0.999053
A,5.3333,R_MiddleTip,0.000305,0.001124,0.024667,0.000000,0.000000,0.000000,1.000000
A,5.3333,R_Palm,-0.003093,-0.004520,0.063675,0.000000,0.000000,0.000000,1.000000
A,5.3333,R_RingMetacarpal,0.014814,-0.005944,0.034361,0.000000,0.000000,0.000000,1.000000
A,5.3333,R_RingProximal,0.002443,-0.000507,0.053275,-0.034654,0.106710,-0.045171,0.992659
A,5.3333,R_RingIntermediate,0.000000,0.000000,0.038531,0.168161,-0.002698,-0.037261,0.985052
A,5.3333,R_RingDistal,0.000000,0.000000,0.026256,0.069814,-0.029558,-0.007917,0.997091
A,5.3333,R_RingTip,0.000255,0.001589,0.024036,0.000000,0.000000,0.000000,1.000000
A,5.3333,R_ThumbMetacarpal,-0.031684,-0.011773,0.032022,-0.106299,-0.470108,0.517716,0.706874
A,5.3333,R_ThumbProximal,0.000000,0.000000,0.032125,0.164426,0.055553,-0.082428,0.981368
A,5.3333,R_ThumbDistal,0.000000,0.000000,0.033390,-0.049519,-0.064324,0.083344,0.993209
A,5.3333,R_ThumbTip,0.000662,0.001015,0.024298,0.000000,0.000000,0.000000,1.000000
A,5.4000,R_Wrist,0.024323,1.455785,0.569524,-0.471660,-0.277809,-0.212498,0.809447
A,5.4000,R_IndexMetacarpal,-0.020496,-0.007332,0.034981,0.000000,0.000000,0.000000,1.000000
A,5.4000,R_IndexProximal,-0.002774,0.000103,0.059870,-0.023183,-0.001154,0.028369,0.999328
A,5.4000,R_IndexIntermediate,0.000000,0.000000,0.037475,0.148891,0.003273,-0.026319,0.988498
A,5.4000,R_IndexDistal,0.000000,0.000000,0.024014,0.020364,0.025691,-0.016548,0.999326
A,5.4000,R_IndexTip,0.000292,0.001013,0.022097,0.000000,0.000000,0.000000,1.000000
A,5.4000,R_LittleMetacarpal,0.022724,-0.009308,0.033667,0.018312,0.140343,-0.207036,0.968042
A,5.4000,R_LittleProximal,-0.000002,-0.000001,0.045106,-0.107869,0.027957,0.101423,0.988583
A,5.4000,R_LittleIntermediate,0.000000,0.000000,0.030354,0.233501,0.032152,-0.058195,0.970081
A,5.4000,R_LittleDistal,0.000000,0.000000,0.020069,0.050806,-0.049067,0.000902,0.997502
A,5.4000,R_LittleTip,-0.000244,0.001202,0.021661,0.000000,0.000000,0.000000,1.000000
A,5.4000,R_MiddleMetacarpal,-0.004480,-0.006527,0.032845,0.000000,0.000000,0.000000,1.000000
A,5.4000,R_MiddleProximal,0.002775,0.004014,0.061661,0.019328,0.075637,-0.006953,0.996924
A,5.4000,R_MiddleIntermediate,0.000000,0.000000,0.042415,0.144012,0.002692,-0.012051,0.989499
A,5.4000,R_MiddleDistal,0.000000,0.000000,0.027221,-0.001329,0.000611,-0.043495,0.999053
A,5.4000,R_MiddleTip,0.000305,0.001124,0.024667,0.000000,0.000000,0.000000,1.000000
A,5.4000,R_Palm,-0.003093,-0.004520,0.063675,0.000000,0.000000,0.000000,1.000000
A,5.4000,R_RingMetacarpal,0.014814,-0.005944,0.034361,0.000000,0.000000,0.000000,1.000000
A,5.4000,R_RingProximal,0.002443,-0.000507,0.053275,-0.034654,0.106710,-0.045171,0.992659
A,5.4000,R_RingIntermediate,0.000000,0.000000,0.038531,0.168161,-0.002698,-0.037261,0.985051
A,5.4000,R_RingDistal,0.000000,0.000000,0.026256,0.069814,-0.029558,-0.007917,0.997091
A,5.4000,R_RingTip,0.000255,0.001589,0.024036,0.000000,0.000000,0.000000,1.000000
A,5.4000,R_ThumbMetacarpal,-0.031684,-0.011773,0.032022,-0.106299,-0.470108,0.517716,0.706874
A,5.4000,R_ThumbProximal,0.000000,0.000000,0.032125,0.164426,0.055554,-0.082428,0.981368
A,5.4000,R_ThumbDistal,0.000000,0.000000,0.033390,-0.049519,-0.064324,0.083344,0.993209
A,5.4000,R_ThumbTip,0.000662,0.001015,0.024298,0.000000,0.000000,0.000000,1.000000
A,5.4667,R_Wrist,0.024323,1.455786,0.569524,-0.471660,-0.277809,-0.212498,0.809447
A,5.4667,R_IndexMetacarpal,-0.020496,-0.007332,0.034981,0.000000,0.000000,0.000000,1.000000
A,5.4667,R_IndexProximal,-0.002774,0.000103,0.059870,-0.023183,-0.001154,0.028369,0.999328
A,5.4667,R_IndexIntermediate,0.000000,0.000000,0.037475,0.148891,0.003273,-0.026319,0.988498
A,5.4667,R_IndexDistal,0.000000,0.000000,0.024014,0.020364,0.025691,-0.016548,0.999326
A,5.4667,R_IndexTip,0.000292,0.001013,0.022097,0.000000,0.000000,0.000000,1.000000
A,5.4667,R_LittleMetacarpal,0.022724,-0.009308,0.033667,0.018312,0.140343,-0.207036,0.968042
A,5.4667,R_LittleProximal,-0.000002,-0.000001,0.045106,-0.107869,0.027957,0.101423,0.988583
A,5.4667,R_LittleIntermediate,0.000000,0.000000,0.030354,0.233501,0.032152,-0.058195,0.970081
A,5.4667,R_LittleDistal,0.000000,0.000000,0.020069,0.050806,-0.049067,0.000902,0.997502
A,5.4667,R_LittleTip,-0.000243,0.001202,0.021661,0.000000,0.000000,0.000000,1.000000
A,5.4667,R_MiddleMetacarpal,-0.004480,-0.006527,0.032845,0.000000,0.000000,0.000000,1.000000
A,5.4667,R_MiddleProximal,0.002775,0.004014,0.061662,0.019328,0.075637,-0.006953,0.996924
A,5.4667,R_MiddleIntermediate,0.000000,0.000000,0.042415,0.144012,0.002692,-0.012051,0.989499
A,5.4667,R_MiddleDistal,0.000000,0.000000,0.027221,-0.001329,0.000611,-0.043495,0.999053
A,5.4667,R_MiddleTip,0.000305,0.001124,0.024667,0.000000,0.000000,0.000000,1.000000
A,5.4667,R_Palm,-0.003093,-0.004520,0.063676,0.000000,0.000000,0.000000,1.000000
A,5.4667,R_RingMetacarpal,0.014814,-0.005944,0.034361,0.000000,0.000000,0.000000,1.000000
A,5.4667,R_RingProximal,0.002443,-0.000507,0.053275,-0.034654,0.106710,-0.045171,0.992659
A,5.4667,R_RingIntermediate,0.000000,0.000000,0.038531,0.168161,-0.002698,-0.037261,0.985052
A,5.4667,R_RingDistal,0.000000,0.000000,0.026256,0.069814,-0.029558,-0.007917,0.997091
A,5.4667,R_RingTip,0.000255,0.001589,0.024036,0.000000,0.000000,0.000000,1.000000
A,5.4667,R_ThumbMetacarpal,-0.031684,-0.011773,0.032022,-0.106299,-0.470108,0.517715,0.706874
A,5.4667,R_ThumbProximal,0.000000,0.000000,0.032125,0.164426,0.055553,-0.082428,0.981368
A,5.4667,R_ThumbDistal,0.000000,0.000000,0.033390,-0.049519,-0.064324,0.083344,0.993209
A,5.4667,R_ThumbTip,0.000662,0.001015,0.024298,0.000000,0.000000,0.000000,1.000000
A,5.5333,R_Wrist,0.024323,1.455786,0.569525,-0.471660,-0.277809,-0.212498,0.809447
A,5.5333,R_IndexMetacarpal,-0.020496,-0.007332,0.034981,0.000000,0.000000,0.000000,1.000000
A,5.5333,R_IndexProximal,-0.002774,0.000103,0.059870,-0.023183,-0.001154,0.028368,0.999328
A,5.5333,R_IndexIntermediate,0.000000,0.000000,0.037475,0.148891,0.003273,-0.026319,0.988498
A,5.5333,R_IndexDistal,0.000000,0.000000,0.024014,0.020364,0.025691,-0.016548,0.999326
A,5.5333,R_IndexTip,0.000292,0.001013,0.022097,0.000000,0.000000,0.000000,1.000000
A,5.5333,R_LittleMetacarpal,0.022724,-0.009308,0.033667,0.018312,0.140343,-0.207036,0.968042
A,5.5333,R_LittleProximal,-0.000002,-0.000001,0.045106,-0.107869,0.027957,0.101423,0.988583
A,5.5333,R_LittleIntermediate,0.000000,0.000000,0.030354,0.233501,0.032152,-0.058195,0.970081
A,5.5333,R_LittleDistal,0.000000,0.000000,0.020069,0.050806,-0.049067,0.000902,0.997502
A,5.5333,R_LittleTip,-0.000244,0.001202,0.021661,0.000000,0.000000,0.000000,1.000000
A,5.5333,R_MiddleMetacarpal,-0.004480,-0.006527,0.032845,0.000000,0.000000,0.000000,1.000000
A,5.5333,R_MiddleProximal,0.002775,0.004014,0.061662,0.019328,0.075637,-0.006953,0.996924
A,5.5333,R_MiddleIntermediate,0.000000,0.000000,0.042415,0.144012,0.002692,-0.012051,0.989499
A,5.5333,R_MiddleDistal,0.000000,0.000000,0.027221,-0.001329,0.000611,-0.043495,0.999053
A,5.5333,R_MiddleTip,0.000305,0.001124,0.024667,0.000000,0.000000,0.000000,1.000000
A,5.5333,R_Palm,-0.003093,-0.004520,0.063676,0.000000,0.000000,0.000000,1.000000
A,5.5333,R_RingMetacarpal,0.014814,-0.005944,0.034361,0.000000,0.000000,0.000000,1.000000
A,5.5333,R_RingProximal,0.002443,-0.000507,0.053275,-0.034654,0.106710,-0.045171,0.992659
A,5.5333,R_RingIntermediate,0.000000,0.000000,0.038531,0.168161,-0.002698,-0.037261,0.985052
A,5.5333,R_RingDistal,0.000000,0.000000,0.026257,0.069814,-0.029558,-0.007917,0.997091
A,5.5333,R_RingTip,0.000255,0.001589,0.024036,0.000000,0.000000,0.000000,1.000000
A,5.5333,R_ThumbMetacarpal,-0.031684,-0.011773,0.032022,-0.106299,-0.470108,0.517716,0.706874
A,5.5333,R_ThumbProximal,0.000000,0.000000,0.032125,0.164426,0.055554,-0.082428,0.981368
A,5.5333,R_ThumbDistal,0.000000,0.000000,0.033390,-0.049519,-0.064324,0.083344,0.993209
A,5.5333,R_ThumbTip,0.000662,0.001015,0.024298,0.000000,0.000000,0.000000,1.000000
A,5.6000,R_Wrist,0.024323,1.455786,0.569525,-0.471660,-0.277809,-0.212498,0.809447
A,5.6000,R_IndexMetacarpal,-0.020496,-0.007333,0.034981,0.000000,0.000000,0.000000,1.000000
A,5.6000,R_IndexProximal,-0.002774,0.000103,0.059870,-0.023183,-0.001154,0.028368,0.999328
A,5.6000,R_IndexIntermediate,0.000000,0.000000,0.037475,0.148891,0.003273,-0.026319,0.988498
A,5.6000,R_IndexDistal,0.000000,0.000000,0.024014,0.020364,0.025691,-0.016548,0.999326
A,5.6000,R_IndexTip,0.000292,0.001013,0.022097,0.000000,0.000000,0.000000,1.000000
A,5.6000,R_LittleMetacarpal,0.022724,-0.009308,0.033667,0.018312,0.140343,-0.207036,0.968042
A,5.6000,R_LittleProximal,-0.000002,-0.000001,0.045106,-0.107869,0.027957,0.101423,0.988583
A,5.6000,R_LittleIntermediate,0.000000,0.000000,0.030354,0.233501,0.032152,-0.058195,0.970081
A,5.6000,R_LittleDistal,0.000000,0.000000,0.020069,0.050806,-0.049067,0.000902,0.997502
A,5.6000,R_LittleTip,-0.000244,0.001202,0.021661,0.000000,0.000000,0.000000,1.000000
A,5.6000,R_MiddleMetacarpal,-0.004480,-0.006527,0.032845,0.000000,0.000000,0.000000,1.000000
A,5.6000,R_MiddleProximal,0.002775,0.004014,0.061662,0.019328,0.075637,-0.006953,0.996924
A,5.6000,R_MiddleIntermediate,0.000000,0.000000,0.042415,0.144012,0.002692,-0.012051,0.989499
A,5.6000,R_MiddleDistal,0.000000,0.000000,0.027221,-0.001329,0.000611,-0.043495,0.999053
A,5.6000,R_MiddleTip,0.000305,0.001124,0.024667,0.000000,0.000000,0.000000,1.000000
A,5.6000,R_Palm,-0.003093,-0.004520,0.063676,0.000000,0.000000,0.000000,1.000000
A,5.6000,R_RingMetacarpal,0.014814,-0.005944,0.034361,0.000000,0.000000,0.000000,1.000000
A,5.6000,R_RingProximal,0.002443,-0.000507,0.053276,-0.034654,0.106710,-0.045171,0.992659
A,5.6000,R_RingIntermediate,0.000000,0.000000,0.038531,0.168161,-0.002698,-0.037262,0.985052
A,5.6000,R_RingDistal,0.000000,0.000000,0.026257,0.069815,-0.029558,-0.007917,0.997091
A,5.6000,R_RingTip,0.000255,0.001589,0.024036,0.000000,0.000000,0.000000,1.000000
A,5.6000,R_ThumbMetacarpal,-0.031684,-0.011773,0.032022,-0.106299,-0.470108,0.517716,0.706874
A,5.6000,R_ThumbProximal,0.000000,0.000000,0.032125,0.164426,0.055554,-0.082428,0.981368
A,5.6000,R_ThumbDistal,0.000000,0.000000,0.033390,-0.049519,-0.064324,0.083344,0.993209
A,5.6000,R_ThumbTip,0.000662,0.001015,0.024298,0.000000,0.000000,0.000000,1.000000
A,5.6667,R_Wrist,0.024323,1.455786,0.569526,-0.471660,-0.277809,-0.212498,0.809447
A,5.6667,R_IndexMetacarpal,-0.020496,-0.007332,0.034982,0.000000,0.000000,0.000000,1.000000
A,5.6667,R_IndexProximal,-0.002774,0.000103,0.059870,-0.023183,-0.001154,0.028368,0.999328
A,5.6667,R_IndexIntermediate,0.000000,0.000000,0.037475,0.148891,0.003273,-0.026319,0.988498
A,5.6667,R_IndexDistal,0.000000,0.000000,0.024014,0.020364,0.025691,-0.016548,0.999326
A,5.6667,R_IndexTip,0.000292,0.001013,0.022097,0.000000,0.000000,0.000000,1.000000
A,5.6667,R_LittleMetacarpal,0.022724,-0.009308,0.033667,0.018312,0.140343,-0.207036,0.968042
A,5.6667,R_LittleProximal,-0.000002,-0.000001,0.045106,-0.107869,0.027957,0.101423,0.988583
A,5.6667,R_LittleIntermediate,0.000000,0.000000,0.030354,0.233501,0.032152,-0.058195,0.970081
A,5.6667,R_LittleDistal,0.000000,0.000000,0.020069,0.050806,-0.049067,0.000902,0.997502
A,5.6667,R_LittleTip,-0.000244,0.001202,0.021661,0.000000,0.000000,0.000000,1.000000
A,5.6667,R_MiddleMetacarpal,-0.004480,-0.006527,0.032845,0.000000,0.000000,0.000000,1.000000
A,5.6667,R_MiddleProximal,0.002775,0.004014,0.061662,0.019328,0.075637,-0.006953,0.996924
A,5.6667,R_MiddleIntermediate,0.000000,0.000000,0.042415,0.144012,0.002692,-0.012051,0.989499
A,5.6667,R_MiddleDistal,0.000000,0.000000,0.027221,-0.001329,0.000611,-0.043495,0.999053
A,5.6667,R_MiddleTip,0.000305,0.001124,0.024667,0.000000,0.000000,0.000000,1.000000
A,5.6667,R_Palm,-0.003093,-0.004520,0.063676,0.000000,0.000000,0.000000,1.000000
A,5.6667,R_RingMetacarpal,0.014814,-0.005944,0.034361,0.000000,0.000000,0.000000,1.000000
A,5.6667,R_RingProximal,0.002443,-0.000507,0.053276,-0.034654,0.106710,-0.045171,0.992659
A,5.6667,R_RingIntermediate,0.000000,0.000000,0.038531,0.168161,-0.002698,-0.037261,0.985052
A,5.6667,R_RingDistal,0.000000,0.000000,0.026257,0.069814,-0.029558,-0.007917,0.997091
A,5.6667,R_RingTip,0.000255,0.001589,0.024036,0.000000,0.000000,0.000000,1.000000
A,5.6667,R_ThumbMetacarpal,-0.031684,-0.011773,0.032022,-0.106299,-0.470108,0.517716,0.706874
A,5.6667,R_ThumbProximal,0.000000,0.000000,0.032125,0.164426,0.055553,-0.082428,0.981368
A,5.6667,R_ThumbDistal,0.000000,0.000000,0.033390,-0.049519,-0.064324,0.083344,0.993209
A,5.6667,R_ThumbTip,0.000662,0.001015,0.024298,0.000000,0.000000,0.000000,1.000000
A,5.7333,R_Wrist,0.024324,1.455786,0.569526,-0.471660,-0.277809,-0.212498,0.809447
A,5.7333,R_IndexMetacarpal,-0.020496,-0.007332,0.034982,0.000000,0.000000,0.000000,1.000000
A,5.7333,R_IndexProximal,-0.002774,0.000103,0.059871,-0.023183,-0.001154,0.028369,0.999328
A,5.7333,R_IndexIntermediate,0.000000,0.000000,0.037475,0.148891,0.003273,-0.026319,0.988498
A,5.7333,R_IndexDistal,0.000000,0.000000,0.024014,0.020364,0.025691,-0.016548,0.999326
A,5.7333,R_IndexTip,0.000292,0.001013,0.022097,0.000000,0.000000,0.000000,1.000000
A,5.7333,R_LittleMetacarpal,0.022724,-0.009308,0.033667,0.018312,0.140343,-0.207036,0.968042
A,5.7333,R_LittleProximal,-0.000002,-0.000001,0.045106,-0.107869,0.027957,0.101423,0.988583
A,5.7333,R_LittleIntermediate,0.000000,0.000000,0.030354,0.233501,0.032152,-0.058195,0.970081
A,5.7333,R_LittleDistal,0.000000,0.000000,0.020069,0.050806,-0.049067,0.000902,0.997502
A,5.7333,R_LittleTip,-0.000244,0.001202,0.021661,0.000000,0.000000,0.000000,1.000000
A,5.7333,R_MiddleMetacarpal,-0.004480,-0.006527,0.032845,0.000000,0.000000,0.000000,1.000000
A,5.7333,R_MiddleProximal,0.002775,0.004014,0.061662,0.019328,0.075637,-0.006953,0.996924
A,5.7333,R_MiddleIntermediate,0.000000,0.000000,0.042415,0.144012,0.002692,-0.012051,0.989499
A,5.7333,R_MiddleDistal,0.000000,0.000000,0.027221,-0.001329,0.000611,-0.043495,0.999053
A,5.7333,R_MiddleTip,0.000305,0.001124,0.024667,0.000000,0.000000,0.000000,1.000000
A,5.7333,R_Palm,-0.003093,-0.004520,0.063676,0.000000,0.000000,0.000000,1.000000
A,5.7333,R_RingMetacarpal,0.014814,-0.005944,0.034361,0.000000,0.000000,0.000000,1.000000
A,5.7333,R_RingProximal,0.002443,-0.000507,0.053276,-0.034654,0.106710,-0.045171,0.992659
A,5.7333,R_RingIntermediate,0.000000,0.000000,0.038531,0.168161,-0.002698,-0.037261,0.985051
A,5.7333,R_RingDistal,0.000000,0.000000,0.026257,0.069814,-0.029558,-0.007917,0.997091
A,5.7333,R_RingTip,0.000255,0.001589,0.024036,0.000000,0.000000,0.000000,1.000000
A,5.7333,R_ThumbMetacarpal,-0.031684,-0.011773,0.032022,-0.106299,-0.470108,0.517716,0.706874
A,5.7333,R_ThumbProximal,0.000000,0.000000,0.032125,0.164426,0.055553,-0.082428,0.981368
A,5.7333,R_ThumbDistal,0.000000,0.000000,0.033390,-0.049519,-0.064324,0.083344,0.993209
A,5.7333,R_ThumbTip,0.000662,0.001015,0.024298,0.000000,0.000000,0.000000,1.000000
A,5.8000,R_Wrist,0.024324,1.455787,0.569527,-0.471660,-0.277809,-0.212498,0.809447
A,5.8000,R_IndexMetacarpal,-0.020496,-0.007333,0.034982,0.000000,0.000000,0.000000,1.000000
A,5.8000,R_IndexProximal,-0.002774,0.000103,0.059871,-0.023183,-0.001154,0.028369,0.999328
A,5.8000,R_IndexIntermediate,0.000000,0.000000,0.037475,0.148891,0.003273,-0.026319,0.988498
A,5.8000,R_IndexDistal,0.000000,0.000000,0.024014,0.020364,0.025691,-0.016548,0.999326
A,5.8000,R_IndexTip,0.000292,0.001013,0.022097,0.000000,0.000000,0.000000,1.000000
A,5.8000,R_LittleMetacarpal,0.022725,-0.009308,0.033668,0.018312,0.140343,-0.207036,0.968042
A,5.8000,R_LittleProximal,-0.000002,-0.000001,0.045106,-0.107869,0.027957,0.101423,0.988583
A,5.8000,R_LittleIntermediate,0.000000,0.000000,0.030354,0.233501,0.032152,-0.058195,0.970081
A,5.8000,R_LittleDistal,0.000000,0.000000,0.020069,0.050806,-0.049067,0.000902,0.997502
A,5.8000,R_LittleTip,-0.000244,0.001202,0.021661,0.000000,0.000000,0.000000,1.000000
A,5.8000,R_MiddleMetacarpal,-0.004480,-0.006527,0.032845,0.000000,0.000000,0.000000,1.000000
A,5.8000,R_MiddleProximal,0.002775,0.004014,0.061662,0.019328,0.075637,-0.006953,0.996924
A,5.8000,R_MiddleIntermediate,0.000000,0.000000,0.042416,0.144012,0.002692,-0.012051,0.989499
A,5.8000,R_MiddleDistal,0.000000,0.000000,0.027221,-0.001329,0.000611,-0.043495,0.999053
A,5.8000,R_MiddleTip,0.000305,0.001124,0.024667,0.000000,0.000000,0.000000,1.000000
A,5.8000,R_Palm,-0.003093,-0.004520,0.063676,0.000000,0.000000,0.000000,1.000000
A,5.8000,R_RingMetacarpal,0.014814,-0.005944,0.034361,0.000000,0.000000,0.000000,1.000000
A,5.8000,R_RingProximal,0.002443,-0.000507,0.053276,-0.034654,0.106710,-0.045171,0.992659
A,5.8000,R_RingIntermediate,0.000000,0.000000,0.038531,0.168161,-0.002698,-0.037261,0.985052
A,5.8000,R_RingDistal,0.000000,0.000000,0.026257,0.069814,-0.029558,-0.007917,0.997091
A,5.8000,R_RingTip,0.000255,0.001589,0.024036,0.000000,0.000000,0.000000,1.000000
A,5.8000,R_ThumbMetacarpal,-0.031684,-0.011773,0.032022,-0.106299,-0.470108,0.517716,0.706874
A,5.8000,R_ThumbProximal,0.000000,0.000000,0.032125,0.164426,0.055554,-0.082428,0.981368
A,5.8000,R_ThumbDistal,0.000000,0.000000,0.033390,-0.049519,-0.064324,0.083344,0.993209
A,5.8000,R_ThumbTip,0.000662,0.001015,0.024298,0.000000,0.000000,0.000000,1.000000
A,5.8667,R_Wrist,0.024324,1.455787,0.569527,-0.471660,-0.277809,-0.212498,0.809447
A,5.8667,R_IndexMetacarpal,-0.020496,-0.007333,0.034982,0.000000,0.000000,0.000000,1.000000
A,5.8667,R_IndexProximal,-0.002774,0.000103,0.059871,-0.023183,-0.001154,0.028368,0.999328
A,5.8667,R_IndexIntermediate,0.000000,0.000000,0.037475,0.148891,0.003273,-0.026319,0.988498
A,5.8667,R_IndexDistal,0.000000,0.000000,0.024014,0.020364,0.025691,-0.016548,0.999326
A,5.8667,R_IndexTip,0.000292,0.001013,0.022097,0.000000,0.000000,0.000000,1.000000
A,5.8667,R_LittleMetacarpal,0.022725,-0.009308,0.033668,0.018312,0.140343,-0.207036,0.968042
A,5.8667,R_LittleProximal,-0.000002,-0.000001,0.045107,-0.107869,0.027957,0.101423,0.988583
A,5.8667,R_LittleIntermediate,0.000000,0.000000,0.030354,0.233501,0.032152,-0.058195,0.970081
A,5.8667,R_LittleDistal,0.000000,0.000000,0.020069,0.050806,-0.049067,0.000902,0.997502
A,5.8667,R_LittleTip,-0.000244,0.001202,0.021661,0.000000,0.000000,0.000000,1.000000
A,5.8667,R_MiddleMetacarpal,-0.004480,-0.006527,0.032845,0.000000,0.000000,0.000000,1.000000
A,5.8667,R_MiddleProximal,0.002775,0.004014,0.061662,0.019328,0.075637,-0.006953,0.996924
A,5.8667,R_MiddleIntermediate,0.000000,0.000000,0.042416,0.144012,0.002692,-0.012051,0.989499
A,5.8667,R_MiddleDistal,0.000000,0.000000,0.027221,-0.001329,0.000611,-0.043495,0.999053
A,5.8667,R_MiddleTip,0.000305,0.001124,0.024667,0.000000,0.000000,0.000000,1.000000
A,5.8667,R_Palm,-0.003093,-0.004520,0.063676,0.000000,0.000000,0.000000,1.000000
A,5.8667,R_RingMetacarpal,0.014814,-0.005944,0.034361,0.000000,0.000000,0.000000,1.000000
A,5.8667,R_RingProximal,0.002443,-0.000507,0.053276,-0.034654,0.106710,-0.045171,0.992659
A,5.8667,R_RingIntermediate,0.000000,0.000000,0.038532,0.168161,-0.002698,-0.037261,0.985052
A,5.8667,R_RingDistal,0.000000,0.000000,0.026257,0.069814,-0.029558,-0.007917,0.997091
A,5.8667,R_RingTip,0.000255,0.001589,0.024036,0.000000,0.000000,0.000000,1.000000
A,5.8667,R_ThumbMetacarpal,-0.031684,-0.011773,0.032022,-0.106299,-0.470108,0.517716,0.706874
A,5.8667,R_ThumbProximal,0.000000,0.000000,0.032126,0.164426,0.055553,-0.082428,0.981368
A,5.8667,R_ThumbDistal,0.000000,0.000000,0.033390,-0.049519,-0.064324,0.083344,0.993209
A,5.8667,R_ThumbTip,0.000662,0.001015,0.024298,0.000000,0.000000,0.000000,1.000000
A,5.9333,R_Wrist,0.024324,1.455787,0.569528,-0.471660,-0.277809,-0.212498,0.809447
A,5.9333,R_IndexMetacarpal,-0.020496,-0.007333,0.034982,0.000000,0.000000,0.000000,1.000000
A,5.9333,R_IndexProximal,-0.002774,0.000103,0.059871,-0.023183,-0.001154,0.028369,0.999328
A,5.9333,R_IndexIntermediate,0.000000,0.000000,0.037475,0.148891,0.003273,-0.026319,0.988498
A,5.9333,R_IndexDistal,0.000000,0.000000,0.024014,0.020364,0.025691,-0.016548,0.999326
A,5.9333,R_IndexTip,0.000292,0.001013,0.022097,0.000000,0.000000,0.000000,1.000000
A,5.9333,R_LittleMetacarpal,0.022725,-0.009308,0.033668,0.018312,0.140343,-0.207036,0.968042
A,5.9333,R_LittleProximal,-0.000002,-0.000001,0.045107,-0.107869,0.027957,0.101423,0.988583
A,5.9333,R_LittleIntermediate,0.000000,0.000000,0.030354,0.233501,0.032152,-0.058195,0.970081
A,5.9333,R_LittleDistal,0.000000,0.000000,0.020069,0.050806,-0.049067,0.000902,0.997502
A,5.9333,R_LittleTip,-0.000244,0.001202,0.021661,0.000000,0.000000,0.000000,1.000000
A,5.9333,R_MiddleMetacarpal,-0.004480,-0.006527,0.032845,0.000000,0.000000,0.000000,1.000000
A,5.9333,R_MiddleProximal,0.002775,0.004014,0.061662,0.019328,0.075637,-0.006953,0.996924
A,5.9333,R_MiddleIntermediate,0.000000,0.000000,0.042416,0.144012,0.002692,-0.012051,0.989499
A,5.9333,R_MiddleDistal,0.000000,0.000000,0.027221,-0.001329,0.000611,-0.043495,0.999053
A,5.9333,R_MiddleTip,0.000305,0.001124,0.024667,0.000000,0.000000,0.000000,1.000000
A,5.9333,R_Palm,-0.003093,-0.004520,0.063676,0.000000,0.000000,0.000000,1.000000
A,5.9333,R_RingMetacarpal,0.014814,-0.005944,0.034361,0.000000,0.000000,0.000000,1.000000
A,5.9333,R_RingProximal,0.002443,-0.000507,0.053276,-0.034654,0.106710,-0.045171,0.992659
A,5.9333,R_RingIntermediate,0.000000,0.000000,0.038532,0.168161,-0.002698,-0.037261,0.985052
A,5.9333,R_RingDistal,0.000000,0.000000,0.026257,0.069814,-0.029558,-0.007917,0.997091
A,5.9333,R_RingTip,0.000255,0.001589,0.024036,0.000000,0.000000,0.000000,1.000000
A,5.9333,R_ThumbMetacarpal,-0.031684,-0.011773,0.032022,-0.106299,-0.470108,0.517716,0.706874
A,5.9333,R_ThumbProximal,0.000000,0.000000,0.032126,0.164426,0.055554,-0.082428,0.981368
A,5.9333,R_ThumbDistal,0.000000,0.000000,0.033390,-0.049519,-0.064324,0.083344,0.993209
A,5.9333,R_ThumbTip,0.000662,0.001015,0.024298,0.000000,0.000000,0.000000,1.000000
A,6.0000,R_Wrist,0.024324,1.455788,0.569529,-0.471660,-0.277809,-0.212498,0.809447
A,6.0000,R_IndexMetacarpal,-0.020496,-0.007333,0.034982,0.000000,0.000000,0.000000,1.000000
A,6.0000,R_IndexProximal,-0.002774,0.000103,0.059871,-0.023183,-0.001154,0.028369,0.999328
A,6.0000,R_IndexIntermediate,0.000000,0.000000,0.037475,0.148891,0.003273,-0.026319,0.988498
A,6.0000,R_IndexDistal,0.000000,0.000000,0.024014,0.020364,0.025691,-0.016548,0.999326
A,6.0000,R_IndexTip,0.000292,0.001013,0.022097,0.000000,0.000000,0.000000,1.000000
A,6.0000,R_LittleMetacarpal,0.022725,-0.009308,0.033668,0.018312,0.140343,-0.207036,0.968042
A,6.0000,R_LittleProximal,-0.000002,-0.000001,0.045107,-0.107869,0.027957,0.101423,0.988583
A,6.0000,R_LittleIntermediate,0.000000,0.000000,0.030355,0.233501,0.032152,-0.058195,0.970081
A,6.0000,R_LittleDistal,0.000000,0.000000,0.020069,0.050806,-0.049067,0.000902,0.997502
A,6.0000,R_LittleTip,-0.000244,0.001202,0.021661,0.000000,0.000000,0.000000,1.000000
A,6.0000,R_MiddleMetacarpal,-0.004480,-0.006527,0.032845,0.000000,0.000000,0.000000,1.000000
A,6.0000,R_MiddleProximal,0.002775,0.004014,0.061662,0.019328,0.075637,-0.006953,0.996924
A,6.0000,R_MiddleIntermediate,0.000000,0.000000,0.042416,0.144012,0.002692,-0.012051,0.989499
A,6.0000,R_MiddleDistal,0.000000,0.000000,0.027221,-0.001329,0.000611,-0.043495,0.999053
A,6.0000,R_MiddleTip,0.000305,0.001124,0.024668,0.000000,0.000000,0.000000,1.000000
A,6.0000,R_Palm,-0.003093,-0.004520,0.063676,0.000000,0.000000,0.000000,1.000000
A,6.0000,R_RingMetacarpal,0.014814,-0.005944,0.034361,0.000000,0.000000,0.000000,1.000000
A,6.0000,R_RingProximal,0.002443,-0.000507,0.053276,-0.034654,0.106710,-0.045171,0.992659
A,6.0000,R_RingIntermediate,0.000000,0.000000,0.038532,0.168161,-0.002698,-0.037261,0.985051
A,6.0000,R_RingDistal,0.000000,0.000000,0.026257,0.069814,-0.029558,-0.007917,0.997091
A,6.0000,R_RingTip,0.000255,0.001589,0.024036,0.000000,0.000000,0.000000,1.000000
A,6.0000,R_ThumbMetacarpal,-0.031685,-0.011773,0.032022,-0.106299,-0.470108,0.517716,0.706874
A,6.0000,R_ThumbProximal,0.000000,0.000000,0.032126,0.164426,0.055554,-0.082428,0.981368
A,6.0000,R_ThumbDistal,0.000000,0.000000,0.033390,-0.049519,-0.064324,0.083344,0.993209
A,6.0000,R_ThumbTip,0.000662,0.001015,0.024298,0.000000,0.000000,0.000000,1.000000
A,6.0667,R_Wrist,0.024324,1.455788,0.569530,-0.471660,-0.277809,-0.212498,0.809447
A,6.0667,R_IndexMetacarpal,-0.020496,-0.007333,0.034982,0.000000,0.000000,0.000000,1.000000
A,6.0667,R_IndexProximal,-0.002774,0.000103,0.059871,-0.023183,-0.001154,0.028368,0.999328
A,6.0667,R_IndexIntermediate,0.000000,0.000000,0.037476,0.148891,0.003273,-0.026319,0.988498
A,6.0667,R_IndexDistal,0.000000,0.000000,0.024014,0.020364,0.025691,-0.016548,0.999326
A,6.0667,R_IndexTip,0.000292,0.001013,0.022097,0.000000,0.000000,0.000000,1.000000
A,6.0667,R_LittleMetacarpal,0.022725,-0.009308,0.033668,0.018312,0.140343,-0.207036,0.968042
A,6.0667,R_LittleProximal,-0.000002,-0.000001,0.045107,-0.107869,0.027957,0.101423,0.988583
A,6.0667,R_LittleIntermediate,0.000000,0.000000,0.030355,0.233501,0.032152,-0.058195,0.970081
A,6.0667,R_LittleDistal,0.000000,0.000000,0.020069,0.050806,-0.049067,0.000902,0.997502
A,6.0667,R_LittleTip,-0.000244,0.001202,0.021661,0.000000,0.000000,0.000000,1.000000
A,6.0667,R_MiddleMetacarpal,-0.004480,-0.006527,0.032845,0.000000,0.000000,0.000000,1.000000
A,6.0667,R_MiddleProximal,0.002775,0.004014,0.061662,0.019328,0.075637,-0.006953,0.996924
A,6.0667,R_MiddleIntermediate,0.000000,0.000000,0.042416,0.144012,0.002692,-0.012051,0.989499
A,6.0667,R_MiddleDistal,0.000000,0.000000,0.027221,-0.001329,0.000611,-0.043495,0.999053
A,6.0667,R_MiddleTip,0.000305,0.001124,0.024668,0.000000,0.000000,0.000000,1.000000
A,6.0667,R_Palm,-0.003093,-0.004520,0.063676,0.000000,0.000000,0.000000,1.000000
A,6.0667,R_RingMetacarpal,0.014814,-0.005944,0.034361,0.000000,0.000000,0.000000,1.000000
A,6.0667,R_RingProximal,0.002443,-0.000507,0.053276,-0.034654,0.106710,-0.045171,0.992659
A,6.0667,R_RingIntermediate,0.000000,0.000000,0.038532,0.168161,-0.002698,-0.037261,0.985052
A,6.0667,R_RingDistal,0.000000,0.000000,0.026257,0.069814,-0.029558,-0.007917,0.997091
A,6.0667,R_RingTip,0.000255,0.001589,0.024036,0.000000,0.000000,0.000000,1.000000
A,6.0667,R_ThumbMetacarpal,-0.031685,-0.011773,0.032022,-0.106299,-0.470108,0.517716,0.706874
A,6.0667,R_ThumbProximal,0.000000,0.000000,0.032126,0.164426,0.055554,-0.082428,0.981368
A,6.0667,R_ThumbDistal,0.000000,0.000000,0.033390,-0.049519,-0.064324,0.083344,0.993209
A,6.0667,R_ThumbTip,0.000662,0.001015,0.024298,0.000000,0.000000,0.000000,1.000000
A,6.1333,R_Wrist,0.024324,1.455788,0.569530,-0.471660,-0.277809,-0.212498,0.809447
A,6.1333,R_IndexMetacarpal,-0.020496,-0.007333,0.034982,0.000000,0.000000,0.000000,1.000000
A,6.1333,R_IndexProximal,-0.002774,0.000103,0.059871,-0.023183,-0.001154,0.028369,0.999328
A,6.1333,R_IndexIntermediate,0.000000,0.000000,0.037476,0.148891,0.003273,-0.026319,0.988498
A,6.1333,R_IndexDistal,0.000000,0.000000,0.024014,0.020364,0.025691,-0.016548,0.999326
A,6.1333,R_IndexTip,0.000292,0.001013,0.022097,0.000000,0.000000,0.000000,1.000000
A,6.1333,R_LittleMetacarpal,0.022725,-0.009308,0.033668,0.018312,0.140343,-0.207036,0.968042
A,6.1333,R_LittleProximal,-0.000002,-0.000001,0.045107,-0.107869,0.027957,0.101423,0.988583
A,6.1333,R_LittleIntermediate,0.000000,0.000000,0.030355,0.233501,0.032152,-0.058195,0.970081
A,6.1333,R_LittleDistal,0.000000,0.000000,0.020069,0.050806,-0.049067,0.000902,0.997502
A,6.1333,R_LittleTip,-0.000244,0.001202,0.021661,0.000000,0.000000,0.000000,1.000000
A,6.1333,R_MiddleMetacarpal,-0.004480,-0.006527,0.032845,0.000000,0.000000,0.000000,1.000000
A,6.1333,R_MiddleProximal,0.002775,0.004014,0.061662,0.019328,0.075637,-0.006953,0.996924
A,6.1333,R_MiddleIntermediate,0.000000,0.000000,0.042416,0.144012,0.002692,-0.012051,0.989499
A,6.1333,R_MiddleDistal,0.000000,0.000000,0.027222,-0.001329,0.000611,-0.043495,0.999053
A,6.1333,R_MiddleTip,0.000305,0.001124,0.024668,0.000000,0.000000,0.000000,1.000000
A,6.1333,R_Palm,-0.003093,-0.004520,0.063676,0.000000,0.000000,0.000000,1.000000
A,6.1333,R_RingMetacarpal,0.014814,-0.005944,0.034361,0.000000,0.000000,0.000000,1.000000
A,6.1333,R_RingProximal,0.002443,-0.000507,0.053276,-0.034654,0.106710,-0.045171,0.992659
A,6.1333,R_RingIntermediate,0.000000,0.000000,0.038532,0.168161,-0.002698,-0.037261,0.985052
A,6.1333,R_RingDistal,0.000000,0.000000,0.026257,0.069814,-0.029558,-0.007917,0.997091
A,6.1333,R_RingTip,0.000255,0.001589,0.024036,0.000000,0.000000,0.000000,1.000000
A,6.1333,R_ThumbMetacarpal,-0.031685,-0.011773,0.032022,-0.106299,-0.470108,0.517716,0.706874
A,6.1333,R_ThumbProximal,0.000000,0.000000,0.032126,0.164426,0.055554,-0.082428,0.981368
A,6.1333,R_ThumbDistal,0.000000,0.000000,0.033391,-0.049519,-0.064324,0.083344,0.993209
A,6.1333,R_ThumbTip,0.000662,0.001015,0.024298,0.000000,0.000000,0.000000,1.000000
A,6.2000,R_Wrist,0.024324,1.455789,0.569531,-0.471660,-0.277809,-0.212498,0.809447
A,6.2000,R_IndexMetacarpal,-0.020496,-0.007333,0.034982,0.000000,0.000000,0.000000,1.000000
A,6.2000,R_IndexProximal,-0.002774,0.000103,0.059871,-0.023183,-0.001154,0.028369,0.999328
A,6.2000,R_IndexIntermediate,0.000000,0.000000,0.037476,0.148891,0.003273,-0.026319,0.988498
A,6.2000,R_IndexDistal,0.000000,0.000000,0.024014,0.020364,0.025691,-0.016548,0.999326
A,6.2000,R_IndexTip,0.000292,0.001013,0.022097,0.000000,0.000000,0.000000,1.000000
A,6.2000,R_LittleMetacarpal,0.022725,-0.009308,0.033668,0.018312,0.140343,-0.207036,0.968042
A,6.2000,R_LittleProximal,-0.000002,-0.000001,0.045107,-0.107869,0.027957,0.101423,0.988583
A,6.2000,R_LittleIntermediate,0.000000,0.000000,0.030355,0.233501,0.032152,-0.058195,0.970081
A,6.2000,R_LittleDistal,0.000000,0.000000,0.020069,0.050806,-0.049067,0.000902,0.997502
A,6.2000,R_LittleTip,-0.000244,0.001202,0.021661,0.000000,0.000000,0.000000,1.000000
A,6.2000,R_MiddleMetacarpal,-0.004480,-0.006527,0.032845,0.000000,0.000000,0.000000,1.000000
A,6.2000,R_MiddleProximal,0.002775,0.004014,0.061662,0.019328,0.075637,-0.006953,0.996924
A,6.2000,R_MiddleIntermediate,0.000000,0.000000,0.042416,0.144012,0.002692,-0.012051,0.989499
A,6.2000,R_MiddleDistal,0.000000,0.000000,0.027222,-0.001329,0.000611,-0.043495,0.999053
A,6.2000,R_MiddleTip,0.000305,0.001124,0.024668,0.000000,0.000000,0.000000,1.000000
A,6.2000,R_Palm,-0.003093,-0.004520,0.063676,0.000000,0.000000,0.000000,1.000000
A,6.2000,R_RingMetacarpal,0.014814,-0.005944,0.034361,0.000000,0.000000,0.000000,1.000000
A,6.2000,R_RingProximal,0.002443,-0.000507,0.053276,-0.034654,0.106710,-0.045171,0.992659
A,6.2000,R_RingIntermediate,0.000000,0.000000,0.038532,0.168161,-0.002698,-0.037261,0.985052
A,6.2000,R_RingDistal,0.000000,0.000000,0.026257,0.069814,-0.029558,-0.007917,0.997091
A,6.2000,R_RingTip,0.000255,0.001589,0.024036,0.000000,0.000000,0.000000,1.000000
A,6.2000,R_ThumbMetacarpal,-0.031685,-0.011773,0.032022,-0.106299,-0.470108,0.517716,0.706874
A,6.2000,R_ThumbProximal,0.000000,0.000000,0.032126,0.164426,0.055553,-0.082428,0.981368
A,6.2000,R_ThumbDistal,0.000000,0.000000,0.033391,-0.049519,-0.064324,0.083344,0.993209
A,6.2000,R_ThumbTip,0.000662,0.001015,0.024298,0.000000,0.000000,0.000000,1.000000
A,6.2667,R_Wrist,0.024324,1.455789,0.569532,-0.471660,-0.277809,-0.212498,0.809447
A,6.2667,R_IndexMetacarpal,-0.020496,-0.007333,0.034982,0.000000,0.000000,0.000000,1.000000
A,6.2667,R_IndexProximal,-0.002774,0.000103,0.059871,-0.023183,-0.001154,0.028369,0.999328
A,6.2667,R_IndexIntermediate,0.000000,0.000000,0.037476,0.148891,0.003273,-0.026319,0.988498
A,6.2667,R_IndexDistal,0.000000,0.000000,0.024014,0.020364,0.025691,-0.016548,0.999326
A,6.2667,R_IndexTip,0.000292,0.001013,0.022097,0.000000,0.000000,0.000000,1.000000
A,6.2667,R_LittleMetacarpal,0.022725,-0.009308,0.033668,0.018312,0.140343,-0.207036,0.968042
A,6.2667,R_LittleProximal,-0.000002,-0.000001,0.045107,-0.107869,0.027957,0.101423,0.988583
A,6.2667,R_LittleIntermediate,0.000000,0.000000,0.030355,0.233501,0.032152,-0.058195,0.970081
A,6.2667,R_LittleDistal,0.000000,0.000000,0.020070,0.050806,-0.049067,0.000902,0.997502
A,6.2667,R_LittleTip,-0.000244,0.001202,0.021661,0.000000,0.000000,0.000000,1.000000
A,6.2667,R_MiddleMetacarpal,-0.004480,-0.006527,0.032845,0.000000,0.000000,0.000000,1.000000
A,6.2667,R_MiddleProximal,0.002775,0.004014,0.061662,0.019328,0.075637,-0.006953,0.996924
A,6.2667,R_MiddleIntermediate,0.000000,0.000000,0.042416,0.144012,0.002692,-0.012051,0.989499
A,6.2667,R_MiddleDistal,0.000000,0.000000,0.027222,-0.001329,0.000611,-0.043495,0.999053
A,6.2667,R_MiddleTip,0.000305,0.001124,0.024668,0.000000,0.000000,0.000000,1.000000
A,6.2667,R_Palm,-0.003093,-0.004520,0.063676,0.000000,0.000000,0.000000,1.000000
A,6.2667,R_RingMetacarpal,0.014814,-0.005944,0.034361,0.000000,0.000000,0.000000,1.000000
A,6.2667,R_RingProximal,0.002443,-0.000507,0.053276,-0.034654,0.106710,-0.045171,0.992659
A,6.2667,R_RingIntermediate,0.000000,0.000000,0.038532,0.168161,-0.002698,-0.037261,0.985052
A,6.2667,R_RingDistal,0.000000,0.000000,0.026257,0.069814,-0.029558,-0.007917,0.997091
A,6.2667,R_RingTip,0.000255,0.001589,0.024036,0.000000,0.000000,0.000000,1.000000
A,6.2667,R_ThumbMetacarpal,-0.031685,-0.011773,0.032023,-0.106299,-0.470108,0.517716,0.706874
A,6.2667,R_ThumbProximal,0.000000,0.000000,0.032126,0.164426,0.055554,-0.082428,0.981368
A,6.2667,R_ThumbDistal,0.000000,0.000000,0.033391,-0.049519,-0.064324,0.083344,0.993209
A,6.2667,R_ThumbTip,0.000662,0.001015,0.024298,0.000000,0.000000,0.000000,1.000000
A,6.3333,R_Wrist,0.024325,1.455789,0.569532,-0.471660,-0.277809,-0.212498,0.809447
A,6.3333,R_IndexMetacarpal,-0.020496,-0.007333,0.034982,0.000000,0.000000,0.000000,1.000000
A,6.3333,R_IndexProximal,-0.002774,0.000103,0.059871,-0.023183,-0.001154,0.028369,0.999328
A,6.3333,R_IndexIntermediate,0.000000,0.000000,0.037476,0.148891,0.003273,-0.026319,0.988498
A,6.3333,R_IndexDistal,0.000000,0.000000,0.024014,0.020364,0.025691,-0.016548,0.999326
A,6.3333,R_IndexTip,0.000292,0.001013,0.022097,0.000000,0.000000,0.000000,1.000000
A,6.3333,R_LittleMetacarpal,0.022725,-0.009308,0.033668,0.018312,0.140343,-0.207036,0.968042
A,6.3333,R_LittleProximal,-0.000002,-0.000001,0.045107,-0.107869,0.027957,0.101423,0.988583
A,6.3333,R_LittleIntermediate,0.000000,0.000000,0.030355,0.233501,0.032152,-0.058195,0.970081
A,6.3333,R_LittleDistal,0.000000,0.000000,0.020070,0.050806,-0.049067,0.000902,0.997502
A,6.3333,R_LittleTip,-0.000244,0.001202,0.021661,0.000000,0.000000,0.000000,1.000000
A,6.3333,R_MiddleMetacarpal,-0.004480,-0.006527,0.032845,0.000000,0.000000,0.000000,1.000000
A,6.3333,R_MiddleProximal,0.002775,0.004014,0.061662,0.019328,0.075637,-0.006953,0.996924
A,6.3333,R_MiddleIntermediate,0.000000,0.000000,0.042416,0.144012,0.002692,-0.012051,0.989499
A,6.3333,R_MiddleDistal,0.000000,0.000000,0.027222,-0.001329,0.000611,-0.043495,0.999053
A,6.3333,R_MiddleTip,0.000305,0.001124,0.024668,0.000000,0.000000,0.000000,1.000000
A,6.3333,R_Palm,-0.003093,-0.004520,0.063677,0.000000,0.000000,0.000000,1.000000
A,6.3333,R_RingMetacarpal,0.014814,-0.005944,0.034361,0.000000,0.000000,0.000000,1.000000
A,6.3333,R_RingProximal,0.002443,-0.000507,0.053276,-0.034654,0.106710,-0.045171,0.992659
A,6.3333,R_RingIntermediate,0.000000,0.000000,0.038532,0.168161,-0.002698,-0.037261,0.985052
A,6.3333,R_RingDistal,0.000000,0.000000,0.026257,0.069814,-0.029558,-0.007917,0.997091
A,6.3333,R_RingTip,0.000255,0.001589,0.024037,0.000000,0.000000,0.000000,1.000000
A,6.3333,R_ThumbMetacarpal,-0.031685,-0.011773,0.032023,-0.106299,-0.470108,0.517716,0.706874
A,6.3333,R_ThumbProximal,0.000000,0.000000,0.032126,0.164426,0.055553,-0.082428,0.981368
A,6.3333,R_ThumbDistal,0.000000,0.000000,0.033391,-0.049519,-0.064324,0.083344,0.993209
A,6.3333,R_ThumbTip,0.000662,0.001015,0.024298,0.000000,0.000000,0.000000,1.000000
A,6.4000,R_Wrist,0.024325,1.455790,0.569533,-0.471660,-0.277809,-0.212498,0.809447
A,6.4000,R_IndexMetacarpal,-0.020496,-0.007333,0.034982,0.000000,0.000000,0.000000,1.000000
A,6.4000,R_IndexProximal,-0.002774,0.000103,0.059871,-0.023183,-0.001154,0.028369,0.999328
A,6.4000,R_IndexIntermediate,0.000000,0.000000,0.037476,0.148891,0.003273,-0.026319,0.988498
A,6.4000,R_IndexDistal,0.000000,0.000000,0.024014,0.020364,0.025691,-0.016548,0.999326
A,6.4000,R_IndexTip,0.000292,0.001013,0.022097,0.000000,0.000000,0.000000,1.000000
A,6.4000,R_LittleMetacarpal,0.022725,-0.009308,0.033668,0.018312,0.140343,-0.207036,0.968042
A,6.4000,R_LittleProximal,-0.000002,-0.000001,0.045107,-0.107869,0.027957,0.101423,0.988583
A,6.4000,R_LittleIntermediate,0.000000,0.000000,0.030355,0.233501,0.032152,-0.058195,0.970081
A,6.4000,R_LittleDistal,0.000000,0.000000,0.020070,0.050806,-0.049067,0.000902,0.997502
A,6.4000,R_LittleTip,-0.000244,0.001202,0.021661,0.000000,0.000000,0.000000,1.000000
A,6.4000,R_MiddleMetacarpal,-0.004480,-0.006527,0.032845,0.000000,0.000000,0.000000,1.000000
A,6.4000,R_MiddleProximal,0.002775,0.004014,0.061663,0.019328,0.075637,-0.006953,0.996924
A,6.4000,R_MiddleIntermediate,0.000000,0.000000,0.042416,0.144012,0.002692,-0.012051,0.989499
A,6.4000,R_MiddleDistal,0.000000,0.000000,0.027222,-0.001329,0.000611,-0.043495,0.999053
A,6.4000,R_MiddleTip,0.000305,0.001124,0.024668,0.000000,0.000000,0.000000,1.000000
A,6.4000,R_Palm,-0.003093,-0.004520,0.063677,0.000000,0.000000,0.000000,1.000000
A,6.4000,R_RingMetacarpal,0.014814,-0.005944,0.034361,0.000000,0.000000,0.000000,1.000000
A,6.4000,R_RingProximal,0.002443,-0.000507,0.053276,-0.034654,0.106710,-0.045171,0.992659
A,6.4000,R_RingIntermediate,0.000000,0.000000,0.038532,0.168161,-0.002698,-0.037261,0.985051
A,6.4000,R_RingDistal,0.000000,0.000000,0.026257,0.069814,-0.029558,-0.007917,0.997091
A,6.4000,R_RingTip,0.000255,0.001589,0.024037,0.000000,0.000000,0.000000,1.000000
A,6.4000,R_ThumbMetacarpal,-0.031685,-0.011773,0.032023,-0.106299,-0.470108,0.517716,0.706874
A,6.4000,R_ThumbProximal,0.000000,0.000000,0.032126,0.164426,0.055554,-0.082428,0.981368
A,6.4000,R_ThumbDistal,0.000000,0.000000,0.033391,-0.049519,-0.064324,0.083344,0.993209
A,6.4000,R_ThumbTip,0.000662,0.001015,0.024298,0.000000,0.000000,0.000000,1.000000
A,6.4667,R_Wrist,0.024325,1.455790,0.569533,-0.471660,-0.277809,-0.212498,0.809447
A,6.4667,R_IndexMetacarpal,-0.020496,-0.007333,0.034982,0.000000,0.000000,0.000000,1.000000
A,6.4667,R_IndexProximal,-0.002774,0.000103,0.059871,-0.023183,-0.001154,0.028369,0.999328
A,6.4667,R_IndexIntermediate,0.000000,0.000000,0.037476,0.148891,0.003273,-0.026319,0.988498
A,6.4667,R_IndexDistal,0.000000,0.000000,0.024014,0.020364,0.025691,-0.016548,0.999326
A,6.4667,R_IndexTip,0.000292,0.001013,0.022097,0.000000,0.000000,0.000000,1.000000
A,6.4667,R_LittleMetacarpal,0.022725,-0.009308,0.033668,0.018312,0.140343,-0.207036,0.968042
A,6.4667,R_LittleProximal,-0.000002,-0.000001,0.045107,-0.107869,0.027957,0.101423,0.988583
A,6.4667,R_LittleIntermediate,0.000000,0.000000,0.030355,0.233501,0.032152,-0.058195,0.970081
A,6.4667,R_LittleDistal,0.000000,0.000000,0.020070,0.050806,-0.049067,0.000902,0.997502
A,6.4667,R_LittleTip,-0.000244,0.001202,0.021661,0.000000,0.000000,0.000000,1.000000
A,6.4667,R_MiddleMetacarpal,-0.004480,-0.006527,0.032845,0.000000,0.000000,0.000000,1.000000
A,6.4667,R_MiddleProximal,0.002775,0.004014,0.061663,0.019328,0.075637,-0.006953,0.996924
A,6.4667,R_MiddleIntermediate,0.000000,0.000000,0.042416,0.144011,0.002692,-0.012051,0.989499
A,6.4667,R_MiddleDistal,0.000000,0.000000,0.027222,-0.001329,0.000611,-0.043495,0.999053
A,6.4667,R_MiddleTip,0.000305,0.001124,0.024668,0.000000,0.000000,0.000000,1.000000
A,6.4667,R_Palm,-0.003093,-0.004520,0.063677,0.000000,0.000000,0.000000,1.000000
A,6.4667,R_RingMetacarpal,0.014814,-0.005944,0.034362,0.000000,0.000000,0.000000,1.000000
A,6.4667,R_RingProximal,0.002443,-0.000507,0.053276,-0.034654,0.106710,-0.045171,0.992659
A,6.4667,R_RingIntermediate,0.000000,0.000000,0.038532,0.168161,-0.002698,-0.037261,0.985052
A,6.4667,R_RingDistal,0.000000,0.000000,0.026257,0.069814,-0.029558,-0.007917,0.997091
A,6.4667,R_RingTip,0.000255,0.001589,0.024037,0.000000,0.000000,0.000000,1.000000
A,6.4667,R_ThumbMetacarpal,-0.031685,-0.011773,0.032023,-0.106299,-0.470108,0.517716,0.706874
A,6.4667,R_ThumbProximal,0.000000,0.000000,0.032126,0.164426,0.055554,-0.082428,0.981368
A,6.4667,R_ThumbDistal,0.000000,0.000000,0.033391,-0.049519,-0.064324,0.083344,0.993209
A,6.4667,R_ThumbTip,0.000662,0.001015,0.024298,0.000000,0.000000,0.000000,1.000000
A,6.5333,R_Wrist,0.024325,1.455790,0.569534,-0.471660,-0.277809,-0.212498,0.809447
A,6.5333,R_IndexMetacarpal,-0.020496,-0.007333,0.034982,0.000000,0.000000,0.000000,1.000000
A,6.5333,R_IndexProximal,-0.002774,0.000103,0.059872,-0.023183,-0.001154,0.028369,0.999328
A,6.5333,R_IndexIntermediate,0.000000,0.000000,0.037476,0.148891,0.003273,-0.026319,0.988498
A,6.5333,R_IndexDistal,0.000000,0.000000,0.024014,0.020364,0.025691,-0.016548,0.999326
A,6.5333,R_IndexTip,0.000292,0.001013,0.022097,0.000000,0.000000,0.000000,1.000000
A,6.5333,R_LittleMetacarpal,0.022725,-0.009308,0.033668,0.018312,0.140343,-0.207036,0.968042
A,6.5333,R_LittleProximal,-0.000002,-0.000001,0.045107,-0.107869,0.027957,0.101423,0.988583
A,6.5333,R_LittleIntermediate,0.000000,0.000000,0.030355,0.233501,0.032152,-0.058195,0.970081
A,6.5333,R_LittleDistal,0.000000,0.000000,0.020070,0.050806,-0.049067,0.000902,0.997502
A,6.5333,R_LittleTip,-0.000244,0.001202,0.021662,0.000000,0.000000,0.000000,1.000000
A,6.5333,R_MiddleMetacarpal,-0.004480,-0.006527,0.032845,0.000000,0.000000,0.000000,1.000000
A,6.5333,R_MiddleProximal,0.002775,0.004014,0.061663,0.019328,0.075637,-0.006953,0.996924
A,6.5333,R_MiddleIntermediate,0.000000,0.000000,0.042416,0.144012,0.002692,-0.012051,0.989499
A,6.5333,R_MiddleDistal,0.000000,0.000000,0.027222,-0.001329,0.000611,-0.043495,0.999053
A,6.5333,R_MiddleTip,0.000305,0.001124,0.024668,0.000000,0.000000,0.000000,1.000000
A,6.5333,R_Palm,-0.003093,-0.004520,0.063677,0.000000,0.000000,0.000000,1.000000
A,6.5333,R_RingMetacarpal,0.014814,-0.005944,0.034362,0.000000,0.000000,0.000000,1.000000
A,6.5333,R_RingProximal,0.002443,-0.000507,0.053276,-0.034654,0.106710,-0.045171,0.992659
A,6.5333,R_RingIntermediate,0.000000,0.000000,0.038532,0.168161,-0.002698,-0.037261,0.985052
A,6.5333,R_RingDistal,0.000000,0.000000,0.026257,0.069815,-0.029557,-0.007917,0.997091
A,6.5333,R_RingTip,0.000255,0.001589,0.024037,0.000000,0.000000,0.000000,1.000000
A,6.5333,R_ThumbMetacarpal,-0.031685,-0.011773,0.032023,-0.106299,-0.470108,0.517716,0.706874
A,6.5333,R_ThumbProximal,0.000000,0.000000,0.032126,0.164426,0.055554,-0.082428,0.981368
A,6.5333,R_ThumbDistal,0.000000,0.000000,0.033391,-0.049519,-0.064324,0.083344,0.993209
A,6.5333,R_ThumbTip,0.000662,0.001015,0.024298,0.000000,0.000000,0.000000,1.000000
A,6.6000,R_Wrist,0.024325,1.455791,0.569535,-0.471660,-0.277809,-0.212498,0.809447
A,6.6000,R_IndexMetacarpal,-0.020497,-0.007333,0.034982,0.000000,0.000000,0.000000,1.000000
A,6.6000,R_IndexProximal,-0.002774,0.000103,0.059871,-0.023183,-0.001154,0.028368,0.999328
A,6.6000,R_IndexIntermediate,0.000000,0.000000,0.037476,0.148891,0.003273,-0.026319,0.988498
A,6.6000,R_IndexDistal,0.000000,0.000000,0.024014,0.020364,0.025691,-0.016548,0.999326
A,6.6000,R_IndexTip,0.000292,0.001013,0.022097,0.000000,0.000000,0.000000,1.000000
A,6.6000,R_LittleMetacarpal,0.022725,-0.009308,0.033668,0.018312,0.140343,-0.207036,0.968042
A,6.6000,R_LittleProximal,-0.000002,-0.000001,0.045107,-0.107869,0.027957,0.101423,0.988583
A,6.6000,R_LittleIntermediate,0.000000,0.000000,0.030355,0.233501,0.032152,-0.058195,0.970081
A,6.6000,R_LittleDistal,0.000000,0.000000,0.020070,0.050806,-0.049067,0.000902,0.997502
A,6.6000,R_LittleTip,-0.000244,0.001202,0.021662,0.000000,0.000000,0.000000,1.000000
A,6.6000,R_MiddleMetacarpal,-0.004480,-0.006527,0.032845,0.000000,0.000000,0.000000,1.000000
A,6.6000,R_MiddleProximal,0.002775,0.004014,0.061663,0.019328,0.075637,-0.006953,0.996924
A,6.6000,R_MiddleIntermediate,0.000000,0.000000,0.042416,0.144012,0.002692,-0.012051,0.989499
A,6.6000,R_MiddleDistal,0.000000,0.000000,0.027222,-0.001329,0.000611,-0.043495,0.999053
A,6.6000,R_MiddleTip,0.000305,0.001124,0.024668,0.000000,0.000000,0.000000,1.000000
A,6.6000,R_Palm,-0.003093,-0.004520,0.063677,0.000000,0.000000,0.000000,1.000000
A,6.6000,R_RingMetacarpal,0.014814,-0.005944,0.034362,0.000000,0.000000,0.000000,1.000000
A,6.6000,R_RingProximal,0.002443,-0.000507,0.053277,-0.034654,0.106710,-0.045171,0.992659
A,6.6000,R_RingIntermediate,0.000000,0.000000,0.038532,0.168161,-0.002698,-0.037261,0.985052
A,6.6000,R_RingDistal,0.000000,0.000000,0.026257,0.069814,-0.029558,-0.007917,0.997091
A,6.6000,R_RingTip,0.000255,0.001589,0.024037,0.000000,0.000000,0.000000,1.000000
A,6.6000,R_ThumbMetacarpal,-0.031685,-0.011773,0.032023,-0.106299,-0.470108,0.517716,0.706874
A,6.6000,R_ThumbProximal,0.000000,0.000000,0.032126,0.164426,0.055554,-0.082428,0.981368
A,6.6000,R_ThumbDistal,0.000000,0.000000,0.033391,-0.049519,-0.064324,0.083344,0.993209
A,6.6000,R_ThumbTip,0.000662,0.001015,0.024298,0.000000,0.000000,0.000000,1.000000
A,6.6667,R_Wrist,0.024325,1.455791,0.569535,-0.471660,-0.277809,-0.212498,0.809447
A,6.6667,R_IndexMetacarpal,-0.020497,-0.007333,0.034982,0.000000,0.000000,0.000000,1.000000
A,6.6667,R_IndexProximal,-0.002774,0.000103,0.059872,-0.023183,-0.001154,0.028369,0.999328
A,6.6667,R_IndexIntermediate,0.000000,0.000000,0.037476,0.148891,0.003273,-0.026319,0.988498
A,6.6667,R_IndexDistal,0.000000,0.000000,0.024015,0.020364,0.025691,-0.016548,0.999326
A,6.6667,R_IndexTip,0.000292,0.001013,0.022097,0.000000,0.000000,0.000000,1.000000
A,6.6667,R_LittleMetacarpal,0.022725,-0.009308,0.033668,0.018312,0.140343,-0.207036,0.968042
A,6.6667,R_LittleProximal,-0.000002,-0.000001,0.045107,-0.107869,0.027957,0.101423,0.988583
A,6.6667,R_LittleIntermediate,0.000000,0.000000,0.030355,0.233501,0.032152,-0.058195,0.970081
A,6.6667,R_LittleDistal,0.000000,0.000000,0.020070,0.050806,-0.049067,0.000902,0.997502
A,6.6667,R_LittleTip,-0.000244,0.001202,0.021662,0.000000,0.000000,0.000000,1.000000
A,6.6667,R_MiddleMetacarpal,-0.004480,-0.006527,0.032845,0.000000,0.000000,0.000000,1.000000
A,6.6667,R_MiddleProximal,0.002775,0.004014,0.061663,0.019328,0.075637,-0.006953,0.996924
A,6.6667,R_MiddleIntermediate,0.000000,0.000000,0.042416,0.144012,0.002692,-0.012051,0.989499
A,6.6667,R_MiddleDistal,0.000000,0.000000,0.027222,-0.001329,0.000611,-0.043495,0.999053
A,6.6667,R_MiddleTip,0.000305,0.001124,0.024668,0.000000,0.000000,0.000000,1.000000
A,6.6667,R_Palm,-0.003093,-0.004520,0.063677,0.000000,0.000000,0.000000,1.000000
A,6.6667,R_RingMetacarpal,0.014814,-0.005944,0.034362,0.000000,0.000000,0.000000,1.000000
A,6.6667,R_RingProximal,0.002443,-0.000507,0.053277,-0.034654,0.106710,-0.045171,0.992659
A,6.6667,R_RingIntermediate,0.000000,0.000000,0.038532,0.168161,-0.002698,-0.037261,0.985051
A,6.6667,R_RingDistal,0.000000,0.000000,0.026257,0.069814,-0.029558,-0.007917,0.997091
A,6.6667,R_RingTip,0.000255,0.001589,0.024037,0.000000,0.000000,0.000000,1.000000
A,6.6667,R_ThumbMetacarpal,-0.031685,-0.011774,0.032023,-0.106299,-0.470108,0.517716,0.706874
A,6.6667,R_ThumbProximal,0.000000,0.000000,0.032126,0.164426,0.055553,-0.082428,0.981368
A,6.6667,R_ThumbDistal,0.000000,0.000000,0.033391,-0.049519,-0.064324,0.083344,0.993209
A,6.6667,R_ThumbTip,0.000662,0.001015,0.024298,0.000000,0.000000,0.000000,1.000000
A,6.7333,R_Wrist,0.024325,1.455791,0.569536,-0.471660,-0.277809,-0.212498,0.809447
A,6.7333,R_IndexMetacarpal,-0.020497,-0.007333,0.034982,0.000000,0.000000,0.000000,1.000000
A,6.7333,R_IndexProximal,-0.002774,0.000103,0.059872,-0.023183,-0.001154,0.028368,0.999328
A,6.7333,R_IndexIntermediate,0.000000,0.000000,0.037476,0.148891,0.003273,-0.026319,0.988498
A,6.7333,R_IndexDistal,0.000000,0.000000,0.024015,0.020364,0.025691,-0.016548,0.999326
A,6.7333,R_IndexTip,0.000292,0.001013,0.022097,0.000000,0.000000,0.000000,1.000000
A,6.7333,R_LittleMetacarpal,0.022725,-0.009308,0.033668,0.018312,0.140343,-0.207036,0.968042
A,6.7333,R_LittleProximal,-0.000002,-0.000001,0.045107,-0.107869,0.027957,0.101423,0.988583
A,6.7333,R_LittleIntermediate,0.000000,0.000000,0.030355,0.233501,0.032152,-0.058195,0.970081
A,6.7333,R_LittleDistal,0.000000,0.000000,0.020070,0.050806,-0.049067,0.000902,0.997502
A,6.7333,R_LittleTip,-0.000244,0.001202,0.021662,0.000000,0.000000,0.000000,1.000000
A,6.7333,R_MiddleMetacarpal,-0.004480,-0.006527,0.032846,0.000000,0.000000,0.000000,1.000000
A,6.7333,R_MiddleProximal,0.002775,0.004014,0.061663,0.019328,0.075637,-0.006953,0.996924
A,6.7333,R_MiddleIntermediate,0.000000,0.000000,0.042416,0.144012,0.002692,-0.012051,0.989499
A,6.7333,R_MiddleDistal,0.000000,0.000000,0.027222,-0.001329,0.000611,-0.043495,0.999053
A,6.7333,R_MiddleTip,0.000305,0.001124,0.024668,0.000000,0.000000,0.000000,1.000000
A,6.7333,R_Palm,-0.003093,-0.004520,0.063677,0.000000,0.000000,0.000000,1.000000
A,6.7333,R_RingMetacarpal,0.014814,-0.005944,0.034362,0.000000,0.000000,0.000000,1.000000
A,6.7333,R_RingProximal,0.002443,-0.000507,0.053277,-0.034654,0.106710,-0.045171,0.992659
A,6.7333,R_RingIntermediate,0.000000,0.000000,0.038532,0.168161,-0.002698,-0.037261,0.985052
A,6.7333,R_RingDistal,0.000000,0.000000,0.026257,0.069814,-0.029558,-0.007917,0.997091
A,6.7333,R_RingTip,0.000255,0.001589,0.024037,0.000000,0.000000,0.000000,1.000000
A,6.7333,R_ThumbMetacarpal,-0.031685,-0.011773,0.032023,-0.106299,-0.470108,0.517716,0.706874
A,6.7333,R_ThumbProximal,0.000000,0.000000,0.032126,0.164426,0.055553,-0.082428,0.981368
A,6.7333,R_ThumbDistal,0.000000,0.000000,0.033391,-0.049519,-0.064324,0.083344,0.993209
A,6.7333,R_ThumbTip,0.000662,0.001015,0.024298,0.000000,0.000000,0.000000,1.000000
A,6.8000,R_Wrist,0.024325,1.455792,0.569537,-0.471660,-0.277809,-0.212498,0.809447
A,6.8000,R_IndexMetacarpal,-0.020497,-0.007333,0.034982,0.000000,0.000000,0.000000,1.000000
A,6.8000,R_IndexProximal,-0.002774,0.000103,0.059872,-0.023183,-0.001154,0.028368,0.999328
A,6.8000,R_IndexIntermediate,0.000000,0.000000,0.037476,0.148891,0.003273,-0.026319,0.988498
A,6.8000,R_IndexDistal,0.000000,0.000000,0.024015,0.020364,0.025691,-0.016548,0.999326
A,6.8000,R_IndexTip,0.000292,0.001013,0.022097,0.000000,0.000000,0.000000,1.000000
A,6.8000,R_LittleMetacarpal,0.022725,-0.009308,0.033668,0.018312,0.140343,-0.207036,0.968042
A,6.8000,R_LittleProximal,-0.000002,-0.000001,0.045107,-0.107869,0.027957,0.101423,0.988583
A,6.8000,R_LittleIntermediate,0.000000,0.000000,0.030355,0.233501,0.032152,-0.058195,0.970081
A,6.8000,R_LittleDistal,0.000000,0.000000,0.020070,0.050806,-0.049067,0.000902,0.997502
A,6.8000,R_LittleTip,-0.000244,0.001202,0.021662,0.000000,0.000000,0.000000,1.000000
A,6.8000,R_MiddleMetacarpal,-0.004480,-0.006527,0.032846,0.000000,0.000000,0.000000,1.000000
A,6.8000,R_MiddleProximal,0.002775,0.004014,0.061663,0.019328,0.075637,-0.006953,0.996924
A,6.8000,R_MiddleIntermediate,0.000000,0.000000,0.042416,0.144012,0.002692,-0.012051,0.989499
A,6.8000,R_MiddleDistal,0.000000,0.000000,0.027222,-0.001329,0.000611,-0.043495,0.999053
A,6.8000,R_MiddleTip,0.000305,0.001124,0.024668,0.000000,0.000000,0.000000,1.000000
A,6.8000,R_Palm,-0.003093,-0.004520,0.063677,0.000000,0.000000,0.000000,1.000000
A,6.8000,R_RingMetacarpal,0.014814,-0.005944,0.034362,0.000000,0.000000,0.000000,1.000000
A,6.8000,R_RingProximal,0.002443,-0.000507,0.053277,-0.034654,0.106710,-0.045171,0.992659
A,6.8000,R_RingIntermediate,0.000000,0.000000,0.038532,0.168161,-0.002698,-0.037261,0.985052
A,6.8000,R_RingDistal,0.000000,0.000000,0.026257,0.069814,-0.029558,-0.007917,0.997091
A,6.8000,R_RingTip,0.000255,0.001589,0.024037,0.000000,0.000000,0.000000,1.000000
A,6.8000,R_ThumbMetacarpal,-0.031685,-0.011774,0.032023,-0.106299,-0.470108,0.517715,0.706874
A,6.8000,R_ThumbProximal,0.000000,0.000000,0.032126,0.164426,0.055554,-0.082428,0.981368
A,6.8000,R_ThumbDistal,0.000000,0.000000,0.033391,-0.049519,-0.064324,0.083344,0.993209
A,6.8000,R_ThumbTip,0.000662,0.001015,0.024298,0.000000,0.000000,0.000000,1.000000
A,6.8667,R_Wrist,0.024325,1.455792,0.569538,-0.471660,-0.277809,-0.212498,0.809447
A,6.8667,R_IndexMetacarpal,-0.020497,-0.007333,0.034982,0.000000,0.000000,0.000000,1.000000
A,6.8667,R_IndexProximal,-0.002774,0.000103,0.059872,-0.023183,-0.001154,0.028369,0.999328
A,6.8667,R_IndexIntermediate,0.000000,0.000000,0.037476,0.148891,0.003273,-0.026319,0.988498
A,6.8667,R_IndexDistal,0.000000,0.000000,0.024015,0.020364,0.025691,-0.016548,0.999326
A,6.8667,R_IndexTip,0.000292,0.001013,0.022097,0.000000,0.000000,0.000000,1.000000
A,6.8667,R_LittleMetacarpal,0.022725,-0.009308,0.033668,0.018312,0.140343,-0.207036,0.968042
A,6.8667,R_LittleProximal,-0.000002,-0.000001,0.045108,-0.107869,0.027957,0.101423,0.988583
A,6.8667,R_LittleIntermediate,0.000000,0.000000,0.030355,0.233501,0.032152,-0.058195,0.970081
A,6.8667,R_LittleDistal,0.000000,0.000000,0.020070,0.050806,-0.049067,0.000902,0.997502
A,6.8667,R_LittleTip,-0.000244,0.001202,0.021662,0.000000,0.000000,0.000000,1.000000
A,6.8667,R_MiddleMetacarpal,-0.004480,-0.006527,0.032846,0.000000,0.000000,0.000000,1.000000
A,6.8667,R_MiddleProximal,0.002775,0.004014,0.061663,0.019328,0.075637,-0.006953,0.996924
A,6.8667,R_MiddleIntermediate,0.000000,0.000000,0.042416,0.144012,0.002692,-0.012051,0.989499
A,6.8667,R_MiddleDistal,0.000000,0.000000,0.027222,-0.001329,0.000611,-0.043495,0.999053
A,6.8667,R_MiddleTip,0.000305,0.001124,0.024668,0.000000,0.000000,0.000000,1.000000
A,6.8667,R_Palm,-0.003093,-0.004520,0.063677,0.000000,0.000000,0.000000,1.000000
A,6.8667,R_RingMetacarpal,0.014814,-0.005944,0.034362,0.000000,0.000000,0.000000,1.000000
A,6.8667,R_RingProximal,0.002444,-0.000507,0.053277,-0.034654,0.106710,-0.045171,0.992659
A,6.8667,R_RingIntermediate,0.000000,0.000000,0.038532,0.168161,-0.002698,-0.037261,0.985052
A,6.8667,R_RingDistal,0.000000,0.000000,0.026257,0.069814,-0.029558,-0.007917,0.997091
A,6.8667,R_RingTip,0.000255,0.001589,0.024037,0.000000,0.000000,0.000000,1.000000
A,6.8667,R_ThumbMetacarpal,-0.031685,-0.011774,0.032023,-0.106299,-0.470108,0.517716,0.706874
A,6.8667,R_ThumbProximal,0.000000,0.000000,0.032126,0.164426,0.055554,-0.082428,0.981368
A,6.8667,R_ThumbDistal,0.000000,0.000000,0.033391,-0.049519,-0.064324,0.083344,0.993209
A,6.8667,R_ThumbTip,0.000662,0.001015,0.024298,0.000000,0.000000,0.000000,1.000000
A,6.9333,R_Wrist,0.024326,1.455792,0.569538,-0.471660,-0.277809,-0.212498,0.809447
A,6.9333,R_IndexMetacarpal,-0.020497,-0.007333,0.034982,0.000000,0.000000,0.000000,1.000000
A,6.9333,R_IndexProximal,-0.002774,0.000103,0.059872,-0.023183,-0.001154,0.028369,0.999328
A,6.9333,R_IndexIntermediate,0.000000,0.000000,0.037476,0.148891,0.003273,-0.026319,0.988498
A,6.9333,R_IndexDistal,0.000000,0.000000,0.024015,0.020364,0.025691,-0.016548,0.999326
A,6.9333,R_IndexTip,0.000292,0.001013,0.022097,0.000000,0.000000,0.000000,1.000000
A,6.9333,R_LittleMetacarpal,0.022725,-0.009308,0.033668,0.018312,0.140343,-0.207036,0.968042
A,6.9333,R_LittleProximal,-0.000002,-0.000001,0.045108,-0.107869,0.027957,0.101423,0.988583
A,6.9333,R_LittleIntermediate,0.000000,0.000000,0.030355,0.233501,0.032152,-0.058195,0.970081
A,6.9333,R_LittleDistal,0.000000,0.000000,0.020070,0.050806,-0.049067,0.000902,0.997502
A,6.9333,R_LittleTip,-0.000244,0.001202,0.021662,0.000000,0.000000,0.000000,1.000000
A,6.9333,R_MiddleMetacarpal,-0.004480,-0.006527,0.032846,0.000000,0.000000,0.000000,1.000000
A,6.9333,R_MiddleProximal,0.002775,0.004014,0.061663,0.019328,0.075637,-0.006953,0.996924
A,6.9333,R_MiddleIntermediate,0.000000,0.000000,0.042416,0.144012,0.002692,-0.012051,0.989499
A,6.9333,R_MiddleDistal,0.000000,0.000000,0.027222,-0.001329,0.000611,-0.043495,0.999053
A,6.9333,R_MiddleTip,0.000305,0.001124,0.024668,0.000000,0.000000,0.000000,1.000000
A,6.9333,R_Palm,-0.003093,-0.004520,0.063677,0.000000,0.000000,0.000000,1.000000
A,6.9333,R_RingMetacarpal,0.014814,-0.005944,0.034362,0.000000,0.000000,0.000000,1.000000
A,6.9333,R_RingProximal,0.002444,-0.000507,0.053277,-0.034654,0.106710,-0.045171,0.992659
A,6.9333,R_RingIntermediate,0.000000,0.000000,0.038532,0.168161,-0.002698,-0.037261,0.985052
A,6.9333,R_RingDistal,0.000000,0.000000,0.026257,0.069814,-0.029558,-0.007917,0.997091
A,6.9333,R_RingTip,0.000255,0.001589,0.024037,0.000000,0.000000,0.000000,1.000000
A,6.9333,R_ThumbMetacarpal,-0.031685,-0.011774,0.032023,-0.106299,-0.470108,0.517716,0.706874
A,6.9333,R_ThumbProximal,0.000000,0.000000,0.032126,0.164426,0.055553,-0.082428,0.981368
A,6.9333,R_ThumbDistal,0.000000,0.000000,0.033391,-0.049519,-0.064324,0.083344,0.993209
A,6.9333,R_ThumbTip,0.000662,0.001015,0.024298,0.000000,0.000000,0.000000,1.000000
A,7.0000,R_Wrist,0.024326,1.455793,0.569539,-0.471660,-0.277809,-0.212498,0.809447
A,7.0000,R_IndexMetacarpal,-0.020497,-0.007333,0.034982,0.000000,0.000000,0.000000,1.000000
A,7.0000,R_IndexProximal,-0.002774,0.000103,0.059872,-0.023183,-0.001154,0.028369,0.999328
A,7.0000,R_IndexIntermediate,0.000000,0.000000,0.037476,0.148891,0.003273,-0.026319,0.988498
A,7.0000,R_IndexDistal,0.000000,0.000000,0.024015,0.020364,0.025691,-0.016548,0.999326
A,7.0000,R_IndexTip,0.000292,0.001013,0.022097,0.000000,0.000000,0.000000,1.000000
A,7.0000,R_LittleMetacarpal,0.022725,-0.009308,0.033668,0.018312,0.140343,-0.207036,0.968042
A,7.0000,R_LittleProximal,-0.000002,-0.000001,0.045108,-0.107869,0.027957,0.101423,0.988583
A,7.0000,R_LittleIntermediate,0.000000,0.000000,0.030355,0.233501,0.032152,-0.058195,0.970081
A,7.0000,R_LittleDistal,0.000000,0.000000,0.020070,0.050806,-0.049067,0.000902,0.997502
A,7.0000,R_LittleTip,-0.000244,0.001202,0.021662,0.000000,0.000000,0.000000,1.000000
A,7.0000,R_MiddleMetacarpal,-0.004480,-0.006527,0.032846,0.000000,0.000000,0.000000,1.000000
A,7.0000,R_MiddleProximal,0.002775,0.004014,0.061663,0.019328,0.075637,-0.006953,0.996924
A,7.0000,R_MiddleIntermediate,0.000000,0.000000,0.042416,0.144012,0.002692,-0.012051,0.989499
A,7.0000,R_MiddleDistal,0.000000,0.000000,0.027222,-0.001329,0.000611,-0.043495,0.999053
A,7.0000,R_MiddleTip,0.000305,0.001124,0.024668,0.000000,0.000000,0.000000,1.000000
A,7.0000,R_Palm,-0.003093,-0.004520,0.063677,0.000000,0.000000,0.000000,1.000000
A,7.0000,R_RingMetacarpal,0.014814,-0.005944,0.034362,0.000000,0.000000,0.000000,1.000000
A,7.0000,R_RingProximal,0.002444,-0.000507,0.053277,-0.034654,0.106710,-0.045171,0.992659
A,7.0000,R_RingIntermediate,0.000000,0.000000,0.038532,0.168161,-0.002698,-0.037261,0.985052
A,7.0000,R_RingDistal,0.000000,0.000000,0.026257,0.069814,-0.029558,-0.007917,0.997091
A,7.0000,R_RingTip,0.000255,0.001589,0.024037,0.000000,0.000000,0.000000,1.000000
A,7.0000,R_ThumbMetacarpal,-0.031685,-0.011774,0.032023,-0.106299,-0.470108,0.517716,0.706874
A,7.0000,R_ThumbProximal,0.000000,0.000000,0.032126,0.164426,0.055553,-0.082428,0.981368
A,7.0000,R_ThumbDistal,0.000000,0.000000,0.033391,-0.049519,-0.064324,0.083344,0.993209
A,7.0000,R_ThumbTip,0.000662,0.001015,0.024298,0.000000,0.000000,0.000000,1.000000
A,7.0667,R_Wrist,0.024326,1.455793,0.569539,-0.471660,-0.277809,-0.212498,0.809447
A,7.0667,R_IndexMetacarpal,-0.020497,-0.007333,0.034982,0.000000,0.000000,0.000000,1.000000
A,7.0667,R_IndexProximal,-0.002774,0.000103,0.059872,-0.023183,-0.001154,0.028369,0.999328
A,7.0667,R_IndexIntermediate,0.000000,0.000000,0.037476,0.148891,0.003273,-0.026319,0.988498
A,7.0667,R_IndexDistal,0.000000,0.000000,0.024015,0.020364,0.025691,-0.016548,0.999326
A,7.0667,R_IndexTip,0.000292,0.001013,0.022097,0.000000,0.000000,0.000000,1.000000
A,7.0667,R_LittleMetacarpal,0.022725,-0.009308,0.033668,0.018312,0.140343,-0.207036,0.968042
A,7.0667,R_LittleProximal,-0.000002,-0.000001,0.045108,-0.107869,0.027957,0.101423,0.988583
A,7.0667,R_LittleIntermediate,0.000000,0.000000,0.030355,0.233501,0.032152,-0.058195,0.970081
A,7.0667,R_LittleDistal,0.000000,0.000000,0.020070,0.050806,-0.049067,0.000902,0.997502
A,7.0667,R_LittleTip,-0.000244,0.001202,0.021662,0.000000,0.000000,0.000000,1.000000
A,7.0667,R_MiddleMetacarpal,-0.004480,-0.006527,0.032846,0.000000,0.000000,0.000000,1.000000
A,7.0667,R_MiddleProximal,0.002775,0.004014,0.061663,0.019328,0.075637,-0.006953,0.996924
A,7.0667,R_MiddleIntermediate,0.000000,0.000000,0.042417,0.144012,0.002692,-0.012051,0.989499
A,7.0667,R_MiddleDistal,0.000000,0.000000,0.027222,-0.001329,0.000611,-0.043495,0.999053
A,7.0667,R_MiddleTip,0.000305,0.001124,0.024668,0.000000,0.000000,0.000000,1.000000
A,7.0667,R_Palm,-0.003093,-0.004520,0.063677,0.000000,0.000000,0.000000,1.000000
A,7.0667,R_RingMetacarpal,0.014814,-0.005944,0.034362,0.000000,0.000000,0.000000,1.000000
A,7.0667,R_RingProximal,0.002444,-0.000507,0.053277,-0.034654,0.106710,-0.045171,0.992659
A,7.0667,R_RingIntermediate,0.000000,0.000000,0.038532,0.168161,-0.002698,-0.037261,0.985051
A,7.0667,R_RingDistal,0.000000,0.000000,0.026257,0.069814,-0.029558,-0.007917,0.997091
A,7.0667,R_RingTip,0.000255,0.001589,0.024037,0.000000,0.000000,0.000000,1.000000
A,7.0667,R_ThumbMetacarpal,-0.031685,-0.011774,0.032023,-0.106299,-0.470108,0.517716,0.706874
A,7.0667,R_ThumbProximal,0.000000,0.000000,0.032126,0.164426,0.055553,-0.082428,0.981368
A,7.0667,R_ThumbDistal,0.000000,0.000000,0.033391,-0.049519,-0.064324,0.083344,0.993209
A,7.0667,R_ThumbTip,0.000662,0.001015,0.024298,0.000000,0.000000,0.000000,1.000000
A,7.1333,R_Wrist,0.024326,1.455793,0.569540,-0.471660,-0.277809,-0.212498,0.809447
A,7.1333,R_IndexMetacarpal,-0.020497,-0.007333,0.034983,0.000000,0.000000,0.000000,1.000000
A,7.1333,R_IndexProximal,-0.002774,0.000103,0.059872,-0.023183,-0.001154,0.028369,0.999328
A,7.1333,R_IndexIntermediate,0.000000,0.000000,0.037476,0.148891,0.003273,-0.026319,0.988498
A,7.1333,R_IndexDistal,0.000000,0.000000,0.024015,0.020364,0.025691,-0.016548,0.999326
A,7.1333,R_IndexTip,0.000292,0.001013,0.022097,0.000000,0.000000,0.000000,1.000000
A,7.1333,R_LittleMetacarpal,0.022725,-0.009308,0.033668,0.018312,0.140343,-0.207036,0.968042
A,7.1333,R_LittleProximal,-0.000002,-0.000001,0.045108,-0.107869,0.027957,0.101423,0.988583
A,7.1333,R_LittleIntermediate,0.000000,0.000000,0.030355,0.233501,0.032152,-0.058195,0.970081
A,7.1333,R_LittleDistal,0.000000,0.000000,0.020070,0.050806,-0.049067,0.000902,0.997502
A,7.1333,R_LittleTip,-0.000244,0.001202,0.021662,0.000000,0.000000,0.000000,1.000000
A,7.1333,R_MiddleMetacarpal,-0.004480,-0.006527,0.032846,0.000000,0.000000,0.000000,1.000000
A,7.1333,R_MiddleProximal,0.002775,0.004014,0.061664,0.019328,0.075637,-0.006953,0.996924
A,7.1333,R_MiddleIntermediate,0.000000,0.000000,0.042417,0.144011,0.002692,-0.012051,0.989499
A,7.1333,R_MiddleDistal,0.000000,0.000000,0.027222,-0.001329,0.000611,-0.043495,0.999053
A,7.1333,R_MiddleTip,0.000305,0.001124,0.024668,0.000000,0.000000,0.000000,1.000000
A,7.1333,R_Palm,-0.003093,-0.004520,0.063678,0.000000,0.000000,0.000000,1.000000
A,7.1333,R_RingMetacarpal,0.014814,-0.005944,0.034362,0.000000,0.000000,0.000000,1.000000
A,7.1333,R_RingProximal,0.002443,-0.000507,0.053277,-0.034654,0.106710,-0.045171,0.992659
A,7.1333,R_RingIntermediate,0.000000,0.000000,0.038533,0.168161,-0.002698,-0.037261,0.985052
A,7.1333,R_RingDistal,0.000000,0.000000,0.026257,0.069814,-0.029558,-0.007917,0.997091
A,7.1333,R_RingTip,0.000255,0.001589,0.024037,0.000000,0.000000,0.000000,1.000000
A,7.1333,R_ThumbMetacarpal,-0.031685,-0.011774,0.032023,-0.106299,-0.470108,0.517716,0.706874
A,7.1333,R_ThumbProximal,0.000000,0.000000,0.032126,0.164426,0.055554,-0.082428,0.981368
A,7.1333,R_ThumbDistal,0.000000,0.000000,0.033391,-0.049519,-0.064324,0.083344,0.993209
A,7.1333,R_ThumbTip,0.000662,0.001015,0.024298,0.000000,0.000000,0.000000,1.000000
A,7.2000,R_Wrist,0.024326,1.455794,0.569541,-0.471660,-0.277809,-0.212498,0.809447
A,7.2000,R_IndexMetacarpal,-0.020497,-0.007333,0.034983,0.000000,0.000000,0.000000,1.000000
A,7.2000,R_IndexProximal,-0.002774,0.000103,0.059872,-0.023183,-0.001154,0.028369,0.999328
A,7.2000,R_IndexIntermediate,0.000000,0.000000,0.037476,0.148891,0.003273,-0.026319,0.988498
A,7.2000,R_IndexDistal,0.000000,0.000000,0.024015,0.020364,0.025691,-0.016548,0.999326
A,7.2000,R_IndexTip,0.000292,0.001013,0.022097,0.000000,0.000000,0.000000,1.000000
A,7.2000,R_LittleMetacarpal,0.022725,-0.009308,0.033669,0.018312,0.140343,-0.207036,0.968042
A,7.2000,R_LittleProximal,-0.000002,-0.000001,0.045108,-0.107869,0.027957,0.101423,0.988583
A,7.2000,R_LittleIntermediate,0.000000,0.000000,0.030355,0.233501,0.032152,-0.058195,0.970081
A,7.2000,R_LittleDistal,0.000000,0.000000,0.020070,0.050806,-0.049067,0.000902,0.997502
A,7.2000,R_LittleTip,-0.000244,0.001202,0.021662,0.000000,0.000000,0.000000,1.000000
A,7.2000,R_MiddleMetacarpal,-0.004480,-0.006527,0.032846,0.000000,0.000000,0.000000,1.000000
A,7.2000,R_MiddleProximal,0.002775,0.004014,0.061664,0.019328,0.075637,-0.006953,0.996924
A,7.2000,R_MiddleIntermediate,0.000000,0.000000,0.042417,0.144011,0.002692,-0.012051,0.989499
A,7.2000,R_MiddleDistal,0.000000,0.000000,0.027222,-0.001329,0.000611,-0.043495,0.999053
A,7.2000,R_MiddleTip,0.000305,0.001124,0.024668,0.000000,0.000000,0.000000,1.000000
A,7.2000,R_Palm,-0.003093,-0.004520,0.063678,0.000000,0.000000,0.000000,1.000000
A,7.2000,R_RingMetacarpal,0.014814,-0.005944,0.034362,0.000000,0.000000,0.000000,1.000000
A,7.2000,R_RingProximal,0.002444,-0.000507,0.053277,-0.034654,0.106710,-0.045171,0.992659
A,7.2000,R_RingIntermediate,0.000000,0.000000,0.038533,0.168161,-0.002698,-0.037261,0.985052
A,7.2000,R_RingDistal,0.000000,0.000000,0.026257,0.069814,-0.029558,-0.007917,0.997091
A,7.2000,R_RingTip,0.000255,0.001589,0.024037,0.000000,0.000000,0.000000,1.000000
A,7.2000,R_ThumbMetacarpal,-0.031685,-0.011774,0.032023,-0.106299,-0.470108,0.517716,0.706874
A,7.2000,R_ThumbProximal,0.000000,0.000000,0.032126,0.164426,0.055553,-0.082428,0.981368
A,7.2000,R_ThumbDistal,0.000000,0.000000,0.033391,-0.049519,-0.064324,0.083344,0.993209
A,7.2000,R_ThumbTip,0.000662,0.001015,0.024298,0.000000,0.000000,0.000000,1.000000
A,7.2667,R_Wrist,0.024326,1.455794,0.569541,-0.471660,-0.277809,-0.212498,0.809447
A,7.2667,R_IndexMetacarpal,-0.020497,-0.007333,0.034983,0.000000,0.000000,0.000000,1.000000
A,7.2667,R_IndexProximal,-0.002774,0.000103,0.059872,-0.023183,-0.001154,0.028368,0.999328
A,7.2667,R_IndexIntermediate,0.000000,0.000000,0.037476,0.148891,0.003273,-0.026319,0.988498
A,7.2667,R_IndexDistal,0.000000,0.000000,0.024015,0.020364,0.025691,-0.016548,0.999326
A,7.2667,R_IndexTip,0.000292,0.001013,0.022097,0.000000,0.000000,0.000000,1.000000
A,7.2667,R_LittleMetacarpal,0.022725,-0.009308,0.033669,0.018312,0.140343,-0.207036,0.968042
A,7.2667,R_LittleProximal,-0.000002,-0.000001,0.045108,-0.107869,0.027957,0.101423,0.988583
A,7.2667,R_LittleIntermediate,0.000000,0.000000,0.030355,0.233501,0.032152,-0.058195,0.970081
A,7.2667,R_LittleDistal,0.000000,0.000000,0.020070,0.050806,-0.049067,0.000902,0.997502
A,7.2667,R_LittleTip,-0.000244,0.001202,0.021662,0.000000,0.000000,0.000000,1.000000
A,7.2667,R_MiddleMetacarpal,-0.004480,-0.006527,0.032846,0.000000,0.000000,0.000000,1.000000
A,7.2667,R_MiddleProximal,0.002775,0.004014,0.061664,0.019328,0.075637,-0.006953,0.996924
A,7.2667,R_MiddleIntermediate,0.000000,0.000000,0.042417,0.144012,0.002692,-0.012051,0.989499
A,7.2667,R_MiddleDistal,0.000000,0.000000,0.027222,-0.001329,0.000611,-0.043495,0.999053
A,7.2667,R_MiddleTip,0.000305,0.001124,0.024668,0.000000,0.000000,0.000000,1.000000
A,7.2667,R_Palm,-0.003093,-0.004520,0.063678,0.000000,0.000000,0.000000,1.000000
A,7.2667,R_RingMetacarpal,0.014814,-0.005944,0.034362,0.000000,0.000000,0.000000,1.000000
A,7.2667,R_RingProximal,0.002443,-0.000507,0.053277,-0.034654,0.106710,-0.045171,0.992659
A,7.2667,R_RingIntermediate,0.000000,0.000000,0.038533,0.168161,-0.002698,-0.037261,0.985052
A,7.2667,R_RingDistal,0.000000,0.000000,0.026257,0.069814,-0.029558,-0.007917,0.997091
A,7.2667,R_RingTip,0.000255,0.001589,0.024037,0.000000,0.000000,0.000000,1.000000
A,7.2667,R_ThumbMetacarpal,-0.031685,-0.011774,0.032023,-0.106299,-0.470108,0.517716,0.706874
A,7.2667,R_ThumbProximal,0.000000,0.000000,0.032126,0.164426,0.055553,-0.082428,0.981368
A,7.2667,R_ThumbDistal,0.000000,0.000000,0.033391,-0.049519,-0.064324,0.083344,0.993209
A,7.2667,R_ThumbTip,0.000662,0.001015,0.024299,0.000000,0.000000,0.000000,1.000000
A,7.3333,R_Wrist,0.024326,1.455794,0.569542,-0.471660,-0.277809,-0.212498,0.809447
A,7.3333,R_IndexMetacarpal,-0.020497,-0.007333,0.034983,0.000000,0.000000,0.000000,1.000000
A,7.3333,R_IndexProximal,-0.002774,0.000103,0.059872,-0.023183,-0.001154,0.028368,0.999328
A,7.3333,R_IndexIntermediate,0.000000,0.000000,0.037477,0.148891,0.003273,-0.026319,0.988498
A,7.3333,R_IndexDistal,0.000000,0.000000,0.024015,0.020364,0.025691,-0.016548,0.999326
A,7.3333,R_IndexTip,0.000292,0.001013,0.022097,0.000000,0.000000,0.000000,1.000000
A,7.3333,R_LittleMetacarpal,0.022725,-0.009308,0.033669,0.018312,0.140343,-0.207036,0.968042
A,7.3333,R_LittleProximal,-0.000002,-0.000001,0.045108,-0.107869,0.027957,0.101423,0.988583
A,7.3333,R_LittleIntermediate,0.000000,0.000000,0.030355,0.233501,0.032152,-0.058195,0.970081
A,7.3333,R_LittleDistal,0.000000,0.000000,0.020070,0.050806,-0.049067,0.000902,0.997502
A,7.3333,R_LittleTip,-0.000244,0.001202,0.021662,0.000000,0.000000,0.000000,1.000000
A,7.3333,R_MiddleMetacarpal,-0.004480,-0.006527,0.032846,0.000000,0.000000,0.000000,1.000000
A,7.3333,R_MiddleProximal,0.002775,0.004014,0.061664,0.019328,0.075637,-0.006953,0.996924
A,7.3333,R_MiddleIntermediate,0.000000,0.000000,0.042417,0.144011,0.002692,-0.012051,0.989499
A,7.3333,R_MiddleDistal,0.000000,0.000000,0.027222,-0.001329,0.000611,-0.043495,0.999053
A,7.3333,R_MiddleTip,0.000305,0.001124,0.024668,0.000000,0.000000,0.000000,1.000000
A,7.3333,R_Palm,-0.003093,-0.004520,0.063678,0.000000,0.000000,0.000000,1.000000
A,7.3333,R_RingMetacarpal,0.014814,-0.005944,0.034362,0.000000,0.000000,0.000000,1.000000
A,7.3333,R_RingProximal,0.002444,-0.000507,0.053277,-0.034654,0.106710,-0.045171,0.992659
A,7.3333,R_RingIntermediate,0.000000,0.000000,0.038533,0.168161,-0.002698,-0.037261,0.985052
A,7.3333,R_RingDistal,0.000000,0.000000,0.026257,0.069814,-0.029558,-0.007917,0.997091
A,7.3333,R_RingTip,0.000255,0.001589,0.024037,0.000000,0.000000,0.000000,1.000000
A,7.3333,R_ThumbMetacarpal,-0.031685,-0.011774,0.032023,-0.106299,-0.470108,0.517716,0.706874
A,7.3333,R_ThumbProximal,0.000000,0.000000,0.032126,0.164426,0.055554,-0.082428,0.981368
A,7.3333,R_ThumbDistal,0.000000,0.000000,0.033391,-0.049519,-0.064324,0.083344,0.993209
A,7.3333,R_ThumbTip,0.000662,0.001015,0.024299,0.000000,0.000000,0.000000,1.000000
A,7.4000,R_Wrist,0.024326,1.455795,0.569543,-0.471660,-0.277809,-0.212498,0.809447
A,7.4000,R_IndexMetacarpal,-0.020497,-0.007333,0.034983,0.000000,0.000000,0.000000,1.000000
A,7.4000,R_IndexProximal,-0.002774,0.000103,0.059872,-0.023183,-0.001154,0.028368,0.999328
A,7.4000,R_IndexIntermediate,0.000000,0.000000,0.037477,0.148891,0.003273,-0.026319,0.988498
A,7.4000,R_IndexDistal,0.000000,0.000000,0.024015,0.020364,0.025691,-0.016548,0.999326
A,7.4000,R_IndexTip,0.000292,0.001013,0.022097,0.000000,0.000000,0.000000,1.000000
A,7.4000,R_LittleMetacarpal,0.022725,-0.009308,0.033669,0.018312,0.140343,-0.207036,0.968042
A,7.4000,R_LittleProximal,-0.000002,-0.000001,0.045108,-0.107869,0.027957,0.101423,0.988583
A,7.4000,R_LittleIntermediate,0.000000,0.000000,0.030355,0.233501,0.032152,-0.058195,0.970081
A,7.4000,R_LittleDistal,0.000000,0.000000,0.020070,0.050806,-0.049067,0.000902,0.997502
A,7.4000,R_LittleTip,-0.000244,0.001202,0.021662,0.000000,0.000000,0.000000,1.000000
A,7.4000,R_MiddleMetacarpal,-0.004480,-0.006527,0.032846,0.000000,0.000000,0.000000,1.000000
A,7.4000,R_MiddleProximal,0.002775,0.004014,0.061664,0.019328,0.075637,-0.006953,0.996924
A,7.4000,R_MiddleIntermediate,0.000000,0.000000,0.042417,0.144012,0.002692,-0.012051,0.989499
A,7.4000,R_MiddleDistal,0.000000,0.000000,0.027222,-0.001329,0.000611,-0.043495,0.999053
A,7.4000,R_MiddleTip,0.000305,0.001124,0.024668,0.000000,0.000000,0.000000,1.000000
A,7.4000,R_Palm,-0.003093,-0.004520,0.063678,0.000000,0.000000,0.000000,1.000000
A,7.4000,R_RingMetacarpal,0.014814,-0.005944,0.034362,0.000000,0.000000,0.000000,1.000000
A,7.4000,R_RingProximal,0.002444,-0.000507,0.053277,-0.034654,0.106710,-0.045171,0.992659
A,7.4000,R_RingIntermediate,0.000000,0.000000,0.038533,0.168161,-0.002698,-0.037261,0.985052
A,7.4000,R_RingDistal,0.000000,0.000000,0.026257,0.069814,-0.029558,-0.007917,0.997091
A,7.4000,R_RingTip,0.000255,0.001589,0.024037,0.000000,0.000000,0.000000,1.000000
A,7.4000,R_ThumbMetacarpal,-0.031685,-0.011774,0.032023,-0.106299,-0.470108,0.517716,0.706874
A,7.4000,R_ThumbProximal,0.000000,0.000000,0.032127,0.164426,0.055553,-0.082428,0.981368
A,7.4000,R_ThumbDistal,0.000000,0.000000,0.033391,-0.049519,-0.064324,0.083344,0.993209
A,7.4000,R_ThumbTip,0.000662,0.001015,0.024299,0.000000,0.000000,0.000000,1.000000
A,7.4667,R_Wrist,0.024326,1.455795,0.569543,-0.471660,-0.277809,-0.212498,0.809447
A,7.4667,R_IndexMetacarpal,-0.020497,-0.007333,0.034983,0.000000,0.000000,0.000000,1.000000
A,7.4667,R_IndexProximal,-0.002774,0.000103,0.059873,-0.023183,-0.001154,0.028369,0.999328
A,7.4667,R_IndexIntermediate,0.000000,0.000000,0.037477,0.148891,0.003273,-0.026319,0.988498
A,7.4667,R_IndexDistal,0.000000,0.000000,0.024015,0.020364,0.025691,-0.016548,0.999326
A,7.4667,R_IndexTip,0.000292,0.001013,0.022098,0.000000,0.000000,0.000000,1.000000
A,7.4667,R_LittleMetacarpal,0.022725,-0.009308,0.033669,0.018312,0.140343,-0.207036,0.968042
A,7.4667,R_LittleProximal,-0.000002,-0.000001,0.045108,-0.107869,0.027957,0.101423,0.988583
A,7.4667,R_LittleIntermediate,0.000000,0.000000,0.030355,0.233501,0.032152,-0.058195,0.970081
A,7.4667,R_LittleDistal,0.000000,0.000000,0.020070,0.050806,-0.049067,0.000902,0.997502
A,7.4667,R_LittleTip,-0.000244,0.001202,0.021662,0.000000,0.000000,0.000000,1.000000
A,7.4667,R_MiddleMetacarpal,-0.004480,-0.006527,0.032846,0.000000,0.000000,0.000000,1.000000
A,7.4667,R_MiddleProximal,0.002775,0.004014,0.061664,0.019328,0.075637,-0.006953,0.996924
A,7.4667,R_MiddleIntermediate,0.000000,0.000000,0.042417,0.144011,0.002692,-0.012051,0.989499
A,7.4667,R_MiddleDistal,0.000000,0.000000,0.027222,-0.001329,0.000611,-0.043495,0.999053
A,7.4667,R_MiddleTip,0.000305,0.001124,0.024668,0.000000,0.000000,0.000000,1.000000
A,7.4667,R_Palm,-0.003093,-0.004520,0.063678,0.000000,0.000000,0.000000,1.000000
A,7.4667,R_RingMetacarpal,0.014814,-0.005944,0.034362,0.000000,0.000000,0.000000,1.000000
A,7.4667,R_RingProximal,0.002444,-0.000507,0.053278,-0.034654,0.106710,-0.045171,0.992659
A,7.4667,R_RingIntermediate,0.000000,0.000000,0.038533,0.168161,-0.002698,-0.037261,0.985052
A,7.4667,R_RingDistal,0.000000,0.000000,0.026258,0.069814,-0.029558,-0.007917,0.997091
A,7.4667,R_RingTip,0.000255,0.001589,0.024037,0.000000,0.000000,0.000000,1.000000
A,7.4667,R_ThumbMetacarpal,-0.031685,-0.011774,0.032023,-0.106299,-0.470108,0.517716,0.706874
A,7.4667,R_ThumbProximal,0.000000,0.000000,0.032127,0.164426,0.055554,-0.082428,0.981368
A,7.4667,R_ThumbDistal,0.000000,0.000000,0.033391,-0.049519,-0.064324,0.083344,0.993209
A,7.4667,R_ThumbTip,0.000662,0.001015,0.024299,0.000000,0.000000,0.000000,1.000000
A,7.5333,R_Wrist,0.024327,1.455795,0.569544,-0.471660,-0.277809,-0.212498,0.809447
A,7.5333,R_IndexMetacarpal,-0.020497,-0.007333,0.034983,0.000000,0.000000,0.000000,1.000000
A,7.5333,R_IndexProximal,-0.002774,0.000103,0.059873,-0.023183,-0.001154,0.028369,0.999328
A,7.5333,R_IndexIntermediate,0.000000,0.000000,0.037477,0.148891,0.003273,-0.026319,0.988498
A,7.5333,R_IndexDistal,0.000000,0.000000,0.024015,0.020364,0.025691,-0.016548,0.999326
A,7.5333,R_IndexTip,0.000292,0.001013,0.022098,0.000000,0.000000,0.000000,1.000000
A,7.5333,R_LittleMetacarpal,0.022725,-0.009308,0.033669,0.018312,0.140343,-0.207036,0.968042
A,7.5333,R_LittleProximal,-0.000002,-0.000001,0.045108,-0.107869,0.027957,0.101423,0.988583
A,7.5333,R_LittleIntermediate,0.000000,0.000000,0.030355,0.233501,0.032152,-0.058195,0.970081
A,7.5333,R_LittleDistal,0.000000,0.000000,0.020070,0.050806,-0.049067,0.000902,0.997502
A,7.5333,R_LittleTip,-0.000244,0.001202,0.021662,0.000000,0.000000,0.000000,1.000000
A,7.5333,R_MiddleMetacarpal,-0.004480,-0.006527,0.032846,0.000000,0.000000,0.000000,1.000000
A,7.5333,R_MiddleProximal,0.002775,0.004014,0.061664,0.019328,0.075637,-0.006953,0.996924
A,7.5333,R_MiddleIntermediate,0.000000,0.000000,0.042417,0.144012,0.002692,-0.012051,0.989499
A,7.5333,R_MiddleDistal,0.000000,0.000000,0.027222,-0.001329,0.000611,-0.043495,0.999053
A,7.5333,R_MiddleTip,0.000305,0.001124,0.024668,0.000000,0.000000,0.000000,1.000000
A,7.5333,R_Palm,-0.003093,-0.004520,0.063678,0.000000,0.000000,0.000000,1.000000
A,7.5333,R_RingMetacarpal,0.014814,-0.005944,0.034362,0.000000,0.000000,0.000000,1.000000
A,7.5333,R_RingProximal,0.002444,-0.000507,0.053278,-0.034654,0.106710,-0.045171,0.992659
A,7.5333,R_RingIntermediate,0.000000,0.000000,0.038533,0.168161,-0.002698,-0.037261,0.985052
A,7.5333,R_RingDistal,0.000000,0.000000,0.026258,0.069814,-0.029558,-0.007917,0.997091
A,7.5333,R_RingTip,0.000255,0.001589,0.024037,0.000000,0.000000,0.000000,1.000000
A,7.5333,R_ThumbMetacarpal,-0.031685,-0.011774,0.032023,-0.106299,-0.470108,0.517716,0.706874
A,7.5333,R_ThumbProximal,0.000000,0.000000,0.032127,0.164426,0.055554,-0.082428,0.981368
A,7.5333,R_ThumbDistal,0.000000,0.000000,0.033391,-0.049519,-0.064324,0.083344,0.993209
A,7.5333,R_ThumbTip,0.000662,0.001015,0.024299,0.000000,0.000000,0.000000,1.000000
A,7.6000,R_Wrist,0.024327,1.455795,0.569544,-0.471660,-0.277809,-0.212498,0.809447
A,7.6000,R_IndexMetacarpal,-0.020497,-0.007333,0.034983,0.000000,0.000000,0.000000,1.000000
A,7.6000,R_IndexProximal,-0.002774,0.000103,0.059873,-0.023183,-0.001154,0.028368,0.999328
A,7.6000,R_IndexIntermediate,0.000000,0.000000,0.037477,0.148891,0.003273,-0.026319,0.988498
A,7.6000,R_IndexDistal,0.000000,0.000000,0.024015,0.020364,0.025691,-0.016548,0.999326
A,7.6000,R_IndexTip,0.000292,0.001013,0.022098,0.000000,0.000000,0.000000,1.000000
A,7.6000,R_LittleMetacarpal,0.022725,-0.009308,0.033669,0.018312,0.140343,-0.207036,0.968042
A,7.6000,R_LittleProximal,-0.000002,-0.000001,0.045108,-0.107869,0.027957,0.101423,0.988583
A,7.6000,R_LittleIntermediate,0.000000,0.000000,0.030355,0.233501,0.032152,-0.058195,0.970081
A,7.6000,R_LittleDistal,0.000000,0.000000,0.020070,0.050806,-0.049067,0.000902,0.997502
A,7.6000,R_LittleTip,-0.000244,0.001202,0.021662,0.000000,0.000000,0.000000,1.000000
A,7.6000,R_MiddleMetacarpal,-0.004480,-0.006527,0.032846,0.000000,0.000000,0.000000,1.000000
A,7.6000,R_MiddleProximal,0.002775,0.004014,0.061664,0.019328,0.075637,-0.006953,0.996924
A,7.6000,R_MiddleIntermediate,0.000000,0.000000,0.042417,0.144011,0.002692,-0.012051,0.989499
A,7.6000,R_MiddleDistal,0.000000,0.000000,0.027222,-0.001329,0.000611,-0.043495,0.999053
A,7.6000,R_MiddleTip,0.000305,0.001124,0.024668,0.000000,0.000000,0.000000,1.000000
A,7.6000,R_Palm,-0.003093,-0.004520,0.063678,0.000000,0.000000,0.000000,1.000000
A,7.6000,R_RingMetacarpal,0.014814,-0.005944,0.034362,0.000000,0.000000,0.000000,1.000000
A,7.6000,R_RingProximal,0.002444,-0.000507,0.053278,-0.034654,0.106710,-0.045171,0.992659
A,7.6000,R_RingIntermediate,0.000000,0.000000,0.038533,0.168161,-0.002698,-0.037261,0.985052
A,7.6000,R_RingDistal,0.000000,0.000000,0.026258,0.069814,-0.029558,-0.007917,0.997091
A,7.6000,R_RingTip,0.000255,0.001589,0.024037,0.000000,0.000000,0.000000,1.000000
A,7.6000,R_ThumbMetacarpal,-0.031685,-0.011774,0.032023,-0.106299,-0.470108,0.517716,0.706874
A,7.6000,R_ThumbProximal,0.000000,0.000000,0.032127,0.164426,0.055554,-0.082428,0.981368
A,7.6000,R_ThumbDistal,0.000000,0.000000,0.033391,-0.049519,-0.064324,0.083344,0.993209
A,7.6000,R_ThumbTip,0.000662,0.001015,0.024299,0.000000,0.000000,0.000000,1.000000
A,7.6667,R_Wrist,0.024327,1.455796,0.569545,-0.471660,-0.277809,-0.212498,0.809447
A,7.6667,R_IndexMetacarpal,-0.020497,-0.007333,0.034983,0.000000,0.000000,0.000000,1.000000
A,7.6667,R_IndexProximal,-0.002774,0.000103,0.059873,-0.023183,-0.001154,0.028369,0.999328
A,7.6667,R_IndexIntermediate,0.000000,0.000000,0.037477,0.148891,0.003273,-0.026319,0.988498
A,7.6667,R_IndexDistal,0.000000,0.000000,0.024015,0.020364,0.025691,-0.016548,0.999326
A,7.6667,R_IndexTip,0.000292,0.001013,0.022098,0.000000,0.000000,0.000000,1.000000
A,7.6667,R_LittleMetacarpal,0.022725,-0.009308,0.033669,0.018312,0.140343,-0.207036,0.968042
A,7.6667,R_LittleProximal,-0.000002,-0.000001,0.045108,-0.107869,0.027957,0.101423,0.988583
A,7.6667,R_LittleIntermediate,0.000000,0.000000,0.030355,0.233501,0.032152,-0.058195,0.970081
A,7.6667,R_LittleDistal,0.000000,0.000000,0.020070,0.050806,-0.049067,0.000902,0.997502
A,7.6667,R_LittleTip,-0.000244,0.001202,0.021662,0.000000,0.000000,0.000000,1.000000
A,7.6667,R_MiddleMetacarpal,-0.004480,-0.006527,0.032846,0.000000,0.000000,0.000000,1.000000
A,7.6667,R_MiddleProximal,0.002775,0.004014,0.061664,0.019328,0.075637,-0.006953,0.996924
A,7.6667,R_MiddleIntermediate,0.000000,0.000000,0.042417,0.144012,0.002692,-0.012051,0.989499
A,7.6667,R_MiddleDistal,0.000000,0.000000,0.027222,-0.001329,0.000611,-0.043495,0.999053
A,7.6667,R_MiddleTip,0.000305,0.001124,0.024668,0.000000,0.000000,0.000000,1.000000
A,7.6667,R_Palm,-0.003093,-0.004520,0.063678,0.000000,0.000000,0.000000,1.000000
A,7.6667,R_RingMetacarpal,0.014814,-0.005944,0.034362,0.000000,0.000000,0.000000,1.000000
A,7.6667,R_RingProximal,0.002444,-0.000507,0.053278,-0.034654,0.106710,-0.045171,0.992659
A,7.6667,R_RingIntermediate,0.000000,0.000000,0.038533,0.168161,-0.002698,-0.037261,0.985052
A,7.6667,R_RingDistal,0.000000,0.000000,0.026258,0.069814,-0.029558,-0.007917,0.997091
A,7.6667,R_RingTip,0.000255,0.001589,0.024037,0.000000,0.000000,0.000000,1.000000
A,7.6667,R_ThumbMetacarpal,-0.031686,-0.011774,0.032023,-0.106299,-0.470108,0.517716,0.706874
A,7.6667,R_ThumbProximal,0.000000,0.000000,0.032127,0.164426,0.055553,-0.082428,0.981368
A,7.6667,R_ThumbDistal,0.000000,0.000000,0.033392,-0.049519,-0.064324,0.083344,0.993209
A,7.6667,R_ThumbTip,0.000662,0.001015,0.024299,0.000000,0.000000,0.000000,1.000000
A,7.7333,R_Wrist,0.024327,1.455796,0.569546,-0.471660,-0.277809,-0.212498,0.809447
A,7.7333,R_IndexMetacarpal,-0.020497,-0.007333,0.034983,0.000000,0.000000,0.000000,1.000000
A,7.7333,R_IndexProximal,-0.002774,0.000103,0.059873,-0.023183,-0.001154,0.028369,0.999328
A,7.7333,R_IndexIntermediate,0.000000,0.000000,0.037477,0.148891,0.003273,-0.026319,0.988498
A,7.7333,R_IndexDistal,0.000000,0.000000,0.024015,0.020364,0.025691,-0.016548,0.999326
A,7.7333,R_IndexTip,0.000292,0.001013,0.022098,0.000000,0.000000,0.000000,1.000000
A,7.7333,R_LittleMetacarpal,0.022725,-0.009308,0.033669,0.018312,0.140343,-0.207036,0.968042
A,7.7333,R_LittleProximal,-0.000002,-0.000001,0.045108,-0.107869,0.027957,0.101423,0.988583
A,7.7333,R_LittleIntermediate,0.000000,0.000000,0.030356,0.233501,0.032152,-0.058195,0.970081
A,7.7333,R_LittleDistal,0.000000,0.000000,0.020070,0.050806,-0.049067,0.000902,0.997502
A,7.7333,R_LittleTip,-0.000244,0.001202,0.021662,0.000000,0.000000,0.000000,1.000000
A,7.7333,R_MiddleMetacarpal,-0.004480,-0.006527,0.032846,0.000000,0.000000,0.000000,1.000000
A,7.7333,R_MiddleProximal,0.002775,0.004014,0.061664,0.019328,0.075637,-0.006953,0.996924
A,7.7333,R_MiddleIntermediate,0.000000,0.000000,0.042417,0.144012,0.002692,-0.012051,0.989499
A,7.7333,R_MiddleDistal,0.000000,0.000000,0.027222,-0.001329,0.000611,-0.043495,0.999053
A,7.7333,R_MiddleTip,0.000305,0.001124,0.024668,0.000000,0.000000,0.000000,1.000000
A,7.7333,R_Palm,-0.003093,-0.004520,0.063678,0.000000,0.000000,0.000000,1.000000
A,7.7333,R_RingMetacarpal,0.014814,-0.005944,0.034362,0.000000,0.000000,0.000000,1.000000
A,7.7333,R_RingProximal,0.002444,-0.000507,0.053278,-0.034654,0.106710,-0.045171,0.992659
A,7.7333,R_RingIntermediate,0.000000,0.000000,0.038533,0.168161,-0.002698,-0.037261,0.985052
A,7.7333,R_RingDistal,0.000000,0.000000,0.026258,0.069814,-0.029558,-0.007917,0.997091
A,7.7333,R_RingTip,0.000255,0.001589,0.024037,0.000000,0.000000,0.000000,1.000000
A,7.7333,R_ThumbMetacarpal,-0.031686,-0.011774,0.032024,-0.106299,-0.470108,0.517716,0.706874
A,7.7333,R_ThumbProximal,0.000000,0.000000,0.032127,0.164426,0.055554,-0.082428,0.981368
A,7.7333,R_ThumbDistal,0.000000,0.000000,0.033392,-0.049519,-0.064324,0.083344,0.993209
A,7.7333,R_ThumbTip,0.000662,0.001015,0.024299,0.000000,0.000000,0.000000,1.000000
A,7.8000,R_Wrist,0.024327,1.455796,0.569546,-0.471660,-0.277809,-0.212498,0.809447
A,7.8000,R_IndexMetacarpal,-0.020497,-0.007333,0.034983,0.000000,0.000000,0.000000,1.000000
A,7.8000,R_IndexProximal,-0.002774,0.000103,0.059873,-0.023183,-0.001154,0.028369,0.999328
A,7.8000,R_IndexIntermediate,0.000000,0.000000,0.037477,0.148891,0.003273,-0.026319,0.988498
A,7.8000,R_IndexDistal,0.000000,0.000000,0.024015,0.020364,0.025691,-0.016548,0.999326
A,7.8000,R_IndexTip,0.000292,0.001013,0.022098,0.000000,0.000000,0.000000,1.000000
A,7.8000,R_LittleMetacarpal,0.022725,-0.009308,0.033669,0.018312,0.140343,-0.207036,0.968042
A,7.8000,R_LittleProximal,-0.000002,-0.000001,0.045108,-0.107869,0.027957,0.101423,0.988583
A,7.8000,R_LittleIntermediate,0.000000,0.000000,0.030356,0.233501,0.032152,-0.058195,0.970081
A,7.8000,R_LittleDistal,0.000000,0.000000,0.020070,0.050806,-0.049067,0.000902,0.997502
A,7.8000,R_LittleTip,-0.000244,0.001202,0.021662,0.000000,0.000000,0.000000,1.000000
A,7.8000,R_MiddleMetacarpal,-0.004480,-0.006527,0.032846,0.000000,0.000000,0.000000,1.000000
A,7.8000,R_MiddleProximal,0.002775,0.004014,0.061664,0.019328,0.075637,-0.006953,0.996924
A,7.8000,R_MiddleIntermediate,0.000000,0.000000,0.042417,0.144012,0.002692,-0.012051,0.989499
A,7.8000,R_MiddleDistal,0.000000,0.000000,0.027222,-0.001329,0.000611,-0.043495,0.999053
A,7.8000,R_MiddleTip,0.000305,0.001124,0.024668,0.000000,0.000000,0.000000,1.000000
A,7.8000,R_Palm,-0.003093,-0.004520,0.063678,0.000000,0.000000,0.000000,1.000000
A,7.8000,R_RingMetacarpal,0.014814,-0.005944,0.034362,0.000000,0.000000,0.000000,1.000000
A,7.8000,R_RingProximal,0.002444,-0.000507,0.053278,-0.034654,0.106710,-0.045171,0.992659
A,7.8000,R_RingIntermediate,0.000000,0.000000,0.038533,0.168161,-0.002698,-0.037261,0.985052
A,7.8000,R_RingDistal,0.000000,0.000000,0.026258,0.069814,-0.029558,-0.007917,0.997091
A,7.8000,R_RingTip,0.000255,0.001589,0.024037,0.000000,0.000000,0.000000,1.000000
A,7.8000,R_ThumbMetacarpal,-0.031686,-0.011774,0.032024,-0.106299,-0.470108,0.517716,0.706874
A,7.8000,R_ThumbProximal,0.000000,0.000000,0.032127,0.164426,0.055554,-0.082428,0.981368
A,7.8000,R_ThumbDistal,0.000000,0.000000,0.033392,-0.049519,-0.064324,0.083344,0.993209
A,7.8000,R_ThumbTip,0.000662,0.001015,0.024299,0.000000,0.000000,0.000000,1.000000
A,7.8667,R_Wrist,0.024327,1.455797,0.569547,-0.471660,-0.277809,-0.212498,0.809447
A,7.8667,R_IndexMetacarpal,-0.020497,-0.007333,0.034983,0.000000,0.000000,0.000000,1.000000
A,7.8667,R_IndexProximal,-0.002774,0.000103,0.059873,-0.023183,-0.001154,0.028368,0.999328
A,7.8667,R_IndexIntermediate,0.000000,0.000000,0.037477,0.148891,0.003273,-0.026319,0.988498
A,7.8667,R_IndexDistal,0.000000,0.000000,0.024015,0.020364,0.025691,-0.016548,0.999326
A,7.8667,R_IndexTip,0.000292,0.001013,0.022098,0.000000,0.000000,0.000000,1.000000
A,7.8667,R_LittleMetacarpal,0.022725,-0.009308,0.033669,0.018312,0.140343,-0.207036,0.968042
A,7.8667,R_LittleProximal,-0.000002,-0.000001,0.045108,-0.107869,0.027957,0.101423,0.988583
A,7.8667,R_LittleIntermediate,0.000000,0.000000,0.030356,0.233501,0.032152,-0.058195,0.970081
A,7.8667,R_LittleDistal,0.000000,0.000000,0.020070,0.050806,-0.049067,0.000902,0.997502
A,7.8667,R_LittleTip,-0.000244,0.001202,0.021662,0.000000,0.000000,0.000000,1.000000
A,7.8667,R_MiddleMetacarpal,-0.004480,-0.006527,0.032846,0.000000,0.000000,0.000000,1.000000
A,7.8667,R_MiddleProximal,0.002775,0.004014,0.061664,0.019328,0.075637,-0.006953,0.996924
A,7.8667,R_MiddleIntermediate,0.000000,0.000000,0.042417,0.144012,0.002692,-0.012051,0.989499
A,7.8667,R_MiddleDistal,0.000000,0.000000,0.027222,-0.001329,0.000611,-0.043495,0.999053
A,7.8667,R_MiddleTip,0.000305,0.001124,0.024668,0.000000,0.000000,0.000000,1.000000
A,7.8667,R_Palm,-0.003093,-0.004520,0.063678,0.000000,0.000000,0.000000,1.000000
A,7.8667,R_RingMetacarpal,0.014814,-0.005944,0.034362,0.000000,0.000000,0.000000,1.000000
A,7.8667,R_RingProximal,0.002444,-0.000507,0.053278,-0.034654,0.106710,-0.045171,0.992659
A,7.8667,R_RingIntermediate,0.000000,0.000000,0.038533,0.168161,-0.002698,-0.037261,0.985052
A,7.8667,R_RingDistal,0.000000,0.000000,0.026258,0.069814,-0.029558,-0.007917,0.997091
A,7.8667,R_RingTip,0.000255,0.001589,0.024037,0.000000,0.000000,0.000000,1.000000
A,7.8667,R_ThumbMetacarpal,-0.031686,-0.011774,0.032024,-0.106299,-0.470108,0.517716,0.706874
A,7.8667,R_ThumbProximal,0.000000,0.000000,0.032127,0.164426,0.055554,-0.082428,0.981368
A,7.8667,R_ThumbDistal,0.000000,0.000000,0.033392,-0.049519,-0.064324,0.083344,0.993209
A,7.8667,R_ThumbTip,0.000662,0.001015,0.024299,0.000000,0.000000,0.000000,1.000000
A,7.9333,R_Wrist,0.024327,1.455797,0.569547,-0.471660,-0.277809,-0.212498,0.809447
A,7.9333,R_IndexMetacarpal,-0.020497,-0.007333,0.034983,0.000000,0.000000,0.000000,1.000000
A,7.9333,R_IndexProximal,-0.002774,0.000103,0.059873,-0.023183,-0.001154,0.028369,0.999328
A,7.9333,R_IndexIntermediate,0.000000,0.000000,0.037477,0.148891,0.003273,-0.026319,0.988498
A,7.9333,R_IndexDistal,0.000000,0.000000,0.024015,0.020364,0.025691,-0.016548,0.999326
A,7.9333,R_IndexTip,0.000292,0.001013,0.022098,0.000000,0.000000,0.000000,1.000000
A,7.9333,R_LittleMetacarpal,0.022725,-0.009308,0.033669,0.018312,0.140343,-0.207036,0.968042
A,7.9333,R_LittleProximal,-0.000002,-0.000001,0.045108,-0.107869,0.027957,0.101423,0.988583
A,7.9333,R_LittleIntermediate,0.000000,0.000000,0.030356,0.233501,0.032152,-0.058195,0.970081
A,7.9333,R_LittleDistal,0.000000,0.000000,0.020070,0.050806,-0.049067,0.000902,0.997502
A,7.9333,R_LittleTip,-0.000244,0.001202,0.021662,0.000000,0.000000,0.000000,1.000000
A,7.9333,R_MiddleMetacarpal,-0.004480,-0.006527,0.032846,0.000000,0.000000,0.000000,1.000000
A,7.9333,R_MiddleProximal,0.002775,0.004014,0.061664,0.019328,0.075637,-0.006953,0.996924
A,7.9333,R_MiddleIntermediate,0.000000,0.000000,0.042417,0.144012,0.002692,-0.012051,0.989499
A,7.9333,R_MiddleDistal,0.000000,0.000000,0.027222,-0.001329,0.000611,-0.043495,0.999053
A,7.9333,R_MiddleTip,0.000305,0.001124,0.024668,0.000000,0.000000,0.000000,1.000000
A,7.9333,R_Palm,-0.003093,-0.004520,0.063678,0.000000,0.000000,0.000000,1.000000
A,7.9333,R_RingMetacarpal,0.014814,-0.005944,0.034363,0.000000,0.000000,0.000000,1.000000
A,7.9333,R_RingProximal,0.002444,-0.000507,0.053278,-0.034654,0.106710,-0.045171,0.992659
A,7.9333,R_RingIntermediate,0.000000,0.000000,0.038533,0.168161,-0.002698,-0.037261,0.985052
A,7.9333,R_RingDistal,0.000000,0.000000,0.026258,0.069814,-0.029558,-0.007917,0.997091
A,7.9333,R_RingTip,0.000255,0.001589,0.024037,0.000000,0.000000,0.000000,1.000000
A,7.9333,R_ThumbMetacarpal,-0.031686,-0.011774,0.032024,-0.106299,-0.470108,0.517715,0.706874
A,7.9333,R_ThumbProximal,0.000000,0.000000,0.032127,0.164426,0.055554,-0.082428,0.981368
A,7.9333,R_ThumbDistal,0.000000,0.000000,0.033392,-0.049519,-0.064324,0.083344,0.993209
A,7.9333,R_ThumbTip,0.000662,0.001015,0.024299,0.000000,0.000000,0.000000,1.000000
A,8.0000,R_Wrist,0.024327,1.455797,0.569548,-0.471660,-0.277809,-0.212498,0.809447
A,8.0000,R_IndexMetacarpal,-0.020497,-0.007333,0.034983,0.000000,0.000000,0.000000,1.000000
A,8.0000,R_IndexProximal,-0.002774,0.000103,0.059873,-0.023183,-0.001154,0.028369,0.999328
A,8.0000,R_IndexIntermediate,0.000000,0.000000,0.037477,0.148891,0.003273,-0.026319,0.988498
A,8.0000,R_IndexDistal,0.000000,0.000000,0.024015,0.020364,0.025691,-0.016548,0.999326
A,8.0000,R_IndexTip,0.000292,0.001013,0.022098,0.000000,0.000000,0.000000,1.000000
A,8.0000,R_LittleMetacarpal,0.022725,-0.009308,0.033669,0.018312,0.140343,-0.207036,0.968042
A,8.0000,R_LittleProximal,-0.000002,-0.000001,0.045108,-0.107869,0.027957,0.101423,0.988583
A,8.0000,R_LittleIntermediate,0.000000,0.000000,0.030356,0.233501,0.032152,-0.058195,0.970081
A,8.0000,R_LittleDistal,0.000000,0.000000,0.020070,0.050806,-0.049067,0.000902,0.997502
A,8.0000,R_LittleTip,-0.000244,0.001202,0.021662,0.000000,0.000000,0.000000,1.000000
A,8.0000,R_MiddleMetacarpal,-0.004480,-0.006527,0.032846,0.000000,0.000000,0.000000,1.000000
A,8.0000,R_MiddleProximal,0.002775,0.004014,0.061664,0.019328,0.075637,-0.006953,0.996924
A,8.0000,R_MiddleIntermediate,0.000000,0.000000,0.042417,0.144012,0.002692,-0.012051,0.989499
A,8.0000,R_MiddleDistal,0.000000,0.000000,0.027222,-0.001329,0.000611,-0.043495,0.999053
A,8.0000,R_MiddleTip,0.000305,0.001124,0.024668,0.000000,0.000000,0.000000,1.000000
A,8.0000,R_Palm,-0.003093,-0.004520,0.063678,0.000000,0.000000,0.000000,1.000000
A,8.0000,R_RingMetacarpal,0.014814,-0.005944,0.034363,0.000000,0.000000,0.000000,1.000000
A,8.0000,R_RingProximal,0.002444,-0.000507,0.053278,-0.034654,0.106710,-0.045171,0.992659
A,8.0000,R_RingIntermediate,0.000000,0.000000,0.038533,0.168161,-0.002698,-0.037261,0.985052
A,8.0000,R_RingDistal,0.000000,0.000000,0.026258,0.069814,-0.029558,-0.007917,0.997091
A,8.0000,R_RingTip,0.000255,0.001589,0.024037,0.000000,0.000000,0.000000,1.000000
A,8.0000,R_ThumbMetacarpal,-0.031686,-0.011774,0.032024,-0.106299,-0.470108,0.517716,0.706874
A,8.0000,R_ThumbProximal,0.000000,0.000000,0.032127,0.164426,0.055553,-0.082428,0.981368
A,8.0000,R_ThumbDistal,0.000000,0.000000,0.033392,-0.049519,-0.064324,0.083344,0.993209
A,8.0000,R_ThumbTip,0.000662,0.001015,0.024299,0.000000,0.000000,0.000000,1.000000
A,8.0667,R_Wrist,0.024327,1.455797,0.569548,-0.471660,-0.277809,-0.212498,0.809447
A,8.0667,R_IndexMetacarpal,-0.020497,-0.007333,0.034983,0.000000,0.000000,0.000000,1.000000
A,8.0667,R_IndexProximal,-0.002774,0.000103,0.059873,-0.023183,-0.001154,0.028369,0.999328
A,8.0667,R_IndexIntermediate,0.000000,0.000000,0.037477,0.148891,0.003273,-0.026319,0.988498
A,8.0667,R_IndexDistal,0.000000,0.000000,0.024015,0.020364,0.025691,-0.016548,0.999326
A,8.0667,R_IndexTip,0.000292,0.001013,0.022098,0.000000,0.000000,0.000000,1.000000
A,8.0667,R_LittleMetacarpal,0.022725,-0.009308,0.033669,0.018312,0.140343,-0.207036,0.968042
A,8.0667,R_LittleProximal,-0.000002,-0.000001,0.045108,-0.107869,0.027957,0.101423,0.988583
A,8.0667,R_LittleIntermediate,0.000000,0.000000,0.030356,0.233501,0.032152,-0.058195,0.970081
A,8.0667,R_LittleDistal,0.000000,0.000000,0.020070,0.050806,-0.049067,0.000902,0.997502
A,8.0667,R_LittleTip,-0.000244,0.001202,0.021662,0.000000,0.000000,0.000000,1.000000
A,8.0667,R_MiddleMetacarpal,-0.004480,-0.006527,0.032846,0.000000,0.000000,0.000000,1.000000
A,8.0667,R_MiddleProximal,0.002775,0.004014,0.061664,0.019328,0.075637,-0.006953,0.996924
A,8.0667,R_MiddleIntermediate,0.000000,0.000000,0.042417,0.144012,0.002692,-0.012051,0.989499
A,8.0667,R_MiddleDistal,0.000000,0.000000,0.027222,-0.001329,0.000611,-0.043495,0.999053
A,8.0667,R_MiddleTip,0.000305,0.001124,0.024668,0.000000,0.000000,0.000000,1.000000
A,8.0667,R_Palm,-0.003093,-0.004520,0.063679,0.000000,0.000000,0.000000,1.000000
A,8.0667,R_RingMetacarpal,0.014814,-0.005944,0.034363,0.000000,0.000000,0.000000,1.000000
A,8.0667,R_RingProximal,0.002444,-0.000507,0.053278,-0.034654,0.106710,-0.045171,0.992659
A,8.0667,R_RingIntermediate,0.000000,0.000000,0.038533,0.168161,-0.002698,-0.037261,0.985052
A,8.0667,R_RingDistal,0.000000,0.000000,0.026258,0.069814,-0.029558,-0.007917,0.997091
A,8.0667,R_RingTip,0.000255,0.001589,0.024037,0.000000,0.000000,0.000000,1.000000
A,8.0667,R_ThumbMetacarpal,-0.031686,-0.011774,0.032024,-0.106299,-0.470108,0.517716,0.706874
A,8.0667,R_ThumbProximal,0.000000,0.000000,0.032127,0.164426,0.055554,-0.082428,0.981368
A,8.0667,R_ThumbDistal,0.000000,0.000000,0.033392,-0.049519,-0.064324,0.083344,0.993209
A,8.0667,R_ThumbTip,0.000662,0.001015,0.024299,0.000000,0.000000,0.000000,1.000000
A,8.1333,R_Wrist,0.024327,1.455798,0.569549,-0.471660,-0.277809,-0.212498,0.809447
A,8.1333,R_IndexMetacarpal,-0.020497,-0.007333,0.034983,0.000000,0.000000,0.000000,1.000000
A,8.1333,R_IndexProximal,-0.002774,0.000103,0.059873,-0.023183,-0.001154,0.028369,0.999328
A,8.1333,R_IndexIntermediate,0.000000,0.000000,0.037477,0.148891,0.003273,-0.026319,0.988498
A,8.1333,R_IndexDistal,0.000000,0.000000,0.024015,0.020364,0.025691,-0.016548,0.999326
A,8.1333,R_IndexTip,0.000292,0.001013,0.022098,0.000000,0.000000,0.000000,1.000000
A,8.1333,R_LittleMetacarpal,0.022725,-0.009308,0.033669,0.018312,0.140343,-0.207036,0.968042
A,8.1333,R_LittleProximal,-0.000002,-0.000001,0.045108,-0.107869,0.027957,0.101423,0.988583
A,8.1333,R_LittleIntermediate,0.000000,0.000000,0.030356,0.233501,0.032152,-0.058195,0.970081
A,8.1333,R_LittleDistal,0.000000,0.000000,0.020070,0.050806,-0.049067,0.000902,0.997502
A,8.1333,R_LittleTip,-0.000244,0.001202,0.021662,0.000000,0.000000,0.000000,1.000000
A,8.1333,R_MiddleMetacarpal,-0.004480,-0.006527,0.032846,0.000000,0.000000,0.000000,1.000000
A,8.1333,R_MiddleProximal,0.002775,0.004014,0.061665,0.019328,0.075637,-0.006953,0.996924
A,8.1333,R_MiddleIntermediate,0.000000,0.000000,0.042417,0.144012,0.002692,-0.012051,0.989499
A,8.1333,R_MiddleDistal,0.000000,0.000000,0.027222,-0.001329,0.000611,-0.043495,0.999053
A,8.1333,R_MiddleTip,0.000305,0.001124,0.024669,0.000000,0.000000,0.000000,1.000000
A,8.1333,R_Palm,-0.003093,-0.004520,0.063679,0.000000,0.000000,0.000000,1.000000
A,8.1333,R_RingMetacarpal,0.014814,-0.005944,0.034363,0.000000,0.000000,0.000000,1.000000
A,8.1333,R_RingProximal,0.002444,-0.000507,0.053278,-0.034654,0.106710,-0.045171,0.992659
A,8.1333,R_RingIntermediate,0.000000,0.000000,0.038533,0.168161,-0.002698,-0.037261,0.985052
A,8.1333,R_RingDistal,0.000000,0.000000,0.026258,0.069814,-0.029558,-0.007917,0.997091
A,8.1333,R_RingTip,0.000255,0.001589,0.024037,0.000000,0.000000,0.000000,1.000000
A,8.1333,R_ThumbMetacarpal,-0.031686,-0.011774,0.032024,-0.106299,-0.470108,0.517716,0.706874
A,8.1333,R_ThumbProximal,0.000000,0.000000,0.032127,0.164426,0.055554,-0.082428,0.981368
A,8.1333,R_ThumbDistal,0.000000,0.000000,0.033392,-0.049519,-0.064324,0.083344,0.993209
A,8.1333,R_ThumbTip,0.000662,0.001015,0.024299,0.000000,0.000000,0.000000,1.000000
A,8.2000,R_Wrist,0.024327,1.455798,0.569549,-0.471660,-0.277809,-0.212498,0.809447
A,8.2000,R_IndexMetacarpal,-0.020497,-0.007333,0.034983,0.000000,0.000000,0.000000,1.000000
A,8.2000,R_IndexProximal,-0.002774,0.000103,0.059873,-0.023183,-0.001154,0.028369,0.999328
A,8.2000,R_IndexIntermediate,0.000000,0.000000,0.037477,0.148891,0.003273,-0.026319,0.988498
A,8.2000,R_IndexDistal,0.000000,0.000000,0.024015,0.020364,0.025691,-0.016548,0.999326
A,8.2000,R_IndexTip,0.000292,0.001013,0.022098,0.000000,0.000000,0.000000,1.000000
A,8.2000,R_LittleMetacarpal,0.022726,-0.009308,0.033669,0.018312,0.140343,-0.207036,0.968042
A,8.2000,R_LittleProximal,-0.000002,-0.000001,0.045109,-0.107869,0.027957,0.101423,0.988583
A,8.2000,R_LittleIntermediate,0.000000,0.000000,0.030356,0.233501,0.032152,-0.058195,0.970081
A,8.2000,R_LittleDistal,0.000000,0.000000,0.020070,0.050806,-0.049067,0.000902,0.997502
A,8.2000,R_LittleTip,-0.000244,0.001202,0.021662,0.000000,0.000000,0.000000,1.000000
A,8.2000,R_MiddleMetacarpal,-0.004480,-0.006527,0.032846,0.000000,0.000000,0.000000,1.000000
A,8.2000,R_MiddleProximal,0.002775,0.004014,0.061665,0.019328,0.075637,-0.006953,0.996924
A,8.2000,R_MiddleIntermediate,0.000000,0.000000,0.042417,0.144012,0.002692,-0.012051,0.989499
A,8.2000,R_MiddleDistal,0.000000,0.000000,0.027222,-0.001329,0.000611,-0.043495,0.999053
A,8.2000,R_MiddleTip,0.000305,0.001124,0.024669,0.000000,0.000000,0.000000,1.000000
A,8.2000,R_Palm,-0.003093,-0.004520,0.063679,0.000000,0.000000,0.000000,1.000000
A,8.2000,R_RingMetacarpal,0.014814,-0.005944,0.034363,0.000000,0.000000,0.000000,1.000000
A,8.2000,R_RingProximal,0.002444,-0.000507,0.053278,-0.034654,0.106710,-0.045171,0.992659
A,8.2000,R_RingIntermediate,0.000000,0.000000,0.038533,0.168161,-0.002698,-0.037261,0.985052
A,8.2000,R_RingDistal,0.000000,0.000000,0.026258,0.069814,-0.029558,-0.007917,0.997091
A,8.2000,R_RingTip,0.000255,0.001589,0.024037,0.000000,0.000000,0.000000,1.000000
A,8.2000,R_ThumbMetacarpal,-0.031686,-0.011774,0.032024,-0.106299,-0.470108,0.517716,0.706874
A,8.2000,R_ThumbProximal,0.000000,0.000000,0.032127,0.164426,0.055553,-0.082428,0.981368
A,8.2000,R_ThumbDistal,0.000000,0.000000,0.033392,-0.049519,-0.064324,0.083344,0.993209
A,8.2000,R_ThumbTip,0.000662,0.001015,0.024299,0.000000,0.000000,0.000000,1.000000
A,8.2667,R_Wrist,0.024328,1.455798,0.569550,-0.471660,-0.277809,-0.212498,0.809447
A,8.2667,R_IndexMetacarpal,-0.020497,-0.007333,0.034983,0.000000,0.000000,0.000000,1.000000
A,8.2667,R_IndexProximal,-0.002774,0.000103,0.059873,-0.023183,-0.001154,0.028369,0.999328
A,8.2667,R_IndexIntermediate,0.000000,0.000000,0.037477,0.148891,0.003273,-0.026319,0.988498
A,8.2667,R_IndexDistal,0.000000,0.000000,0.024015,0.020364,0.025691,-0.016548,0.999326
A,8.2667,R_IndexTip,0.000292,0.001013,0.022098,0.000000,0.000000,0.000000,1.000000
A,8.2667,R_LittleMetacarpal,0.022726,-0.009308,0.033669,0.018312,0.140343,-0.207036,0.968042
A,8.2667,R_LittleProximal,-0.000002,-0.000001,0.045109,-0.107869,0.027957,0.101423,0.988583
A,8.2667,R_LittleIntermediate,0.000000,0.000000,0.030356,0.233501,0.032152,-0.058195,0.970081
A,8.2667,R_LittleDistal,0.000000,0.000000,0.020070,0.050806,-0.049067,0.000902,0.997502
A,8.2667,R_LittleTip,-0.000244,0.001202,0.021662,0.000000,0.000000,0.000000,1.000000
A,8.2667,R_MiddleMetacarpal,-0.004480,-0.006527,0.032846,0.000000,0.000000,0.000000,1.000000
A,8.2667,R_MiddleProximal,0.002775,0.004014,0.061665,0.019328,0.075637,-0.006953,0.996924
A,8.2667,R_MiddleIntermediate,0.000000,0.000000,0.042417,0.144012,0.002692,-0.012051,0.989499
A,8.2667,R_MiddleDistal,0.000000,0.000000,0.027223,-0.001329,0.000611,-0.043495,0.999053
A,8.2667,R_MiddleTip,0.000305,0.001124,0.024669,0.000000,0.000000,0.000000,1.000000
A,8.2667,R_Palm,-0.003093,-0.004520,0.063679,0.000000,0.000000,0.000000,1.000000
A,8.2667,R_RingMetacarpal,0.014814,-0.005944,0.034363,0.000000,0.000000,0.000000,1.000000
A,8.2667,R_RingProximal,0.002444,-0.000507,0.053278,-0.034654,0.106710,-0.045171,0.992659
A,8.2667,R_RingIntermediate,0.000000,0.000000,0.038533,0.168161,-0.002698,-0.037261,0.985052
A,8.2667,R_RingDistal,0.000000,0.000000,0.026258,0.069814,-0.029558,-0.007917,0.997091
A,8.2667,R_RingTip,0.000255,0.001589,0.024037,0.000000,0.000000,0.000000,1.000000
A,8.2667,R_ThumbMetacarpal,-0.031686,-0.011774,0.032024,-0.106299,-0.470108,0.517716,0.706874
A,8.2667,R_ThumbProximal,0.000000,0.000000,0.032127,0.164426,0.055554,-0.082428,0.981368
A,8.2667,R_ThumbDistal,0.000000,0.000000,0.033392,-0.049519,-0.064324,0.083344,0.993209
A,8.2667,R_ThumbTip,0.000662,0.001015,0.024299,0.000000,0.000000,0.000000,1.000000
A,8.3333,R_Wrist,0.024328,1.455798,0.569550,-0.471660,-0.277809,-0.212498,0.809447
A,8.3333,R_IndexMetacarpal,-0.020497,-0.007333,0.034983,0.000000,0.000000,0.000000,1.000000
A,8.3333,R_IndexProximal,-0.002774,0.000103,0.059873,-0.023183,-0.001154,0.028369,0.999328
A,8.3333,R_IndexIntermediate,0.000000,0.000000,0.037477,0.148891,0.003273,-0.026319,0.988498
A,8.3333,R_IndexDistal,0.000000,0.000000,0.024015,0.020364,0.025691,-0.016548,0.999326
A,8.3333,R_IndexTip,0.000292,0.001013,0.022098,0.000000,0.000000,0.000000,1.000000
A,8.3333,R_LittleMetacarpal,0.022726,-0.009308,0.033669,0.018312,0.140343,-0.207036,0.968042
A,8.3333,R_LittleProximal,-0.000002,-0.000001,0.045109,-0.107869,0.027957,0.101423,0.988583
A,8.3333,R_LittleIntermediate,0.000000,0.000000,0.030356,0.233501,0.032152,-0.058195,0.970081
A,8.3333,R_LittleDistal,0.000000,0.000000,0.020070,0.050806,-0.049067,0.000902,0.997502
A,8.3333,R_LittleTip,-0.000244,0.001202,0.021662,0.000000,0.000000,0.000000,1.000000
A,8.3333,R_MiddleMetacarpal,-0.004480,-0.006527,0.032846,0.000000,0.000000,0.000000,1.000000
A,8.3333,R_MiddleProximal,0.002775,0.004014,0.061665,0.019328,0.075637,-0.006953,0.996924
A,8.3333,R_MiddleIntermediate,0.000000,0.000000,0.042417,0.144012,0.002692,-0.012051,0.989499
A,8.3333,R_MiddleDistal,0.000000,0.000000,0.027223,-0.001329,0.000611,-0.043495,0.999053
A,8.3333,R_MiddleTip,0.000305,0.001124,0.024669,0.000000,0.000000,0.000000,1.000000
A,8.3333,R_Palm,-0.003093,-0.004520,0.063679,0.000000,0.000000,0.000000,1.000000
A,8.3333,R_RingMetacarpal,0.014814,-0.005944,0.034363,0.000000,0.000000,0.000000,1.000000
A,8.3333,R_RingProximal,0.002444,-0.000507,0.053278,-0.034654,0.106710,-0.045171,0.992659
A,8.3333,R_RingIntermediate,0.000000,0.000000,0.038533,0.168161,-0.002698,-0.037261,0.985052
A,8.3333,R_RingDistal,0.000000,0.000000,0.026258,0.069814,-0.029558,-0.007917,0.997091
A,8.3333,R_RingTip,0.000255,0.001589,0.024037,0.000000,0.000000,0.000000,1.000000
A,8.3333,R_ThumbMetacarpal,-0.031686,-0.011774,0.032024,-0.106299,-0.470108,0.517716,0.706874
A,8.3333,R_ThumbProximal,0.000000,0.000000,0.032127,0.164426,0.055554,-0.082428,0.981368
A,8.3333,R_ThumbDistal,0.000000,0.000000,0.033392,-0.049519,-0.064324,0.083344,0.993209
A,8.3333,R_ThumbTip,0.000662,0.001015,0.024299,0.000000,0.000000,0.000000,1.000000
A,8.4000,R_Wrist,0.024328,1.455799,0.569551,-0.471660,-0.277809,-0.212498,0.809447
A,8.4000,R_IndexMetacarpal,-0.020497,-0.007333,0.034983,0.000000,0.000000,0.000000,1.000000
A,8.4000,R_IndexProximal,-0.002774,0.000103,0.059874,-0.023183,-0.001154,0.028369,0.999328
A,8.4000,R_IndexIntermediate,0.000000,0.000000,0.037477,0.148891,0.003273,-0.026319,0.988498
A,8.4000,R_IndexDistal,0.000000,0.000000,0.024015,0.020364,0.025691,-0.016548,0.999326
A,8.4000,R_IndexTip,0.000292,0.001013,0.022098,0.000000,0.000000,0.000000,1.000000
A,8.4000,R_LittleMetacarpal,0.022726,-0.009308,0.033669,0.018312,0.140343,-0.207036,0.968042
A,8.4000,R_LittleProximal,-0.000002,-0.000001,0.045109,-0.107869,0.027957,0.101423,0.988583
A,8.4000,R_LittleIntermediate,0.000000,0.000000,0.030356,0.233501,0.032152,-0.058195,0.970081
A,8.4000,R_LittleDistal,0.000000,0.000000,0.020070,0.050806,-0.049067,0.000902,0.997502
A,8.4000,R_LittleTip,-0.000244,0.001202,0.021662,0.000000,0.000000,0.000000,1.000000
A,8.4000,R_MiddleMetacarpal,-0.004480,-0.006527,0.032846,0.000000,0.000000,0.000000,1.000000
A,8.4000,R_MiddleProximal,0.002775,0.004014,0.061665,0.019328,0.075637,-0.006953,0.996924
A,8.4000,R_MiddleIntermediate,0.000000,0.000000,0.042417,0.144011,0.002692,-0.012051,0.989499
A,8.4000,R_MiddleDistal,0.000000,0.000000,0.027223,-0.001329,0.000611,-0.043495,0.999053
A,8.4000,R_MiddleTip,0.000305,0.001124,0.024669,0.000000,0.000000,0.000000,1.000000
A,8.4000,R_Palm,-0.003093,-0.004520,0.063679,0.000000,0.000000,0.000000,1.000000
A,8.4000,R_RingMetacarpal,0.014814,-0.005944,0.034363,0.000000,0.000000,0.000000,1.000000
A,8.4000,R_RingProximal,0.002444,-0.000507,0.053278,-0.034654,0.106710,-0.045171,0.992659
A,8.4000,R_RingIntermediate,0.000000,0.000000,0.038533,0.168161,-0.002698,-0.037261,0.985052
A,8.4000,R_RingDistal,0.000000,0.000000,0.026258,0.069814,-0.029558,-0.007917,0.997091
A,8.4000,R_RingTip,0.000255,0.001589,0.024037,0.000000,0.000000,0.000000,1.000000
A,8.4000,R_ThumbMetacarpal,-0.031686,-0.011774,0.032024,-0.106299,-0.470108,0.517716,0.706874
A,8.4000,R_ThumbProximal,0.000000,0.000000,0.032127,0.164426,0.055553,-0.082428,0.981368
A,8.4000,R_ThumbDistal,0.000000,0.000000,0.033392,-0.049519,-0.064324,0.083344,0.993209
A,8.4000,R_ThumbTip,0.000662,0.001015,0.024299,0.000000,0.000000,0.000000,1.000000
A,8.4667,R_Wrist,0.024328,1.455799,0.569551,-0.471660,-0.277809,-0.212498,0.809447
A,8.4667,R_IndexMetacarpal,-0.020497,-0.007333,0.034983,0.000000,0.000000,0.000000,1.000000
A,8.4667,R_IndexProximal,-0.002774,0.000103,0.059874,-0.023183,-0.001154,0.028369,0.999328
A,8.4667,R_IndexIntermediate,0.000000,0.000000,0.037477,0.148891,0.003273,-0.026319,0.988498
A,8.4667,R_IndexDistal,0.000000,0.000000,0.024015,0.020364,0.025691,-0.016548,0.999326
A,8.4667,R_IndexTip,0.000292,0.001013,0.022098,0.000000,0.000000,0.000000,1.000000
A,8.4667,R_LittleMetacarpal,0.022726,-0.009308,0.033669,0.018312,0.140343,-0.207036,0.968042
A,8.4667,R_LittleProximal,-0.000002,-0.000001,0.045109,-0.107869,0.027957,0.101423,0.988583
A,8.4667,R_LittleIntermediate,0.000000,0.000000,0.030356,0.233501,0.032152,-0.058195,0.970081
A,8.4667,R_LittleDistal,0.000000,0.000000,0.020070,0.050806,-0.049067,0.000902,0.997502
A,8.4667,R_LittleTip,-0.000244,0.001202,0.021662,0.000000,0.000000,0.000000,1.000000
A,8.4667,R_MiddleMetacarpal,-0.004480,-0.006527,0.032847,0.000000,0.000000,0.000000,1.000000
A,8.4667,R_MiddleProximal,0.002775,0.004014,0.061665,0.019328,0.075637,-0.006953,0.996924
A,8.4667,R_MiddleIntermediate,0.000000,0.000000,0.042418,0.144012,0.002692,-0.012051,0.989499
A,8.4667,R_MiddleDistal,0.000000,0.000000,0.027223,-0.001329,0.000611,-0.043495,0.999053
A,8.4667,R_MiddleTip,0.000305,0.001124,0.024669,0.000000,0.000000,0.000000,1.000000
A,8.4667,R_Palm,-0.003093,-0.004520,0.063679,0.000000,0.000000,0.000000,1.000000
A,8.4667,R_RingMetacarpal,0.014814,-0.005944,0.034363,0.000000,0.000000,0.000000,1.000000
A,8.4667,R_RingProximal,0.002444,-0.000507,0.053278,-0.034654,0.106710,-0.045171,0.992659
A,8.4667,R_RingIntermediate,0.000000,0.000000,0.038533,0.168161,-0.002698,-0.037261,0.985052
A,8.4667,R_RingDistal,0.000000,0.000000,0.026258,0.069814,-0.029558,-0.007917,0.997091
A,8.4667,R_RingTip,0.000255,0.001589,0.024038,0.000000,0.000000,0.000000,1.000000
A,8.4667,R_ThumbMetacarpal,-0.031686,-0.011774,0.032024,-0.106299,-0.470108,0.517716,0.706874
A,8.4667,R_ThumbProximal,0.000000,0.000000,0.032127,0.164426,0.055553,-0.082428,0.981368
A,8.4667,R_ThumbDistal,0.000000,0.000000,0.033392,-0.049519,-0.064324,0.083344,0.993209
A,8.4667,R_ThumbTip,0.000662,0.001015,0.024299,0.000000,0.000000,0.000000,1.000000
A,8.5333,R_Wrist,0.024328,1.455799,0.569552,-0.471660,-0.277809,-0.212498,0.809447
A,8.5333,R_IndexMetacarpal,-0.020497,-0.007333,0.034983,0.000000,0.000000,0.000000,1.000000
A,8.5333,R_IndexProximal,-0.002774,0.000103,0.059874,-0.023183,-0.001154,0.028369,0.999328
A,8.5333,R_IndexIntermediate,0.000000,0.000000,0.037477,0.148891,0.003273,-0.026319,0.988498
A,8.5333,R_IndexDistal,0.000000,0.000000,0.024015,0.020364,0.025691,-0.016548,0.999326
A,8.5333,R_IndexTip,0.000292,0.001013,0.022098,0.000000,0.000000,0.000000,1.000000
A,8.5333,R_LittleMetacarpal,0.022726,-0.009308,0.033669,0.018312,0.140343,-0.207036,0.968042
A,8.5333,R_LittleProximal,-0.000002,-0.000001,0.045109,-0.107869,0.027957,0.101423,0.988583
A,8.5333,R_LittleIntermediate,0.000000,0.000000,0.030356,0.233501,0.032152,-0.058195,0.970081
A,8.5333,R_LittleDistal,0.000000,0.000000,0.020070,0.050806,-0.049067,0.000902,0.997502
A,8.5333,R_LittleTip,-0.000244,0.001202,0.021662,0.000000,0.000000,0.000000,1.000000
A,8.5333,R_MiddleMetacarpal,-0.004480,-0.006527,0.032847,0.000000,0.000000,0.000000,1.000000
A,8.5333,R_MiddleProximal,0.002775,0.004014,0.061665,0.019328,0.075637,-0.006953,0.996924
A,8.5333,R_MiddleIntermediate,0.000000,0.000000,0.042418,0.144012,0.002692,-0.012051,0.989499
A,8.5333,R_MiddleDistal,0.000000,0.000000,0.027223,-0.001329,0.000611,-0.043495,0.999053
A,8.5333,R_MiddleTip,0.000305,0.001124,0.024669,0.000000,0.000000,0.000000,1.000000
A,8.5333,R_Palm,-0.003093,-0.004520,0.063679,0.000000,0.000000,0.000000,1.000000
A,8.5333,R_RingMetacarpal,0.014814,-0.005944,0.034363,0.000000,0.000000,0.000000,1.000000
A,8.5333,R_RingProximal,0.002444,-0.000507,0.053278,-0.034654,0.106710,-0.045171,0.992659
A,8.5333,R_RingIntermediate,0.000000,0.000000,0.038534,0.168161,-0.002698,-0.037261,0.985051
A,8.5333,R_RingDistal,0.000000,0.000000,0.026258,0.069814,-0.029558,-0.007917,0.997091
A,8.5333,R_RingTip,0.000255,0.001589,0.024037,0.000000,0.000000,0.000000,1.000000
A,8.5333,R_ThumbMetacarpal,-0.031686,-0.011774,0.032024,-0.106299,-0.470108,0.517716,0.706874
A,8.5333,R_ThumbProximal,0.000000,0.000000,0.032127,0.164426,0.055554,-0.082428,0.981368
A,8.5333,R_ThumbDistal,0.000000,0.000000,0.033392,-0.049519,-0.064324,0.083344,0.993209
A,8.5333,R_ThumbTip,0.000662,0.001015,0.024299,0.000000,0.000000,0.000000,1.000000
A,8.6000,R_Wrist,0.024328,1.455799,0.569552,-0.471660,-0.277809,-0.212498,0.809447
A,8.6000,R_IndexMetacarpal,-0.020497,-0.007333,0.034983,0.000000,0.000000,0.000000,1.000000
A,8.6000,R_IndexProximal,-0.002774,0.000103,0.059874,-0.023183,-0.001154,0.028369,0.999328
A,8.6000,R_IndexIntermediate,0.000000,0.000000,0.037477,0.148891,0.003273,-0.026319,0.988498
A,8.6000,R_IndexDistal,0.000000,0.000000,0.024015,0.020364,0.025691,-0.016548,0.999326
A,8.6000,R_IndexTip,0.000292,0.001013,0.022098,0.000000,0.000000,0.000000,1.000000
A,8.6000,R_LittleMetacarpal,0.022726,-0.009308,0.033669,0.018312,0.140343,-0.207036,0.968042
A,8.6000,R_LittleProximal,-0.000002,-0.000001,0.045109,-0.107869,0.027957,0.101423,0.988583
A,8.6000,R_LittleIntermediate,0.000000,0.000000,0.030356,0.233501,0.032152,-0.058195,0.970081
A,8.6000,R_LittleDistal,0.000000,0.000000,0.020070,0.050806,-0.049067,0.000902,0.997502
A,8.6000,R_LittleTip,-0.000244,0.001202,0.021662,0.000000,0.000000,0.000000,1.000000
A,8.6000,R_MiddleMetacarpal,-0.004480,-0.006527,0.032847,0.000000,0.000000,0.000000,1.000000
A,8.6000,R_MiddleProximal,0.002775,0.004014,0.061665,0.019328,0.075637,-0.006953,0.996924
A,8.6000,R_MiddleIntermediate,0.000000,0.000000,0.042418,0.144011,0.002692,-0.012051,0.989499
A,8.6000,R_MiddleDistal,0.000000,0.000000,0.027223,-0.001329,0.000611,-0.043495,0.999053
A,8.6000,R_MiddleTip,0.000305,0.001124,0.024669,0.000000,0.000000,0.000000,1.000000
A,8.6000,R_Palm,-0.003093,-0.004520,0.063679,0.000000,0.000000,0.000000,1.000000
A,8.6000,R_RingMetacarpal,0.014814,-0.005944,0.034363,0.000000,0.000000,0.000000,1.000000
A,8.6000,R_RingProximal,0.002444,-0.000507,0.053279,-0.034654,0.106710,-0.045171,0.992659
A,8.6000,R_RingIntermediate,0.000000,0.000000,0.038534,0.168161,-0.002698,-0.037261,0.985052
A,8.6000,R_RingDistal,0.000000,0.000000,0.026258,0.069814,-0.029558,-0.007917,0.997091
A,8.6000,R_RingTip,0.000255,0.001589,0.024038,0.000000,0.000000,0.000000,1.000000
A,8.6000,R_ThumbMetacarpal,-0.031686,-0.011774,0.032024,-0.106299,-0.470108,0.517716,0.706874
A,8.6000,R_ThumbProximal,0.000000,0.000000,0.032127,0.164426,0.055554,-0.082428,0.981368
A,8.6000,R_ThumbDistal,0.000000,0.000000,0.033392,-0.049519,-0.064324,0.083344,0.993209
A,8.6000,R_ThumbTip,0.000662,0.001015,0.024299,0.000000,0.000000,0.000000,1.000000
A,8.6667,R_Wrist,0.024328,1.455800,0.569553,-0.471660,-0.277809,-0.212498,0.809447
A,8.6667,R_IndexMetacarpal,-0.020497,-0.007333,0.034983,0.000000,0.000000,0.000000,1.000000
A,8.6667,R_IndexProximal,-0.002774,0.000103,0.059874,-0.023183,-0.001154,0.028369,0.999328
A,8.6667,R_IndexIntermediate,0.000000,0.000000,0.037477,0.148891,0.003273,-0.026319,0.988498
A,8.6667,R_IndexDistal,0.000000,0.000000,0.024015,0.020364,0.025691,-0.016548,0.999326
A,8.6667,R_IndexTip,0.000292,0.001013,0.022098,0.000000,0.000000,0.000000,1.000000
A,8.6667,R_LittleMetacarpal,0.022726,-0.009308,0.033669,0.018312,0.140343,-0.207036,0.968042
A,8.6667,R_LittleProximal,-0.000002,-0.000001,0.045109,-0.107869,0.027957,0.101423,0.988583
A,8.6667,R_LittleIntermediate,0.000000,0.000000,0.030356,0.233501,0.032152,-0.058195,0.970081
A,8.6667,R_LittleDistal,0.000000,0.000000,0.020070,0.050806,-0.049067,0.000902,0.997502
A,8.6667,R_LittleTip,-0.000244,0.001202,0.021662,0.000000,0.000000,0.000000,1.000000
A,8.6667,R_MiddleMetacarpal,-0.004480,-0.006527,0.032847,0.000000,0.000000,0.000000,1.000000
A,8.6667,R_MiddleProximal,0.002775,0.004014,0.061665,0.019328,0.075637,-0.006953,0.996924
A,8.6667,R_MiddleIntermediate,0.000000,0.000000,0.042418,0.144011,0.002692,-0.012051,0.989499
A,8.6667,R_MiddleDistal,0.000000,0.000000,0.027223,-0.001329,0.000611,-0.043495,0.999053
A,8.6667,R_MiddleTip,0.000305,0.001124,0.024669,0.000000,0.000000,0.000000,1.000000
A,8.6667,R_Palm,-0.003093,-0.004520,0.063679,0.000000,0.000000,0.000000,1.000000
A,8.6667,R_RingMetacarpal,0.014814,-0.005944,0.034363,0.000000,0.000000,0.000000,1.000000
A,8.6667,R_RingProximal,0.002444,-0.000507,0.053278,-0.034654,0.106710,-0.045171,0.992659
A,8.6667,R_RingIntermediate,0.000000,0.000000,0.038534,0.168161,-0.002698,-0.037261,0.985052
A,8.6667,R_RingDistal,0.000000,0.000000,0.026258,0.069814,-0.029558,-0.007917,0.997091
A,8.6667,R_RingTip,0.000255,0.001589,0.024038,0.000000,0.000000,0.000000,1.000000
A,8.6667,R_ThumbMetacarpal,-0.031686,-0.011774,0.032024,-0.106299,-0.470108,0.517716,0.706874
A,8.6667,R_ThumbProximal,0.000000,0.000000,0.032127,0.164426,0.055553,-0.082428,0.981368
A,8.6667,R_ThumbDistal,0.000000,0.000000,0.033392,-0.049519,-0.064324,0.083344,0.993209
A,8.6667,R_ThumbTip,0.000662,0.001015,0.024299,0.000000,0.000000,0.000000,1.000000
A,8.7333,R_Wrist,0.024328,1.455800,0.569554,-0.471660,-0.277809,-0.212498,0.809447
A,8.7333,R_IndexMetacarpal,-0.020497,-0.007333,0.034983,0.000000,0.000000,0.000000,1.000000
A,8.7333,R_IndexProximal,-0.002774,0.000103,0.059874,-0.023183,-0.001154,0.028369,0.999328
A,8.7333,R_IndexIntermediate,0.000000,0.000000,0.037477,0.148891,0.003273,-0.026319,0.988498
A,8.7333,R_IndexDistal,0.000000,0.000000,0.024015,0.020364,0.025691,-0.016548,0.999326
A,8.7333,R_IndexTip,0.000292,0.001013,0.022098,0.000000,0.000000,0.000000,1.000000
A,8.7333,R_LittleMetacarpal,0.022726,-0.009308,0.033669,0.018312,0.140343,-0.207036,0.968042
A,8.7333,R_LittleProximal,-0.000002,-0.000001,0.045109,-0.107869,0.027957,0.101423,0.988583
A,8.7333,R_LittleIntermediate,0.000000,0.000000,0.030356,0.233501,0.032152,-0.058195,0.970081
A,8.7333,R_LittleDistal,0.000000,0.000000,0.020070,0.050806,-0.049067,0.000902,0.997502
A,8.7333,R_LittleTip,-0.000244,0.001202,0.021662,0.000000,0.000000,0.000000,1.000000
A,8.7333,R_MiddleMetacarpal,-0.004480,-0.006527,0.032847,0.000000,0.000000,0.000000,1.000000
A,8.7333,R_MiddleProximal,0.002775,0.004014,0.061665,0.019328,0.075637,-0.006953,0.996924
A,8.7333,R_MiddleIntermediate,0.000000,0.000000,0.042418,0.144012,0.002692,-0.012051,0.989499
A,8.7333,R_MiddleDistal,0.000000,0.000000,0.027223,-0.001329,0.000611,-0.043495,0.999053
A,8.7333,R_MiddleTip,0.000305,0.001124,0.024669,0.000000,0.000000,0.000000,1.000000
A,8.7333,R_Palm,-0.003093,-0.004520,0.063679,0.000000,0.000000,0.000000,1.000000
A,8.7333,R_RingMetacarpal,0.014814,-0.005944,0.034363,0.000000,0.000000,0.000000,1.000000
A,8.7333,R_RingProximal,0.002444,-0.000507,0.053279,-0.034654,0.106710,-0.045171,0.992659
A,8.7333,R_RingIntermediate,0.000000,0.000000,0.038534,0.168161,-0.002698,-0.037261,0.985052
A,8.7333,R_RingDistal,0.000000,0.000000,0.026258,0.069814,-0.029558,-0.007917,0.997091
A,8.7333,R_RingTip,0.000255,0.001589,0.024038,0.000000,0.000000,0.000000,1.000000
A,8.7333,R_ThumbMetacarpal,-0.031686,-0.011774,0.032024,-0.106299,-0.470108,0.517716,0.706874
A,8.7333,R_ThumbProximal,0.000000,0.000000,0.032127,0.164426,0.055554,-0.082428,0.981368
A,8.7333,R_ThumbDistal,0.000000,0.000000,0.033392,-0.049519,-0.064324,0.083344,0.993209
A,8.7333,R_ThumbTip,0.000662,0.001015,0.024299,0.000000,0.000000,0.000000,1.000000
A,8.8000,R_Wrist,0.024328,1.455800,0.569554,-0.471660,-0.277809,-0.212498,0.809447
A,8.8000,R_IndexMetacarpal,-0.020497,-0.007333,0.034984,0.000000,0.000000,0.000000,1.000000
A,8.8000,R_IndexProximal,-0.002774,0.000103,0.059874,-0.023183,-0.001154,0.028369,0.999328
A,8.8000,R_IndexIntermediate,0.000000,0.000000,0.037477,0.148891,0.003273,-0.026319,0.988498
A,8.8000,R_IndexDistal,0.000000,0.000000,0.024015,0.020364,0.025691,-0.016548,0.999326
A,8.8000,R_IndexTip,0.000292,0.001013,0.022098,0.000000,0.000000,0.000000,1.000000
A,8.8000,R_LittleMetacarpal,0.022726,-0.009308,0.033669,0.018312,0.140343,-0.207036,0.968042
A,8.8000,R_LittleProximal,-0.000002,-0.000001,0.045109,-0.107869,0.027957,0.101423,0.988583
A,8.8000,R_LittleIntermediate,0.000000,0.000000,0.030356,0.233501,0.032152,-0.058195,0.970081
A,8.8000,R_LittleDistal,0.000000,0.000000,0.020070,0.050806,-0.049067,0.000902,0.997502
A,8.8000,R_LittleTip,-0.000244,0.001202,0.021662,0.000000,0.000000,0.000000,1.000000
A,8.8000,R_MiddleMetacarpal,-0.004480,-0.006527,0.032847,0.000000,0.000000,0.000000,1.000000
A,8.8000,R_MiddleProximal,0.002775,0.004014,0.061665,0.019328,0.075637,-0.006953,0.996924
A,8.8000,R_MiddleIntermediate,0.000000,0.000000,0.042418,0.144011,0.002692,-0.012051,0.989499
A,8.8000,R_MiddleDistal,0.000000,0.000000,0.027223,-0.001329,0.000611,-0.043495,0.999053
A,8.8000,R_MiddleTip,0.000305,0.001124,0.024669,0.000000,0.000000,0.000000,1.000000
A,8.8000,R_Palm,-0.003093,-0.004520,0.063679,0.000000,0.000000,0.000000,1.000000
A,8.8000,R_RingMetacarpal,0.014814,-0.005944,0.034363,0.000000,0.000000,0.000000,1.000000
A,8.8000,R_RingProximal,0.002444,-0.000507,0.053279,-0.034654,0.106710,-0.045171,0.992659
A,8.8000,R_RingIntermediate,0.000000,0.000000,0.038534,0.168161,-0.002698,-0.037261,0.985052
A,8.8000,R_RingDistal,0.000000,0.000000,0.026258,0.069815,-0.029558,-0.007917,0.997091
A,8.8000,R_RingTip,0.000255,0.001589,0.024038,0.000000,0.000000,0.000000,1.000000
A,8.8000,R_ThumbMetacarpal,-0.031686,-0.011774,0.032024,-0.106299,-0.470108,0.517716,0.706874
A,8.8000,R_ThumbProximal,0.000000,0.000000,0.032127,0.164426,0.055553,-0.082428,0.981368
A,8.8000,R_ThumbDistal,0.000000,0.000000,0.033392,-0.049519,-0.064324,0.083344,0.993209
A,8.8000,R_ThumbTip,0.000662,0.001015,0.024299,0.000000,0.000000,0.000000,1.000000
A,8.8667,R_Wrist,0.024328,1.455801,0.569555,-0.471660,-0.277809,-0.212498,0.809447
A,8.8667,R_IndexMetacarpal,-0.020497,-0.007333,0.034984,0.000000,0.000000,0.000000,1.000000
A,8.8667,R_IndexProximal,-0.002774,0.000103,0.059874,-0.023183,-0.001154,0.028369,0.999328
A,8.8667,R_IndexIntermediate,0.000000,0.000000,0.037477,0.148891,0.003273,-0.026319,0.988498
A,8.8667,R_IndexDistal,0.000000,0.000000,0.024016,0.020364,0.025691,-0.016548,0.999326
A,8.8667,R_IndexTip,0.000292,0.001013,0.022098,0.000000,0.000000,0.000000,1.000000
A,8.8667,R_LittleMetacarpal,0.022726,-0.009308,0.033669,0.018312,0.140343,-0.207036,0.968042
A,8.8667,R_LittleProximal,-0.000002,-0.000001,0.045109,-0.107869,0.027957,0.101423,0.988583
A,8.8667,R_LittleIntermediate,0.000000,0.000000,0.030356,0.233501,0.032152,-0.058195,0.970081
A,8.8667,R_LittleDistal,0.000000,0.000000,0.020070,0.050806,-0.049067,0.000902,0.997502
A,8.8667,R_LittleTip,-0.000244,0.001202,0.021662,0.000000,0.000000,0.000000,1.000000
A,8.8667,R_MiddleMetacarpal,-0.004480,-0.006527,0.032847,0.000000,0.000000,0.000000,1.000000
A,8.8667,R_MiddleProximal,0.002775,0.004014,0.061665,0.019328,0.075637,-0.006953,0.996924
A,8.8667,R_MiddleIntermediate,0.000000,0.000000,0.042418,0.144012,0.002692,-0.012051,0.989499
A,8.8667,R_MiddleDistal,0.000000,0.000000,0.027223,-0.001329,0.000611,-0.043495,0.999053
A,8.8667,R_MiddleTip,0.000305,0.001124,0.024669,0.000000,0.000000,0.000000,1.000000
A,8.8667,R_Palm,-0.003093,-0.004520,0.063679,0.000000,0.000000,0.000000,1.000000
A,8.8667,R_RingMetacarpal,0.014814,-0.005944,0.034363,0.000000,0.000000,0.000000,1.000000
A,8.8667,R_RingProximal,0.002444,-0.000507,0.053279,-0.034654,0.106710,-0.045171,0.992659
A,8.8667,R_RingIntermediate,0.000000,0.000000,0.038534,0.168161,-0.002698,-0.037261,0.985052
A,8.8667,R_RingDistal,0.000000,0.000000,0.026258,0.069814,-0.029558,-0.007917,0.997091
A,8.8667,R_RingTip,0.000255,0.001589,0.024038,0.000000,0.000000,0.000000,1.000000
A,8.8667,R_ThumbMetacarpal,-0.031686,-0.011774,0.032024,-0.106299,-0.470108,0.517716,0.706874
A,8.8667,R_ThumbProximal,0.000000,0.000000,0.032127,0.164426,0.055554,-0.082428,0.981368
A,8.8667,R_ThumbDistal,0.000000,0.000000,0.033392,-0.049519,-0.064324,0.083344,0.993209
A,8.8667,R_ThumbTip,0.000662,0.001015,0.024299,0.000000,0.000000,0.000000,1.000000
A,8.9333,R_Wrist,0.024329,1.455801,0.569555,-0.471660,-0.277809,-0.212498,0.809447
A,8.9333,R_IndexMetacarpal,-0.020497,-0.007333,0.034984,0.000000,0.000000,0.000000,1.000000
A,8.9333,R_IndexProximal,-0.002774,0.000103,0.059874,-0.023183,-0.001154,0.028369,0.999328
A,8.9333,R_IndexIntermediate,0.000000,0.000000,0.037478,0.148891,0.003273,-0.026319,0.988498
A,8.9333,R_IndexDistal,0.000000,0.000000,0.024015,0.020364,0.025691,-0.016548,0.999326
A,8.9333,R_IndexTip,0.000292,0.001013,0.022098,0.000000,0.000000,0.000000,1.000000
A,8.9333,R_LittleMetacarpal,0.022726,-0.009308,0.033669,0.018312,0.140343,-0.207036,0.968042
A,8.9333,R_LittleProximal,-0.000002,-0.000001,0.045109,-0.107869,0.027957,0.101423,0.988583
A,8.9333,R_LittleIntermediate,0.000000,0.000000,0.030356,0.233501,0.032152,-0.058195,0.970081
A,8.9333,R_LittleDistal,0.000000,0.000000,0.020071,0.050806,-0.049067,0.000902,0.997502
A,8.9333,R_LittleTip,-0.000244,0.001202,0.021662,0.000000,0.000000,0.000000,1.000000
A,8.9333,R_MiddleMetacarpal,-0.004480,-0.006527,0.032847,0.000000,0.000000,0.000000,1.000000
A,8.9333,R_MiddleProximal,0.002775,0.004014,0.061665,0.019328,0.075637,-0.006953,0.996924
A,8.9333,R_MiddleIntermediate,0.000000,0.000000,0.042418,0.144011,0.002692,-0.012051,0.989499
A,8.9333,R_MiddleDistal,0.000000,0.000000,0.027223,-0.001329,0.000611,-0.043495,0.999053
A,8.9333,R_MiddleTip,0.000305,0.001124,0.024669,0.000000,0.000000,0.000000,1.000000
A,8.9333,R_Palm,-0.003093,-0.004520,0.063679,0.000000,0.000000,0.000000,1.000000
A,8.9333,R_RingMetacarpal,0.014815,-0.005945,0.034363,0.000000,0.000000,0.000000,1.000000
A,8.9333,R_RingProximal,0.002444,-0.000507,0.053279,-0.034654,0.106710,-0.045171,0.992659
A,8.9333,R_RingIntermediate,0.000000,0.000000,0.038534,0.168161,-0.002698,-0.037261,0.985052
A,8.9333,R_RingDistal,0.000000,0.000000,0.026258,0.069814,-0.029558,-0.007917,0.997091
A,8.9333,R_RingTip,0.000255,0.001589,0.024038,0.000000,0.000000,0.000000,1.000000
A,8.9333,R_ThumbMetacarpal,-0.031686,-0.011774,0.032024,-0.106299,-0.470108,0.517716,0.706874
A,8.9333,R_ThumbProximal,0.000000,0.000000,0.032127,0.164426,0.055554,-0.082428,0.981368
A,8.9333,R_ThumbDistal,0.000000,0.000000,0.033392,-0.049519,-0.064324,0.083344,0.993209
A,8.9333,R_ThumbTip,0.000662,0.001015,0.024299,0.000000,0.000000,0.000000,1.000000
A,9.0000,R_Wrist,0.024329,1.455801,0.569556,-0.471660,-0.277809,-0.212498,0.809447
A,9.0000,R_IndexMetacarpal,-0.020497,-0.007333,0.034984,0.000000,0.000000,0.000000,1.000000
A,9.0000,R_IndexProximal,-0.002774,0.000103,0.059874,-0.023183,-0.001154,0.028368,0.999328
A,9.0000,R_IndexIntermediate,0.000000,0.000000,0.037478,0.148891,0.003273,-0.026319,0.988498
A,9.0000,R_IndexDistal,0.000000,0.000000,0.024016,0.020364,0.025691,-0.016548,0.999326
A,9.0000,R_IndexTip,0.000292,0.001013,0.022098,0.000000,0.000000,0.000000,1.000000
A,9.0000,R_LittleMetacarpal,0.022726,-0.009308,0.033670,0.018312,0.140343,-0.207036,0.968042
A,9.0000,R_LittleProximal,-0.000002,-0.000001,0.045109,-0.107869,0.027957,0.101423,0.988583
A,9.0000,R_LittleIntermediate,0.000000,0.000000,0.030356,0.233501,0.032152,-0.058195,0.970081
A,9.0000,R_LittleDistal,0.000000,0.000000,0.020071,0.050806,-0.049067,0.000902,0.997502
A,9.0000,R_LittleTip,-0.000244,0.001202,0.021662,0.000000,0.000000,0.000000,1.000000
A,9.0000,R_MiddleMetacarpal,-0.004480,-0.006527,0.032847,0.000000,0.000000,0.000000,1.000000
A,9.0000,R_MiddleProximal,0.002775,0.004014,0.061666,0.019328,0.075637,-0.006953,0.996924
A,9.0000,R_MiddleIntermediate,0.000000,0.000000,0.042418,0.144012,0.002692,-0.012051,0.989499
A,9.0000,R_MiddleDistal,0.000000,0.000000,0.027223,-0.001329,0.000611,-0.043495,0.999053
A,9.0000,R_MiddleTip,0.000305,0.001124,0.024669,0.000000,0.000000,0.000000,1.000000
A,9.0000,R_Palm,-0.003093,-0.004520,0.063680,0.000000,0.000000,0.000000,1.000000
A,9.0000,R_RingMetacarpal,0.014815,-0.005944,0.034363,0.000000,0.000000,0.000000,1.000000
A,9.0000,R_RingProximal,0.002444,-0.000507,0.053279,-0.034654,0.106710,-0.045171,0.992659
A,9.0000,R_RingIntermediate,0.000000,0.000000,0.038534,0.168161,-0.002698,-0.037261,0.985052
A,9.0000,R_RingDistal,0.000000,0.000000,0.026258,0.069814,-0.029558,-0.007917,0.997091
A,9.0000,R_RingTip,0.000255,0.001589,0.024038,0.000000,0.000000,0.000000,1.000000
A,9.0000,R_ThumbMetacarpal,-0.031686,-0.011774,0.032024,-0.106299,-0.470108,0.517716,0.706874
A,9.0000,R_ThumbProximal,0.000000,0.000000,0.032127,0.164426,0.055554,-0.082428,0.981368
A,9.0000,R_ThumbDistal,0.000000,0.000000,0.033392,-0.049519,-0.064324,0.083344,0.993209
A,9.0000,R_ThumbTip,0.000662,0.001015,0.024299,0.000000,0.000000,0.000000,1.000000
A,9.0667,R_Wrist,0.024329,1.455801,0.569556,-0.471660,-0.277809,-0.212498,0.809447
A,9.0667,R_IndexMetacarpal,-0.020497,-0.007333,0.034984,0.000000,0.000000,0.000000,1.000000
A,9.0667,R_IndexProximal,-0.002774,0.000103,0.059874,-0.023183,-0.001154,0.028369,0.999328
A,9.0667,R_IndexIntermediate,0.000000,0.000000,0.037478,0.148891,0.003273,-0.026319,0.988498
A,9.0667,R_IndexDistal,0.000000,0.000000,0.024016,0.020364,0.025691,-0.016548,0.999326
A,9.0667,R_IndexTip,0.000292,0.001013,0.022098,0.000000,0.000000,0.000000,1.000000
A,9.0667,R_LittleMetacarpal,0.022726,-0.009308,0.033670,0.018312,0.140343,-0.207036,0.968042
A,9.0667,R_LittleProximal,-0.000002,-0.000001,0.045109,-0.107869,0.027957,0.101423,0.988583
A,9.0667,R_LittleIntermediate,0.000000,0.000000,0.030356,0.233501,0.032152,-0.058195,0.970081
A,9.0667,R_LittleDistal,0.000000,0.000000,0.020071,0.050806,-0.049067,0.000902,0.997502
A,9.0667,R_LittleTip,-0.000244,0.001202,0.021662,0.000000,0.000000,0.000000,1.000000
A,9.0667,R_MiddleMetacarpal,-0.004480,-0.006527,0.032847,0.000000,0.000000,0.000000,1.000000
A,9.0667,R_MiddleProximal,0.002775,0.004014,0.061666,0.019328,0.075637,-0.006953,0.996924
A,9.0667,R_MiddleIntermediate,0.000000,0.000000,0.042418,0.144012,0.002692,-0.012051,0.989499
A,9.0667,R_MiddleDistal,0.000000,0.000000,0.027223,-0.001329,0.000611,-0.043495,0.999053
A,9.0667,R_MiddleTip,0.000305,0.001124,0.024669,0.000000,0.000000,0.000000,1.000000
A,9.0667,R_Palm,-0.003093,-0.004520,0.063680,0.000000,0.000000,0.000000,1.000000
A,9.0667,R_RingMetacarpal,0.014815,-0.005945,0.034363,0.000000,0.000000,0.000000,1.000000
A,9.0667,R_RingProximal,0.002444,-0.000507,0.053279,-0.034654,0.106710,-0.045171,0.992659
A,9.0667,R_RingIntermediate,0.000000,0.000000,0.038534,0.168161,-0.002698,-0.037261,0.985051
A,9.0667,R_RingDistal,0.000000,0.000000,0.026258,0.069814,-0.029558,-0.007917,0.997091
A,9.0667,R_RingTip,0.000255,0.001589,0.024038,0.000000,0.000000,0.000000,1.000000
A,9.0667,R_ThumbMetacarpal,-0.031686,-0.011774,0.032024,-0.106299,-0.470108,0.517716,0.706874
A,9.0667,R_ThumbProximal,0.000000,0.000000,0.032127,0.164426,0.055554,-0.082428,0.981368
A,9.0667,R_ThumbDistal,0.000000,0.000000,0.033392,-0.049519,-0.064324,0.083344,0.993209
A,9.0667,R_ThumbTip,0.000662,0.001015,0.024299,0.000000,0.000000,0.000000,1.000000
A,9.1333,R_Wrist,0.024329,1.455802,0.569557,-0.471660,-0.277809,-0.212498,0.809447
A,9.1333,R_IndexMetacarpal,-0.020497,-0.007333,0.034984,0.000000,0.000000,0.000000,1.000000
A,9.1333,R_IndexProximal,-0.002774,0.000103,0.059874,-0.023183,-0.001154,0.028369,0.999328
A,9.1333,R_IndexIntermediate,0.000000,0.000000,0.037478,0.148891,0.003273,-0.026319,0.988498
A,9.1333,R_IndexDistal,0.000000,0.000000,0.024016,0.020364,0.025691,-0.016548,0.999326
A,9.1333,R_IndexTip,0.000292,0.001013,0.022098,0.000000,0.000000,0.000000,1.000000
A,9.1333,R_LittleMetacarpal,0.022726,-0.009308,0.033670,0.018312,0.140343,-0.207036,0.968042
A,9.1333,R_LittleProximal,-0.000002,-0.000001,0.045109,-0.107869,0.027957,0.101423,0.988583
A,9.1333,R_LittleIntermediate,0.000000,0.000000,0.030356,0.233501,0.032152,-0.058195,0.970081
A,9.1333,R_LittleDistal,0.000000,0.000000,0.020071,0.050806,-0.049067,0.000902,0.997502
A,9.1333,R_LittleTip,-0.000244,0.001202,0.021662,0.000000,0.000000,0.000000,1.000000
A,9.1333,R_MiddleMetacarpal,-0.004480,-0.006527,0.032847,0.000000,0.000000,0.000000,1.000000
A,9.1333,R_MiddleProximal,0.002775,0.004014,0.061666,0.019328,0.075637,-0.006953,0.996924
A,9.1333,R_MiddleIntermediate,0.000000,0.000000,0.042418,0.144011,0.002692,-0.012051,0.989499
A,9.1333,R_MiddleDistal,0.000000,0.000000,0.027223,-0.001329,0.000611,-0.043495,0.999053
A,9.1333,R_MiddleTip,0.000305,0.001124,0.024669,0.000000,0.000000,0.000000,1.000000
A,9.1333,R_Palm,-0.003093,-0.004520,0.063680,0.000000,0.000000,0.000000,1.000000
A,9.1333,R_RingMetacarpal,0.014815,-0.005945,0.034363,0.000000,0.000000,0.000000,1.000000
A,9.1333,R_RingProximal,0.002444,-0.000507,0.053279,-0.034654,0.106710,-0.045171,0.992659
A,9.1333,R_RingIntermediate,0.000000,0.000000,0.038534,0.168161,-0.002698,-0.037261,0.985052
A,9.1333,R_RingDistal,0.000000,0.000000,0.026258,0.069814,-0.029558,-0.007917,0.997091
A,9.1333,R_RingTip,0.000255,0.001589,0.024038,0.000000,0.000000,0.000000,1.000000
A,9.1333,R_ThumbMetacarpal,-0.031686,-0.011774,0.032024,-0.106299,-0.470108,0.517716,0.706874
A,9.1333,R_ThumbProximal,0.000000,0.000000,0.032127,0.164426,0.055554,-0.082428,0.981368
A,9.1333,R_ThumbDistal,0.000000,0.000000,0.033392,-0.049519,-0.064324,0.083344,0.993209
A,9.1333,R_ThumbTip,0.000662,0.001015,0.024299,0.000000,0.000000,0.000000,1.000000
A,9.2000,R_Wrist,0.024329,1.455802,0.569558,-0.471660,-0.277809,-0.212498,0.809447
A,9.2000,R_IndexMetacarpal,-0.020497,-0.007333,0.034984,0.000000,0.000000,0.000000,1.000000
A,9.2000,R_IndexProximal,-0.002774,0.000103,0.059874,-0.023183,-0.001154,0.028368,0.999328
A,9.2000,R_IndexIntermediate,0.000000,0.000000,0.037478,0.148891,0.003273,-0.026319,0.988498
A,9.2000,R_IndexDistal,0.000000,0.000000,0.024016,0.020364,0.025691,-0.016548,0.999326
A,9.2000,R_IndexTip,0.000292,0.001013,0.022098,0.000000,0.000000,0.000000,1.000000
A,9.2000,R_LittleMetacarpal,0.022726,-0.009308,0.033670,0.018312,0.140343,-0.207036,0.968042
A,9.2000,R_LittleProximal,-0.000002,-0.000001,0.045109,-0.107869,0.027957,0.101423,0.988583
A,9.2000,R_LittleIntermediate,0.000000,0.000000,0.030356,0.233501,0.032152,-0.058195,0.970081
A,9.2000,R_LittleDistal,0.000000,0.000000,0.020071,0.050806,-0.049067,0.000902,0.997502
A,9.2000,R_LittleTip,-0.000244,0.001202,0.021662,0.000000,0.000000,0.000000,1.000000
A,9.2000,R_MiddleMetacarpal,-0.004480,-0.006527,0.032847,0.000000,0.000000,0.000000,1.000000
A,9.2000,R_MiddleProximal,0.002775,0.004014,0.061666,0.019328,0.075637,-0.006953,0.996924
A,9.2000,R_MiddleIntermediate,0.000000,0.000000,0.042418,0.144011,0.002692,-0.012051,0.989499
A,9.2000,R_MiddleDistal,0.000000,0.000000,0.027223,-0.001329,0.000611,-0.043495,0.999053
A,9.2000,R_MiddleTip,0.000305,0.001124,0.024669,0.000000,0.000000,0.000000,1.000000
A,9.2000,R_Palm,-0.003093,-0.004520,0.063680,0.000000,0.000000,0.000000,1.000000
A,9.2000,R_RingMetacarpal,0.014815,-0.005945,0.034363,0.000000,0.000000,0.000000,1.000000
A,9.2000,R_RingProximal,0.002444,-0.000507,0.053279,-0.034654,0.106710,-0.045171,0.992659
A,9.2000,R_RingIntermediate,0.000000,0.000000,0.038534,0.168161,-0.002698,-0.037261,0.985052
A,9.2000,R_RingDistal,0.000000,0.000000,0.026258,0.069814,-0.029558,-0.007917,0.997091
A,9.2000,R_RingTip,0.000255,0.001589,0.024038,0.000000,0.000000,0.000000,1.000000
A,9.2000,R_ThumbMetacarpal,-0.031686,-0.011774,0.032024,-0.106299,-0.470108,0.517715,0.706874
A,9.2000,R_ThumbProximal,0.000000,0.000000,0.032127,0.164426,0.055554,-0.082428,0.981368
A,9.2000,R_ThumbDistal,0.000000,0.000000,0.033392,-0.049519,-0.064324,0.083344,0.993209
A,9.2000,R_ThumbTip,0.000662,0.001015,0.024299,0.000000,0.000000,0.000000,1.000000
A,9.2667,R_Wrist,0.024329,1.455802,0.569558,-0.471660,-0.277809,-0.212498,0.809447
A,9.2667,R_IndexMetacarpal,-0.020498,-0.007333,0.034984,0.000000,0.000000,0.000000,1.000000
A,9.2667,R_IndexProximal,-0.002774,0.000103,0.059874,-0.023183,-0.001154,0.028368,0.999328
A,9.2667,R_IndexIntermediate,0.000000,0.000000,0.037478,0.148891,0.003273,-0.026319,0.988498
A,9.2667,R_IndexDistal,0.000000,0.000000,0.024016,0.020364,0.025691,-0.016548,0.999326
A,9.2667,R_IndexTip,0.000292,0.001013,0.022098,0.000000,0.000000,0.000000,1.000000
A,9.2667,R_LittleMetacarpal,0.022726,-0.009308,0.033670,0.018312,0.140343,-0.207036,0.968042
A,9.2667,R_LittleProximal,-0.000002,-0.000001,0.045109,-0.107869,0.027957,0.101423,0.988583
A,9.2667,R_LittleIntermediate,0.000000,0.000000,0.030356,0.233501,0.032152,-0.058195,0.970081
A,9.2667,R_LittleDistal,0.000000,0.000000,0.020071,0.050806,-0.049067,0.000902,0.997502
A,9.2667,R_LittleTip,-0.000244,0.001202,0.021662,0.000000,0.000000,0.000000,1.000000
A,9.2667,R_MiddleMetacarpal,-0.004480,-0.006527,0.032847,0.000000,0.000000,0.000000,1.000000
A,9.2667,R_MiddleProximal,0.002775,0.004014,0.061666,0.019328,0.075637,-0.006953,0.996924
A,9.2667,R_MiddleIntermediate,0.000000,0.000000,0.042418,0.144012,0.002692,-0.012051,0.989499
A,9.2667,R_MiddleDistal,0.000000,0.000000,0.027223,-0.001329,0.000611,-0.043495,0.999053
A,9.2667,R_MiddleTip,0.000305,0.001124,0.024669,0.000000,0.000000,0.000000,1.000000
A,9.2667,R_Palm,-0.003093,-0.004520,0.063680,0.000000,0.000000,0.000000,1.000000
A,9.2667,R_RingMetacarpal,0.014815,-0.005945,0.034363,0.000000,0.000000,0.000000,1.000000
A,9.2667,R_RingProximal,0.002444,-0.000507,0.053279,-0.034654,0.106710,-0.045171,0.992659
A,9.2667,R_RingIntermediate,0.000000,0.000000,0.038534,0.168161,-0.002698,-0.037261,0.985052
A,9.2667,R_RingDistal,0.000000,0.000000,0.026258,0.069814,-0.029558,-0.007917,0.997091
A,9.2667,R_RingTip,0.000255,0.001589,0.024038,0.000000,0.000000,0.000000,1.000000
A,9.2667,R_ThumbMetacarpal,-0.031686,-0.011774,0.032024,-0.106299,-0.470108,0.517716,0.706874
A,9.2667,R_ThumbProximal,0.000000,0.000000,0.032128,0.164426,0.055553,-0.082428,0.981368
A,9.2667,R_ThumbDistal,0.000000,0.000000,0.033392,-0.049519,-0.064324,0.083344,0.993209
A,9.2667,R_ThumbTip,0.000662,0.001015,0.024299,0.000000,0.000000,0.000000,1.000000
A,9.3333,R_Wrist,0.024329,1.455803,0.569559,-0.471660,-0.277809,-0.212498,0.809447
A,9.3333,R_IndexMetacarpal,-0.020498,-0.007333,0.034984,0.000000,0.000000,0.000000,1.000000
A,9.3333,R_IndexProximal,-0.002774,0.000103,0.059874,-0.023183,-0.001154,0.028369,0.999328
A,9.3333,R_IndexIntermediate,0.000000,0.000000,0.037478,0.148891,0.003273,-0.026319,0.988498
A,9.3333,R_IndexDistal,0.000000,0.000000,0.024016,0.020364,0.025691,-0.016548,0.999326
A,9.3333,R_IndexTip,0.000292,0.001013,0.022098,0.000000,0.000000,0.000000,1.000000
A,9.3333,R_LittleMetacarpal,0.022726,-0.009308,0.033670,0.018312,0.140343,-0.207036,0.968042
A,9.3333,R_LittleProximal,-0.000002,-0.000001,0.045109,-0.107869,0.027957,0.101423,0.988583
A,9.3333,R_LittleIntermediate,0.000000,0.000000,0.030356,0.233501,0.032152,-0.058195,0.970081
A,9.3333,R_LittleDistal,0.000000,0.000000,0.020071,0.050806,-0.049067,0.000902,0.997502
A,9.3333,R_LittleTip,-0.000244,0.001202,0.021663,0.000000,0.000000,0.000000,1.000000
A,9.3333,R_MiddleMetacarpal,-0.004480,-0.006527,0.032847,0.000000,0.000000,0.000000,1.000000
A,9.3333,R_MiddleProximal,0.002775,0.004014,0.061666,0.019328,0.075637,-0.006953,0.996924
A,9.3333,R_MiddleIntermediate,0.000000,0.000000,0.042418,0.144012,0.002692,-0.012051,0.989499
A,9.3333,R_MiddleDistal,0.000000,0.000000,0.027223,-0.001329,0.000611,-0.043495,0.999053
A,9.3333,R_MiddleTip,0.000305,0.001124,0.024669,0.000000,0.000000,0.000000,1.000000
A,9.3333,R_Palm,-0.003093,-0.004520,0.063680,0.000000,0.000000,0.000000,1.000000
A,9.3333,R_RingMetacarpal,0.014815,-0.005945,0.034363,0.000000,0.000000,0.000000,1.000000
A,9.3333,R_RingProximal,0.002444,-0.000507,0.053279,-0.034654,0.106710,-0.045171,0.992659
A,9.3333,R_RingIntermediate,0.000000,0.000000,0.038534,0.168161,-0.002698,-0.037261,0.985052
A,9.3333,R_RingDistal,0.000000,0.000000,0.026258,0.069814,-0.029558,-0.007917,0.997091
A,9.3333,R_RingTip,0.000255,0.001589,0.024038,0.000000,0.000000,0.000000,1.000000
A,9.3333,R_ThumbMetacarpal,-0.031686,-0.011774,0.032024,-0.106299,-0.470108,0.517716,0.706874
A,9.3333,R_ThumbProximal,0.000000,0.000000,0.032128,0.164426,0.055553,-0.082428,0.981368
A,9.3333,R_ThumbDistal,0.000000,0.000000,0.033392,-0.049519,-0.064324,0.083344,0.993209
A,9.3333,R_ThumbTip,0.000662,0.001015,0.024299,0.000000,0.000000,0.000000,1.000000
A,9.4000,R_Wrist,0.024329,1.455803,0.569560,-0.471660,-0.277809,-0.212498,0.809447
A,9.4000,R_IndexMetacarpal,-0.020498,-0.007333,0.034984,0.000000,0.000000,0.000000,1.000000
A,9.4000,R_IndexProximal,-0.002774,0.000103,0.059875,-0.023183,-0.001154,0.028368,0.999328
A,9.4000,R_IndexIntermediate,0.000000,0.000000,0.037478,0.148891,0.003273,-0.026319,0.988498
A,9.4000,R_IndexDistal,0.000000,0.000000,0.024016,0.020364,0.025691,-0.016548,0.999326
A,9.4000,R_IndexTip,0.000292,0.001013,0.022098,0.000000,0.000000,0.000000,1.000000
A,9.4000,R_LittleMetacarpal,0.022726,-0.009308,0.033670,0.018312,0.140343,-0.207036,0.968042
A,9.4000,R_LittleProximal,-0.000002,-0.000001,0.045110,-0.107869,0.027957,0.101423,0.988583
A,9.4000,R_LittleIntermediate,0.000000,0.000000,0.030356,0.233501,0.032152,-0.058195,0.970081
A,9.4000,R_LittleDistal,0.000000,0.000000,0.020071,0.050806,-0.049067,0.000902,0.997502
A,9.4000,R_LittleTip,-0.000243,0.001202,0.021663,0.000000,0.000000,0.000000,1.000000
A,9.4000,R_MiddleMetacarpal,-0.004480,-0.006527,0.032847,0.000000,0.000000,0.000000,1.000000
A,9.4000,R_MiddleProximal,0.002775,0.004014,0.061666,0.019328,0.075637,-0.006953,0.996924
A,9.4000,R_MiddleIntermediate,0.000000,0.000000,0.042418,0.144012,0.002692,-0.012051,0.989499
A,9.4000,R_MiddleDistal,0.000000,0.000000,0.027223,-0.001329,0.000611,-0.043495,0.999053
A,9.4000,R_MiddleTip,0.000305,0.001124,0.024669,0.000000,0.000000,0.000000,1.000000
A,9.4000,R_Palm,-0.003093,-0.004520,0.063680,0.000000,0.000000,0.000000,1.000000
A,9.4000,R_RingMetacarpal,0.014815,-0.005945,0.034363,0.000000,0.000000,0.000000,1.000000
A,9.4000,R_RingProximal,0.002444,-0.000507,0.053279,-0.034654,0.106710,-0.045171,0.992659
A,9.4000,R_RingIntermediate,0.000000,0.000000,0.038534,0.168161,-0.002698,-0.037261,0.985052
A,9.4000,R_RingDistal,0.000000,0.000000,0.026258,0.069814,-0.029558,-0.007917,0.997091
A,9.4000,R_RingTip,0.000255,0.001589,0.024038,0.000000,0.000000,0.000000,1.000000
A,9.4000,R_ThumbMetacarpal,-0.031686,-0.011774,0.032024,-0.106299,-0.470108,0.517716,0.706874
A,9.4000,R_ThumbProximal,0.000000,0.000000,0.032128,0.164426,0.055553,-0.082428,0.981368
A,9.4000,R_ThumbDistal,0.000000,0.000000,0.033393,-0.049519,-0.064324,0.083344,0.993209
A,9.4000,R_ThumbTip,0.000662,0.001015,0.024299,0.000000,0.000000,0.000000,1.000000
A,9.4667,R_Wrist,0.024329,1.455803,0.569560,-0.471660,-0.277809,-0.212498,0.809447
A,9.4667,R_IndexMetacarpal,-0.020498,-0.007333,0.034984,0.000000,0.000000,0.000000,1.000000
A,9.4667,R_IndexProximal,-0.002774,0.000103,0.059875,-0.023183,-0.001154,0.028369,0.999328
A,9.4667,R_IndexIntermediate,0.000000,0.000000,0.037478,0.148891,0.003273,-0.026319,0.988498
A,9.4667,R_IndexDistal,0.000000,0.000000,0.024016,0.020364,0.025691,-0.016548,0.999326
A,9.4667,R_IndexTip,0.000292,0.001013,0.022098,0.000000,0.000000,0.000000,1.000000
A,9.4667,R_LittleMetacarpal,0.022726,-0.009308,0.033670,0.018312,0.140343,-0.207036,0.968042
A,9.4667,R_LittleProximal,-0.000002,-0.000001,0.045110,-0.107869,0.027957,0.101423,0.988583
A,9.4667,R_LittleIntermediate,0.000000,0.000000,0.030356,0.233501,0.032152,-0.058195,0.970081
A,9.4667,R_LittleDistal,0.000000,0.000000,0.020071,0.050806,-0.049067,0.000902,0.997502
A,9.4667,R_LittleTip,-0.000244,0.001202,0.021663,0.000000,0.000000,0.000000,1.000000
A,9.4667,R_MiddleMetacarpal,-0.004480,-0.006527,0.032847,0.000000,0.000000,0.000000,1.000000
A,9.4667,R_MiddleProximal,0.002775,0.004014,0.061666,0.019328,0.075637,-0.006953,0.996924
A,9.4667,R_MiddleIntermediate,0.000000,0.000000,0.042418,0.144012,0.002692,-0.012051,0.989499
A,9.4667,R_MiddleDistal,0.000000,0.000000,0.027223,-0.001329,0.000611,-0.043495,0.999053
A,9.4667,R_MiddleTip,0.000305,0.001124,0.024669,0.000000,0.000000,0.000000,1.000000
A,9.4667,R_Palm,-0.003093,-0.004520,0.063680,0.000000,0.000000,0.000000,1.000000
A,9.4667,R_RingMetacarpal,0.014815,-0.005945,0.034363,0.000000,0.000000,0.000000,1.000000
A,9.4667,R_RingProximal,0.002444,-0.000507,0.053279,-0.034654,0.106710,-0.045171,0.992659
A,9.4667,R_RingIntermediate,0.000000,0.000000,0.038534,0.168161,-0.002698,-0.037261,0.985052
A,9.4667,R_RingDistal,0.000000,0.000000,0.026258,0.069814,-0.029558,-0.007917,0.997091
A,9.4667,R_RingTip,0.000255,0.001589,0.024038,0.000000,0.000000,0.000000,1.000000
A,9.4667,R_ThumbMetacarpal,-0.031687,-0.011774,0.032024,-0.106299,-0.470108,0.517716,0.706874
A,9.4667,R_ThumbProximal,0.000000,0.000000,0.032128,0.164426,0.055554,-0.082428,0.981368
A,9.4667,R_ThumbDistal,0.000000,0.000000,0.033393,-0.049519,-0.064324,0.083344,0.993209
A,9.4667,R_ThumbTip,0.000662,0.001015,0.024299,0.000000,0.000000,0.000000,1.000000
A,9.5333,R_Wrist,0.024329,1.455804,0.569561,-0.471660,-0.277809,-0.212498,0.809447
A,9.5333,R_IndexMetacarpal,-0.020498,-0.007333,0.034984,0.000000,0.000000,0.000000,1.000000
A,9.5333,R_IndexProximal,-0.002774,0.000103,0.059875,-0.023183,-0.001154,0.028368,0.999328
A,9.5333,R_IndexIntermediate,0.000000,0.000000,0.037478,0.148891,0.003273,-0.026319,0.988498
A,9.5333,R_IndexDistal,0.000000,0.000000,0.024016,0.020364,0.025691,-0.016548,0.999326
A,9.5333,R_IndexTip,0.000292,0.001013,0.022098,0.000000,0.000000,0.000000,1.000000
A,9.5333,R_LittleMetacarpal,0.022726,-0.009308,0.033670,0.018312,0.140343,-0.207036,0.968042
A,9.5333,R_LittleProximal,-0.000002,-0.000001,0.045110,-0.107869,0.027957,0.101423,0.988583
A,9.5333,R_LittleIntermediate,0.000000,0.000000,0.030357,0.233501,0.032152,-0.058195,0.970081
A,9.5333,R_LittleDistal,0.000000,0.000000,0.020071,0.050806,-0.049067,0.000902,0.997502
A,9.5333,R_LittleTip,-0.000244,0.001202,0.021663,0.000000,0.000000,0.000000,1.000000
A,9.5333,R_MiddleMetacarpal,-0.004480,-0.006527,0.032847,0.000000,0.000000,0.000000,1.000000
A,9.5333,R_MiddleProximal,0.002775,0.004014,0.061666,0.019328,0.075637,-0.006953,0.996924
A,9.5333,R_MiddleIntermediate,0.000000,0.000000,0.042418,0.144012,0.002692,-0.012051,0.989499
A,9.5333,R_MiddleDistal,0.000000,0.000000,0.027223,-0.001329,0.000611,-0.043495,0.999053
A,9.5333,R_MiddleTip,0.000305,0.001124,0.024669,0.000000,0.000000,0.000000,1.000000
A,9.5333,R_Palm,-0.003093,-0.004520,0.063680,0.000000,0.000000,0.000000,1.000000
A,9.5333,R_RingMetacarpal,0.014815,-0.005945,0.034363,0.000000,0.000000,0.000000,1.000000
A,9.5333,R_RingProximal,0.002444,-0.000507,0.053279,-0.034654,0.106710,-0.045171,0.992659
A,9.5333,R_RingIntermediate,0.000000,0.000000,0.038534,0.168161,-0.002698,-0.037261,0.985052
A,9.5333,R_RingDistal,0.000000,0.000000,0.026259,0.069814,-0.029558,-0.007917,0.997091
A,9.5333,R_RingTip,0.000255,0.001589,0.024038,0.000000,0.000000,0.000000,1.000000
A,9.5333,R_ThumbMetacarpal,-0.031687,-0.011774,0.032024,-0.106299,-0.470108,0.517716,0.706874
A,9.5333,R_ThumbProximal,0.000000,0.000000,0.032128,0.164426,0.055553,-0.082428,0.981368
A,9.5333,R_ThumbDistal,0.000000,0.000000,0.033393,-0.049519,-0.064324,0.083344,0.993209
A,9.5333,R_ThumbTip,0.000662,0.001015,0.024299,0.000000,0.000000,0.000000,1.000000
A,9.6000,R_Wrist,0.024330,1.455804,0.569561,-0.471660,-0.277809,-0.212498,0.809447
A,9.6000,R_IndexMetacarpal,-0.020498,-0.007333,0.034984,0.000000,0.000000,0.000000,1.000000
A,9.6000,R_IndexProximal,-0.002774,0.000103,0.059875,-0.023183,-0.001154,0.028368,0.999328
A,9.6000,R_IndexIntermediate,0.000000,0.000000,0.037478,0.148891,0.003273,-0.026319,0.988498
A,9.6000,R_IndexDistal,0.000000,0.000000,0.024016,0.020364,0.025691,-0.016548,0.999326
A,9.6000,R_IndexTip,0.000292,0.001013,0.022098,0.000000,0.000000,0.000000,1.000000
A,9.6000,R_LittleMetacarpal,0.022726,-0.009308,0.033670,0.018312,0.140343,-0.207036,0.968042
A,9.6000,R_LittleProximal,-0.000002,-0.000001,0.045110,-0.107869,0.027957,0.101423,0.988583
A,9.6000,R_LittleIntermediate,0.000000,0.000000,0.030356,0.233501,0.032152,-0.058195,0.970081
A,9.6000,R_LittleDistal,0.000000,0.000000,0.020071,0.050806,-0.049067,0.000902,0.997502
A,9.6000,R_LittleTip,-0.000244,0.001202,0.021663,0.000000,0.000000,0.000000,1.000000
A,9.6000,R_MiddleMetacarpal,-0.004480,-0.006527,0.032847,0.000000,0.000000,0.000000,1.000000
A,9.6000,R_MiddleProximal,0.002775,0.004014,0.061666,0.019328,0.075637,-0.006953,0.996924
A,9.6000,R_MiddleIntermediate,0.000000,0.000000,0.042418,0.144012,0.002692,-0.012051,0.989499
A,9.6000,R_MiddleDistal,0.000000,0.000000,0.027223,-0.001329,0.000611,-0.043495,0.999053
A,9.6000,R_MiddleTip,0.000305,0.001124,0.024669,0.000000,0.000000,0.000000,1.000000
A,9.6000,R_Palm,-0.003093,-0.004520,0.063680,0.000000,0.000000,0.000000,1.000000
A,9.6000,R_RingMetacarpal,0.014815,-0.005945,0.034363,0.000000,0.000000,0.000000,1.000000
A,9.6000,R_RingProximal,0.002444,-0.000507,0.053279,-0.034654,0.106710,-0.045171,0.992659
A,9.6000,R_RingIntermediate,0.000000,0.000000,0.038534,0.168161,-0.002698,-0.037261,0.985052
A,9.6000,R_RingDistal,0.000000,0.000000,0.026259,0.069814,-0.029558,-0.007917,0.997091
A,9.6000,R_RingTip,0.000255,0.001589,0.024038,0.000000,0.000000,0.000000,1.000000
A,9.6000,R_ThumbMetacarpal,-0.031687,-0.011774,0.032024,-0.106299,-0.470108,0.517716,0.706874
A,9.6000,R_ThumbProximal,0.000000,0.000000,0.032128,0.164426,0.055554,-0.082428,0.981368
A,9.6000,R_ThumbDistal,0.000000,0.000000,0.033393,-0.049519,-0.064324,0.083344,0.993209
A,9.6000,R_ThumbTip,0.000662,0.001015,0.024299,0.000000,0.000000,0.000000,1.000000
A,9.6667,R_Wrist,0.024330,1.455804,0.569562,-0.471660,-0.277809,-0.212498,0.809447
A,9.6667,R_IndexMetacarpal,-0.020498,-0.007333,0.034984,0.000000,0.000000,0.000000,1.000000
A,9.6667,R_IndexProximal,-0.002774,0.000103,0.059875,-0.023183,-0.001154,0.028369,0.999328
A,9.6667,R_IndexIntermediate,0.000000,0.000000,0.037478,0.148891,0.003273,-0.026319,0.988498
A,9.6667,R_IndexDistal,0.000000,0.000000,0.024016,0.020364,0.025691,-0.016548,0.999326
A,9.6667,R_IndexTip,0.000292,0.001013,0.022098,0.000000,0.000000,0.000000,1.000000
A,9.6667,R_LittleMetacarpal,0.022726,-0.009308,0.033670,0.018312,0.140343,-0.207036,0.968042
A,9.6667,R_LittleProximal,-0.000002,-0.000001,0.045110,-0.107869,0.027957,0.101423,0.988583
A,9.6667,R_LittleIntermediate,0.000000,0.000000,0.030357,0.233501,0.032152,-0.058195,0.970081
A,9.6667,R_LittleDistal,0.000000,0.000000,0.020071,0.050806,-0.049067,0.000902,0.997502
A,9.6667,R_LittleTip,-0.000244,0.001202,0.021663,0.000000,0.000000,0.000000,1.000000
A,9.6667,R_MiddleMetacarpal,-0.004480,-0.006527,0.032847,0.000000,0.000000,0.000000,1.000000
A,9.6667,R_MiddleProximal,0.002775,0.004014,0.061666,0.019328,0.075637,-0.006953,0.996924
A,9.6667,R_MiddleIntermediate,0.000000,0.000000,0.042419,0.144012,0.002692,-0.012051,0.989499
A,9.6667,R_MiddleDistal,0.000000,0.000000,0.027223,-0.001329,0.000611,-0.043495,0.999053
A,9.6667,R_MiddleTip,0.000305,0.001124,0.024669,0.000000,0.000000,0.000000,1.000000
A,9.6667,R_Palm,-0.003093,-0.004520,0.063680,0.000000,0.000000,0.000000,1.000000
A,9.6667,R_RingMetacarpal,0.014815,-0.005945,0.034363,0.000000,0.000000,0.000000,1.000000
A,9.6667,R_RingProximal,0.002444,-0.000507,0.053280,-0.034654,0.106710,-0.045171,0.992659
A,9.6667,R_RingIntermediate,0.000000,0.000000,0.038534,0.168161,-0.002698,-0.037261,0.985052
A,9.6667,R_RingDistal,0.000000,0.000000,0.026259,0.069814,-0.029558,-0.007917,0.997091
A,9.6667,R_RingTip,0.000255,0.001589,0.024038,0.000000,0.000000,0.000000,1.000000
A,9.6667,R_ThumbMetacarpal,-0.031687,-0.011774,0.032025,-0.106299,-0.470108,0.517715,0.706874
A,9.6667,R_ThumbProximal,0.000000,0.000000,0.032128,0.164426,0.055554,-0.082428,0.981368
A,9.6667,R_ThumbDistal,0.000000,0.000000,0.033393,-0.049519,-0.064324,0.083344,0.993209
A,9.6667,R_ThumbTip,0.000662,0.001015,0.024299,0.000000,0.000000,0.000000,1.000000
A,9.7333,R_Wrist,0.024330,1.455804,0.569562,-0.471660,-0.277809,-0.212498,0.809447
A,9.7333,R_IndexMetacarpal,-0.020498,-0.007333,0.034984,0.000000,0.000000,0.000000,1.000000
A,9.7333,R_IndexProximal,-0.002774,0.000103,0.059875,-0.023183,-0.001154,0.028369,0.999328
A,9.7333,R_IndexIntermediate,0.000000,0.000000,0.037478,0.148891,0.003273,-0.026319,0.988498
A,9.7333,R_IndexDistal,0.000000,0.000000,0.024016,0.020364,0.025691,-0.016548,0.999326
A,9.7333,R_IndexTip,0.000292,0.001013,0.022098,0.000000,0.000000,0.000000,1.000000
A,9.7333,R_LittleMetacarpal,0.022726,-0.009308,0.033670,0.018312,0.140343,-0.207036,0.968042
A,9.7333,R_LittleProximal,-0.000002,-0.000001,0.045110,-0.107869,0.027957,0.101423,0.988583
A,9.7333,R_LittleIntermediate,0.000000,0.000000,0.030357,0.233501,0.032152,-0.058195,0.970081
A,9.7333,R_LittleDistal,0.000000,0.000000,0.020071,0.050806,-0.049067,0.000902,0.997502
A,9.7333,R_LittleTip,-0.000244,0.001202,0.021663,0.000000,0.000000,0.000000,1.000000
A,9.7333,R_MiddleMetacarpal,-0.004480,-0.006527,0.032847,0.000000,0.000000,0.000000,1.000000
A,9.7333,R_MiddleProximal,0.002775,0.004014,0.061666,0.019328,0.075637,-0.006953,0.996924
A,9.7333,R_MiddleIntermediate,0.000000,0.000000,0.042419,0.144012,0.002692,-0.012051,0.989499
A,9.7333,R_MiddleDistal,0.000000,0.000000,0.027223,-0.001329,0.000611,-0.043495,0.999053
A,9.7333,R_MiddleTip,0.000305,0.001124,0.024669,0.000000,0.000000,0.000000,1.000000
A,9.7333,R_Palm,-0.003093,-0.004520,0.063680,0.000000,0.000000,0.000000,1.000000
A,9.7333,R_RingMetacarpal,0.014815,-0.005945,0.034364,0.000000,0.000000,0.000000,1.000000
A,9.7333,R_RingProximal,0.002444,-0.000507,0.053280,-0.034654,0.106710,-0.045171,0.992659
A,9.7333,R_RingIntermediate,0.000000,0.000000,0.038534,0.168161,-0.002698,-0.037262,0.985052
A,9.7333,R_RingDistal,0.000000,0.000000,0.026259,0.069814,-0.029558,-0.007917,0.997091
A,9.7333,R_RingTip,0.000255,0.001589,0.024038,0.000000,0.000000,0.000000,1.000000
A,9.7333,R_ThumbMetacarpal,-0.031687,-0.011774,0.032025,-0.106299,-0.470108,0.517716,0.706874
A,9.7333,R_ThumbProximal,0.000000,0.000000,0.032128,0.164426,0.055554,-0.082428,0.981368
A,9.7333,R_ThumbDistal,0.000000,0.000000,0.033393,-0.049519,-0.064324,0.083344,0.993209
A,9.7333,R_ThumbTip,0.000662,0.001015,0.024300,0.000000,0.000000,0.000000,1.000000
A,9.8000,R_Wrist,0.024330,1.455805,0.569563,-0.471660,-0.277809,-0.212498,0.809447
A,9.8000,R_IndexMetacarpal,-0.020498,-0.007333,0.034984,0.000000,0.000000,0.000000,1.000000
A,9.8000,R_IndexProximal,-0.002774,0.000103,0.059875,-0.023183,-0.001154,0.028368,0.999328
A,9.8000,R_IndexIntermediate,0.000000,0.000000,0.037478,0.148891,0.003273,-0.026319,0.988498
A,9.8000,R_IndexDistal,0.000000,0.000000,0.024016,0.020364,0.025691,-0.016548,0.999326
A,9.8000,R_IndexTip,0.000292,0.001013,0.022098,0.000000,0.000000,0.000000,1.000000
A,9.8000,R_LittleMetacarpal,0.022726,-0.009308,0.033670,0.018312,0.140343,-0.207036,0.968042
A,9.8000,R_LittleProximal,-0.000002,-0.000001,0.045110,-0.107869,0.027957,0.101423,0.988583
A,9.8000,R_LittleIntermediate,0.000000,0.000000,0.030357,0.233501,0.032152,-0.058195,0.970081
A,9.8000,R_LittleDistal,0.000000,0.000000,0.020071,0.050806,-0.049067,0.000902,0.997502
A,9.8000,R_LittleTip,-0.000244,0.001202,0.021663,0.000000,0.000000,0.000000,1.000000
A,9.8000,R_MiddleMetacarpal,-0.004480,-0.006527,0.032847,0.000000,0.000000,0.000000,1.000000
A,9.8000,R_MiddleProximal,0.002775,0.004014,0.061666,0.019328,0.075637,-0.006953,0.996924
A,9.8000,R_MiddleIntermediate,0.000000,0.000000,0.042419,0.144012,0.002692,-0.012051,0.989499
A,9.8000,R_MiddleDistal,0.000000,0.000000,0.027223,-0.001329,0.000611,-0.043495,0.999053
A,9.8000,R_MiddleTip,0.000305,0.001124,0.024669,0.000000,0.000000,0.000000,1.000000
A,9.8000,R_Palm,-0.003093,-0.004520,0.063680,0.000000,0.000000,0.000000,1.000000
A,9.8000,R_RingMetacarpal,0.014815,-0.005945,0.034364,0.000000,0.000000,0.000000,1.000000
A,9.8000,R_RingProximal,0.002444,-0.000507,0.053280,-0.034654,0.106710,-0.045171,0.992659
A,9.8000,R_RingIntermediate,0.000000,0.000000,0.038534,0.168161,-0.002698,-0.037261,0.985052
A,9.8000,R_RingDistal,0.000000,0.000000,0.026259,0.069814,-0.029558,-0.007917,0.997091
A,9.8000,R_RingTip,0.000255,0.001589,0.024038,0.000000,0.000000,0.000000,1.000000
A,9.8000,R_ThumbMetacarpal,-0.031687,-0.011774,0.032025,-0.106299,-0.470108,0.517716,0.706874
A,9.8000,R_ThumbProximal,0.000000,0.000000,0.032128,0.164426,0.055554,-0.082428,0.981368
A,9.8000,R_ThumbDistal,0.000000,0.000000,0.033393,-0.049519,-0.064324,0.083344,0.993209
A,9.8000,R_ThumbTip,0.000662,0.001015,0.024300,0.000000,0.000000,0.000000,1.000000
A,9.8667,R_Wrist,0.024330,1.455805,0.569563,-0.471660,-0.277809,-0.212498,0.809447
A,9.8667,R_IndexMetacarpal,-0.020498,-0.007333,0.034984,0.000000,0.000000,0.000000,1.000000
A,9.8667,R_IndexProximal,-0.002774,0.000103,0.059875,-0.023183,-0.001154,0.028368,0.999328
A,9.8667,R_IndexIntermediate,0.000000,0.000000,0.037478,0.148891,0.003273,-0.026319,0.988498
A,9.8667,R_IndexDistal,0.000000,0.000000,0.024016,0.020364,0.025691,-0.016548,0.999326
A,9.8667,R_IndexTip,0.000292,0.001013,0.022098,0.000000,0.000000,0.000000,1.000000
A,9.8667,R_LittleMetacarpal,0.022726,-0.009308,0.033670,0.018312,0.140343,-0.207036,0.968042
A,9.8667,R_LittleProximal,-0.000002,-0.000001,0.045110,-0.107869,0.027957,0.101423,0.988583
A,9.8667,R_LittleIntermediate,0.000000,0.000000,0.030357,0.233501,0.032152,-0.058195,0.970081
A,9.8667,R_LittleDistal,0.000000,0.000000,0.020071,0.050806,-0.049067,0.000902,0.997502
A,9.8667,R_LittleTip,-0.000244,0.001202,0.021663,0.000000,0.000000,0.000000,1.000000
A,9.8667,R_MiddleMetacarpal,-0.004480,-0.006527,0.032847,0.000000,0.000000,0.000000,1.000000
A,9.8667,R_MiddleProximal,0.002775,0.004014,0.061666,0.019328,0.075637,-0.006953,0.996924
A,9.8667,R_MiddleIntermediate,0.000000,0.000000,0.042419,0.144012,0.002692,-0.012051,0.989499
A,9.8667,R_MiddleDistal,0.000000,0.000000,0.027223,-0.001329,0.000611,-0.043495,0.999053
A,9.8667,R_MiddleTip,0.000305,0.001124,0.024669,0.000000,0.000000,0.000000,1.000000
A,9.8667,R_Palm,-0.003093,-0.004520,0.063681,0.000000,0.000000,0.000000,1.000000
A,9.8667,R_RingMetacarpal,0.014815,-0.005945,0.034364,0.000000,0.000000,0.000000,1.000000
A,9.8667,R_RingProximal,0.002444,-0.000507,0.053280,-0.034654,0.106710,-0.045171,0.992659
A,9.8667,R_RingIntermediate,0.000000,0.000000,0.038534,0.168161,-0.002698,-0.037261,0.985051
A,9.8667,R_RingDistal,0.000000,0.000000,0.026259,0.069814,-0.029558,-0.007917,0.997091
A,9.8667,R_RingTip,0.000255,0.001589,0.024038,0.000000,0.000000,0.000000,1.000000
A,9.8667,R_ThumbMetacarpal,-0.031687,-0.011774,0.032025,-0.106299,-0.470108,0.517716,0.706874
A,9.8667,R_ThumbProximal,0.000000,0.000000,0.032128,0.164426,0.055554,-0.082428,0.981368
A,9.8667,R_ThumbDistal,0.000000,0.000000,0.033393,-0.049519,-0.064324,0.083344,0.993209
A,9.8667,R_ThumbTip,0.000662,0.001015,0.024300,0.000000,0.000000,0.000000,1.000000
A,9.9333,R_Wrist,0.024330,1.455805,0.569564,-0.471660,-0.277809,-0.212498,0.809447
A,9.9333,R_IndexMetacarpal,-0.020498,-0.007333,0.034984,0.000000,0.000000,0.000000,1.000000
A,9.9333,R_IndexProximal,-0.002774,0.000103,0.059875,-0.023183,-0.001154,0.028368,0.999328
A,9.9333,R_IndexIntermediate,0.000000,0.000000,0.037478,0.148891,0.003273,-0.026319,0.988498
A,9.9333,R_IndexDistal,0.000000,0.000000,0.024016,0.020364,0.025691,-0.016548,0.999326
A,9.9333,R_IndexTip,0.000292,0.001013,0.022098,0.000000,0.000000,0.000000,1.000000
A,9.9333,R_LittleMetacarpal,0.022726,-0.009308,0.033670,0.018312,0.140343,-0.207036,0.968042
A,9.9333,R_LittleProximal,-0.000002,-0.000001,0.045110,-0.107869,0.027957,0.101423,0.988583
A,9.9333,R_LittleIntermediate,0.000000,0.000000,0.030357,0.233501,0.032152,-0.058195,0.970081
A,9.9333,R_LittleDistal,0.000000,0.000000,0.020071,0.050806,-0.049067,0.000902,0.997502
A,9.9333,R_LittleTip,-0.000244,0.001202,0.021663,0.000000,0.000000,0.000000,1.000000
A,9.9333,R_MiddleMetacarpal,-0.004480,-0.006527,0.032847,0.000000,0.000000,0.000000,1.000000
A,9.9333,R_MiddleProximal,0.002775,0.004014,0.061666,0.019328,0.075637,-0.006953,0.996924
A,9.9333,R_MiddleIntermediate,0.000000,0.000000,0.042419,0.144012,0.002692,-0.012051,0.989499
A,9.9333,R_MiddleDistal,0.000000,0.000000,0.027223,-0.001329,0.000611,-0.043495,0.999053
A,9.9333,R_MiddleTip,0.000305,0.001124,0.024669,0.000000,0.000000,0.000000,1.000000
A,9.9333,R_Palm,-0.003093,-0.004520,0.063681,0.000000,0.000000,0.000000,1.000000
A,9.9333,R_RingMetacarpal,0.014815,-0.005945,0.034364,0.000000,0.000000,0.000000,1.000000
A,9.9333,R_RingProximal,0.002444,-0.000507,0.053280,-0.034654,0.106710,-0.045171,0.992659
A,9.9333,R_RingIntermediate,0.000000,0.000000,0.038534,0.168161,-0.002698,-0.037261,0.985052
A,9.9333,R_RingDistal,0.000000,0.000000,0.026259,0.069814,-0.029558,-0.007917,0.997091
A,9.9333,R_RingTip,0.000255,0.001589,0.024038,0.000000,0.000000,0.000000,1.000000
A,9.9333,R_ThumbMetacarpal,-0.031687,-0.011774,0.032025,-0.106299,-0.470108,0.517716,0.706874
A,9.9333,R_ThumbProximal,0.000000,0.000000,0.032128,0.164426,0.055554,-0.082428,0.981368
A,9.9333,R_ThumbDistal,0.000000,0.000000,0.033393,-0.049519,-0.064324,0.083344,0.993209
A,9.9333,R_ThumbTip,0.000662,0.001015,0.024300,0.000000,0.000000,0.000000,1.000000
B,0.0000,R_Wrist,-0.001415,1.486319,0.584958,-0.491586,-0.292580,-0.221461,0.789744
B,0.0000,R_IndexMetacarpal,-0.020518,-0.007340,0.035019,0.000000,0.000000,0.000000,1.000000
B,0.0000,R_IndexProximal,-0.002777,0.000103,0.059934,-0.023183,-0.001154,0.028369,0.999328
B,0.0000,R_IndexIntermediate,0.000000,0.000000,0.037515,0.148891,0.003273,-0.026319,0.988498
B,0.0000,R_IndexDistal,0.000000,0.000000,0.024040,0.020364,0.025691,-0.016548,0.999326
B,0.0000,R_IndexTip,0.000292,0.001014,0.022120,0.000000,0.000000,0.000000,1.000000
B,0.0000,R_LittleMetacarpal,0.022749,-0.009317,0.033703,0.018312,0.140343,-0.207036,0.968042
B,0.0000,R_LittleProximal,-0.000002,-0.000001,0.045154,-0.107869,0.027957,0.101423,0.988583
B,0.0000,R_LittleIntermediate,0.000000,0.000000,0.030387,0.233501,0.032152,-0.058195,0.970081
B,0.0000,R_LittleDistal,0.000000,0.000000,0.020091,0.050806,-0.049067,0.000902,0.997502
B,0.0000,R_LittleTip,-0.000244,0.001203,0.021684,0.000000,0.000000,0.000000,1.000000
B,0.0000,R_MiddleMetacarpal,-0.004485,-0.006534,0.032880,0.000000,0.000000,0.000000,1.000000
B,0.0000,R_MiddleProximal,0.002778,0.004018,0.061727,0.019328,0.075637,-0.006953,0.996924
B,0.0000,R_MiddleIntermediate,0.000000,0.000000,0.042460,0.144011,0.002692,-0.012051,0.989499
B,0.0000,R_MiddleDistal,0.000000,0.000000,0.027250,-0.001329,0.000611,-0.043495,0.999053
B,0.0000,R_MiddleTip,0.000305,0.001125,0.024693,0.000000,0.000000,0.000000,1.000000
B,0.0000,R_Palm,-0.003096,-0.004525,0.063743,0.000000,0.000000,0.000000,1.000000
B,0.0000,R_RingMetacarpal,0.014829,-0.005950,0.034398,0.000000,0.000000,0.000000,1.000000
B,0.0000,R_RingProximal,0.002446,-0.000508,0.053332,-0.034654,0.106710,-0.045171,0.992659
B,0.0000,R_RingIntermediate,0.000000,0.000000,0.038572,0.168161,-0.002698,-0.037261,0.985052
B,0.0000,R_RingDistal,0.000000,0.000000,0.026284,0.069814,-0.029558,-0.007917,0.997091
B,0.0000,R_RingTip,0.000255,0.001591,0.024062,0.000000,0.000000,0.000000,1.000000
B,0.0000,R_ThumbMetacarpal,-0.031718,-0.011786,0.032056,-0.106299,-0.470108,0.517716,0.706874
B,0.0000,R_ThumbProximal,0.000000,0.000000,0.032159,0.164426,0.055554,-0.082428,0.981368
B,0.0000,R_ThumbDistal,0.000000,0.000000,0.033426,-0.049519,-0.064324,0.083344,0.993209
B,0.0000,R_ThumbTip,0.000663,0.001016,0.024324,0.000000,0.000000,0.000000,1.000000
B,0.0667,R_Wrist,-0.001415,1.486319,0.584958,-0.491586,-0.292580,-0.221461,0.789744
B,0.0667,R_IndexMetacarpal,-0.020518,-0.007340,0.035019,0.000000,0.000000,0.000000,1.000000
B,0.0667,R_IndexProximal,-0.002777,0.000103,0.059934,-0.023183,-0.001154,0.028369,0.999328
B,0.0667,R_IndexIntermediate,0.000000,0.000000,0.037515,0.148891,0.003273,-0.026319,0.988498
B,0.0667,R_IndexDistal,0.000000,0.000000,0.024040,0.020364,0.025691,-0.016548,0.999326
B,0.0667,R_IndexTip,0.000292,0.001014,0.022120,0.000000,0.000000,0.000000,1.000000
B,0.0667,R_LittleMetacarpal,0.022749,-0.009318,0.033703,0.018312,0.140343,-0.207036,0.968042
B,0.0667,R_LittleProximal,-0.000002,-0.000001,0.045154,-0.107869,0.027957,0.101423,0.988583
B,0.0667,R_LittleIntermediate,0.000000,0.000000,0.030387,0.233501,0.032152,-0.058195,0.970081
B,0.0667,R_LittleDistal,0.000000,0.000000,0.020091,0.050806,-0.049067,0.000902,0.997502
B,0.0667,R_LittleTip,-0.000244,0.001203,0.021684,0.000000,0.000000,0.000000,1.000000
B,0.0667,R_MiddleMetacarpal,-0.004485,-0.006534,0.032880,0.000000,0.000000,0.000000,1.000000
B,0.0667,R_MiddleProximal,0.002778,0.004018,0.061727,0.019328,0.075637,-0.006953,0.996924
B,0.0667,R_MiddleIntermediate,0.000000,0.000000,0.042460,0.144012,0.002692,-0.012051,0.989499
B,0.0667,R_MiddleDistal,0.000000,0.000000,0.027250,-0.001329,0.000611,-0.043495,0.999053
B,0.0667,R_MiddleTip,0.000305,0.001125,0.024694,0.000000,0.000000,0.000000,1.000000
B,0.0667,R_Palm,-0.003096,-0.004525,0.063743,0.000000,0.000000,0.000000,1.000000
B,0.0667,R_RingMetacarpal,0.014829,-0.005950,0.034398,0.000000,0.000000,0.000000,1.000000
B,0.0667,R_RingProximal,0.002446,-0.000508,0.053332,-0.034654,0.106710,-0.045171,0.992659
B,0.0667,R_RingIntermediate,0.000000,0.000000,0.038572,0.168161,-0.002698,-0.037261,0.985052
B,0.0667,R_RingDistal,0.000000,0.000000,0.026285,0.069814,-0.029558,-0.007917,0.997091
B,0.0667,R_RingTip,0.000255,0.001591,0.024062,0.000000,0.000000,0.000000,1.000000
B,0.0667,R_ThumbMetacarpal,-0.031718,-0.011786,0.032056,-0.106299,-0.470108,0.517716,0.706874
B,0.0667,R_ThumbProximal,0.000000,0.000000,0.032160,0.164426,0.055554,-0.082428,0.981368
B,0.0667,R_ThumbDistal,0.000000,0.000000,0.033426,-0.049519,-0.064324,0.083344,0.993209
B,0.0667,R_ThumbTip,0.000663,0.001016,0.024324,0.000000,0.000000,0.000000,1.000000
B,0.1333,R_Wrist,-0.001415,1.486318,0.584958,-0.491586,-0.292580,-0.221461,0.789744
B,0.1333,R_IndexMetacarpal,-0.020518,-0.007340,0.035019,0.000000,0.000000,0.000000,1.000000
B,0.1333,R_IndexProximal,-0.002777,0.000103,0.059934,-0.023183,-0.001154,0.028369,0.999328
B,0.1333,R_IndexIntermediate,0.000000,0.000000,0.037515,0.148891,0.003273,-0.026319,0.988498
B,0.1333,R_IndexDistal,0.000000,0.000000,0.024040,0.020364,0.025691,-0.016548,0.999326
B,0.1333,R_IndexTip,0.000292,0.001014,0.022120,0.000000,0.000000,0.000000,1.000000
B,0.1333,R_LittleMetacarpal,0.022749,-0.009318,0.033703,0.018312,0.140343,-0.207036,0.968042
B,0.1333,R_LittleProximal,-0.000002,-0.000001,0.045154,-0.107869,0.027957,0.101423,0.988583
B,0.1333,R_LittleIntermediate,0.000000,0.000000,0.030387,0.233501,0.032152,-0.058195,0.970081
B,0.1333,R_LittleDistal,0.000000,0.000000,0.020091,0.050806,-0.049067,0.000902,0.997502
B,0.1333,R_LittleTip,-0.000244,0.001203,0.021684,0.000000,0.000000,0.000000,1.000000
B,0.1333,R_MiddleMetacarpal,-0.004485,-0.006534,0.032880,0.000000,0.000000,0.000000,1.000000
B,0.1333,R_MiddleProximal,0.002777,0.004018,0.061727,0.019328,0.075637,-0.006953,0.996924
B,0.1333,R_MiddleIntermediate,0.000000,0.000000,0.042460,0.144012,0.002692,-0.012051,0.989499
B,0.1333,R_MiddleDistal,0.000000,0.000000,0.027250,-0.001329,0.000611,-0.043495,0.999053
B,0.1333,R_MiddleTip,0.000305,0.001125,0.024694,0.000000,0.000000,0.000000,1.000000
B,0.1333,R_Palm,-0.003096,-0.004525,0.063743,0.000000,0.000000,0.000000,1.000000
B,0.1333,R_RingMetacarpal,0.014829,-0.005951,0.034398,0.000000,0.000000,0.000000,1.000000
B,0.1333,R_RingProximal,0.002446,-0.000508,0.053332,-0.034654,0.106710,-0.045171,0.992659
B,0.1333,R_RingIntermediate,0.000000,0.000000,0.038572,0.168161,-0.002698,-0.037261,0.985052
B,0.1333,R_RingDistal,0.000000,0.000000,0.026285,0.069814,-0.029558,-0.007917,0.997091
B,0.1333,R_RingTip,0.000255,0.001591,0.024062,0.000000,0.000000,0.000000,1.000000
B,0.1333,R_ThumbMetacarpal,-0.031718,-0.011786,0.032056,-0.106299,-0.470108,0.517716,0.706874
B,0.1333,R_ThumbProximal,0.000000,0.000000,0.032160,0.164426,0.055554,-0.082428,0.981368
B,0.1333,R_ThumbDistal,0.000000,0.000000,0.033426,-0.049519,-0.064324,0.083344,0.993209
B,0.1333,R_ThumbTip,0.000663,0.001016,0.024324,0.000000,0.000000,0.000000,1.000000
B,0.2000,R_Wrist,-0.001415,1.486318,0.584959,-0.491586,-0.292580,-0.221461,0.789744
B,0.2000,R_IndexMetacarpal,-0.020518,-0.007340,0.035019,0.000000,0.000000,0.000000,1.000000
B,0.2000,R_IndexProximal,-0.002777,0.000103,0.059934,-0.023183,-0.001154,0.028369,0.999328
B,0.2000,R_IndexIntermediate,0.000000,0.000000,0.037515,0.148891,0.003273,-0.026319,0.988498
B,0.2000,R_IndexDistal,0.000000,0.000000,0.024040,0.020364,0.025691,-0.016548,0.999326
B,0.2000,R_IndexTip,0.000292,0.001014,0.022120,0.000000,0.000000,0.000000,1.000000
B,0.2000,R_LittleMetacarpal,0.022749,-0.009318,0.033703,0.018312,0.140343,-0.207036,0.968042
B,0.2000,R_LittleProximal,-0.000002,-0.000001,0.045154,-0.107869,0.027957,0.101423,0.988583
B,0.2000,R_LittleIntermediate,0.000000,0.000000,0.030387,0.233501,0.032152,-0.058195,0.970081
B,0.2000,R_LittleDistal,0.000000,0.000000,0.020091,0.050806,-0.049067,0.000902,0.997502
B,0.2000,R_LittleTip,-0.000244,0.001203,0.021684,0.000000,0.000000,0.000000,1.000000
B,0.2000,R_MiddleMetacarpal,-0.004485,-0.006534,0.032880,0.000000,0.000000,0.000000,1.000000
B,0.2000,R_MiddleProximal,0.002778,0.004018,0.061727,0.019328,0.075637,-0.006953,0.996924
B,0.2000,R_MiddleIntermediate,0.000000,0.000000,0.042461,0.144012,0.002692,-0.012051,0.989499
B,0.2000,R_MiddleDistal,0.000000,0.000000,0.027250,-0.001329,0.000611,-0.043495,0.999053
B,0.2000,R_MiddleTip,0.000305,0.001125,0.024694,0.000000,0.000000,0.000000,1.000000
B,0.2000,R_Palm,-0.003096,-0.004525,0.063743,0.000000,0.000000,0.000000,1.000000
B,0.2000,R_RingMetacarpal,0.014829,-0.005951,0.034398,0.000000,0.000000,0.000000,1.000000
B,0.2000,R_RingProximal,0.002446,-0.000508,0.053332,-0.034654,0.106710,-0.045171,0.992659
B,0.2000,R_RingIntermediate,0.000000,0.000000,0.038572,0.168161,-0.002698,-0.037261,0.985052
B,0.2000,R_RingDistal,0.000000,0.000000,0.026284,0.069814,-0.029558,-0.007917,0.997091
B,0.2000,R_RingTip,0.000255,0.001591,0.024062,0.000000,0.000000,0.000000,1.000000
B,0.2000,R_ThumbMetacarpal,-0.031718,-0.011786,0.032056,-0.106299,-0.470108,0.517716,0.706874
B,0.2000,R_ThumbProximal,0.000000,0.000000,0.032160,0.164426,0.055553,-0.082428,0.981368
B,0.2000,R_ThumbDistal,0.000000,0.000000,0.033426,-0.049519,-0.064324,0.083344,0.993209
B,0.2000,R_ThumbTip,0.000663,0.001016,0.024324,0.000000,0.000000,0.000000,1.000000
B,0.2667,R_Wrist,-0.001415,1.486318,0.584959,-0.491586,-0.292580,-0.221461,0.789744
B,0.2667,R_IndexMetacarpal,-0.020518,-0.007340,0.035019,0.000000,0.000000,0.000000,1.000000
B,0.2667,R_IndexProximal,-0.002777,0.000103,0.059934,-0.023183,-0.001154,0.028368,0.999328
B,0.2667,R_IndexIntermediate,0.000000,0.000000,0.037515,0.148891,0.003273,-0.026319,0.988498
B,0.2667,R_IndexDistal,0.000000,0.000000,0.024040,0.020364,0.025691,-0.016548,0.999326
B,0.2667,R_IndexTip,0.000292,0.001014,0.022120,0.000000,0.000000,0.000000,1.000000
B,0.2667,R_LittleMetacarpal,0.022749,-0.009318,0.033703,0.018312,0.140343,-0.207036,0.968042
B,0.2667,R_LittleProximal,-0.000002,-0.000001,0.045154,-0.107869,0.027957,0.101423,0.988583
B,0.2667,R_LittleIntermediate,0.000000,0.000000,0.030387,0.233501,0.032152,-0.058195,0.970081
B,0.2667,R_LittleDistal,0.000000,0.000000,0.020091,0.050806,-0.049067,0.000902,0.997502
B,0.2667,R_LittleTip,-0.000244,0.001203,0.021684,0.000000,0.000000,0.000000,1.000000
B,0.2667,R_MiddleMetacarpal,-0.004485,-0.006534,0.032880,0.000000,0.000000,0.000000,1.000000
B,0.2667,R_MiddleProximal,0.002778,0.004018,0.061727,0.019328,0.075637,-0.006953,0.996924
B,0.2667,R_MiddleIntermediate,0.000000,0.000000,0.042460,0.144011,0.002692,-0.012051,0.989499
B,0.2667,R_MiddleDistal,0.000000,0.000000,0.027250,-0.001329,0.000611,-0.043495,0.999053
B,0.2667,R_MiddleTip,0.000305,0.001125,0.024694,0.000000,0.000000,0.000000,1.000000
B,0.2667,R_Palm,-0.003096,-0.004525,0.063744,0.000000,0.000000,0.000000,1.000000
B,0.2667,R_RingMetacarpal,0.014829,-0.005951,0.034398,0.000000,0.000000,0.000000,1.000000
B,0.2667,R_RingProximal,0.002446,-0.000508,0.053332,-0.034654,0.106710,-0.045171,0.992659
B,0.2667,R_RingIntermediate,0.000000,0.000000,0.038572,0.168161,-0.002698,-0.037261,0.985051
B,0.2667,R_RingDistal,0.000000,0.000000,0.026285,0.069814,-0.029558,-0.007917,0.997091
B,0.2667,R_RingTip,0.000255,0.001591,0.024062,0.000000,0.000000,0.000000,1.000000
B,0.2667,R_ThumbMetacarpal,-0.031718,-0.011786,0.032056,-0.106299,-0.470108,0.517716,0.706874
B,0.2667,R_ThumbProximal,0.000000,0.000000,0.032160,0.164426,0.055553,-0.082428,0.981368
B,0.2667,R_ThumbDistal,0.000000,0.000000,0.033426,-0.049519,-0.064324,0.083344,0.993209
B,0.2667,R_ThumbTip,0.000663,0.001016,0.024324,0.000000,0.000000,0.000000,1.000000
B,0.3333,R_Wrist,-0.001415,1.486317,0.584959,-0.491586,-0.292580,-0.221461,0.789744
B,0.3333,R_IndexMetacarpal,-0.020518,-0.007340,0.035019,0.000000,0.000000,0.000000,1.000000
B,0.3333,R_IndexProximal,-0.002777,0.000103,0.059934,-0.023183,-0.001154,0.028368,0.999328
B,0.3333,R_IndexIntermediate,0.000000,0.000000,0.037515,0.148891,0.003273,-0.026319,0.988498
B,0.3333,R_IndexDistal,0.000000,0.000000,0.024040,0.020364,0.025691,-0.016548,0.999326
B,0.3333,R_IndexTip,0.000292,0.001014,0.022120,0.000000,0.000000,0.000000,1.000000
B,0.3333,R_LittleMetacarpal,0.022749,-0.009318,0.033703,0.018312,0.140343,-0.207036,0.968042
B,0.3333,R_LittleProximal,-0.000002,-0.000001,0.045154,-0.107869,0.027957,0.101423,0.988583
B,0.3333,R_LittleIntermediate,0.000000,0.000000,0.030387,0.233501,0.032152,-0.058195,0.970081
B,0.3333,R_LittleDistal,0.000000,0.000000,0.020091,0.050806,-0.049067,0.000902,0.997502
B,0.3333,R_LittleTip,-0.000244,0.001203,0.021684,0.000000,0.000000,0.000000,1.000000
B,0.3333,R_MiddleMetacarpal,-0.004485,-0.006534,0.032880,0.000000,0.000000,0.000000,1.000000
B,0.3333,R_MiddleProximal,0.002778,0.004018,0.061727,0.019328,0.075637,-0.006953,0.996924
B,0.3333,R_MiddleIntermediate,0.000000,0.000000,0.042461,0.144012,0.002692,-0.012051,0.989499
B,0.3333,R_MiddleDistal,0.000000,0.000000,0.027250,-0.001329,0.000611,-0.043495,0.999053
B,0.3333,R_MiddleTip,0.000305,0.001125,0.024694,0.000000,0.000000,0.000000,1.000000
B,0.3333,R_Palm,-0.003096,-0.004525,0.063744,0.000000,0.000000,0.000000,1.000000
B,0.3333,R_RingMetacarpal,0.014829,-0.005950,0.034398,0.000000,0.000000,0.000000,1.000000
B,0.3333,R_RingProximal,0.002446,-0.000508,0.053332,-0.034654,0.106710,-0.045171,0.992659
B,0.3333,R_RingIntermediate,0.000000,0.000000,0.038573,0.168161,-0.002698,-0.037261,0.985051
B,0.3333,R_RingDistal,0.000000,0.000000,0.026285,0.069814,-0.029558,-0.007917,0.997091
B,0.3333,R_RingTip,0.000255,0.001591,0.024062,0.000000,0.000000,0.000000,1.000000
B,0.3333,R_ThumbMetacarpal,-0.031718,-0.011786,0.032056,-0.106299,-0.470108,0.517716,0.706874
B,0.3333,R_ThumbProximal,0.000000,0.000000,0.032160,0.164426,0.055553,-0.082428,0.981368
B,0.3333,R_ThumbDistal,0.000000,0.000000,0.033426,-0.049519,-0.064324,0.083344,0.993209
B,0.3333,R_ThumbTip,0.000663,0.001016,0.024324,0.000000,0.000000,0.000000,1.000000
B,0.4000,R_Wrist,-0.001415,1.486317,0.584960,-0.491586,-0.292580,-0.221461,0.789744
B,0.4000,R_IndexMetacarpal,-0.020518,-0.007340,0.035019,0.000000,0.000000,0.000000,1.000000
B,0.4000,R_IndexProximal,-0.002777,0.000103,0.059934,-0.023183,-0.001154,0.028368,0.999328
B,0.4000,R_IndexIntermediate,0.000000,0.000000,0.037515,0.148891,0.003273,-0.026319,0.988498
B,0.4000,R_IndexDistal,0.000000,0.000000,0.024040,0.020364,0.025691,-0.016548,0.999326
B,0.4000,R_IndexTip,0.000292,0.001014,0.022120,0.000000,0.000000,0.000000,1.000000
B,0.4000,R_LittleMetacarpal,0.022749,-0.009318,0.033703,0.018312,0.140343,-0.207036,0.968042
B,0.4000,R_LittleProximal,-0.000002,-0.000001,0.045154,-0.107869,0.027957,0.101423,0.988583
B,0.4000,R_LittleIntermediate,0.000000,0.000000,0.030387,0.233501,0.032152,-0.058195,0.970081
B,0.4000,R_LittleDistal,0.000000,0.000000,0.020091,0.050806,-0.049067,0.000902,0.997502
B,0.4000,R_LittleTip,-0.000244,0.001203,0.021684,0.000000,0.000000,0.000000,1.000000
B,0.4000,R_MiddleMetacarpal,-0.004485,-0.006534,0.032880,0.000000,0.000000,0.000000,1.000000
B,0.4000,R_MiddleProximal,0.002778,0.004018,0.061727,0.019328,0.075637,-0.006953,0.996924
B,0.4000,R_MiddleIntermediate,0.000000,0.000000,0.042461,0.144012,0.002692,-0.012051,0.989499
B,0.4000,R_MiddleDistal,0.000000,0.000000,0.027250,-0.001329,0.000611,-0.043495,0.999053
B,0.4000,R_MiddleTip,0.000305,0.001125,0.024694,0.000000,0.000000,0.000000,1.000000
B,0.4000,R_Palm,-0.003096,-0.004525,0.063744,0.000000,0.000000,0.000000,1.000000
B,0.4000,R_RingMetacarpal,0.014829,-0.005951,0.034398,0.000000,0.000000,0.000000,1.000000
B,0.4000,R_RingProximal,0.002446,-0.000508,0.053332,-0.034654,0.106710,-0.045171,0.992659
B,0.4000,R_RingIntermediate,0.000000,0.000000,0.038573,0.168161,-0.002698,-0.037261,0.985052
B,0.4000,R_RingDistal,0.000000,0.000000,0.026285,0.069814,-0.029558,-0.007917,0.997091
B,0.4000,R_RingTip,0.000255,0.001591,0.024062,0.000000,0.000000,0.000000,1.000000
B,0.4000,R_ThumbMetacarpal,-0.031718,-0.011786,0.032056,-0.106299,-0.470108,0.517716,0.706874
B,0.4000,R_ThumbProximal,0.000000,0.000000,0.032160,0.164426,0.055554,-0.082428,0.981368
B,0.4000,R_ThumbDistal,0.000000,0.000000,0.033426,-0.049519,-0.064324,0.083344,0.993209
B,0.4000,R_ThumbTip,0.000663,0.001016,0.024324,0.000000,0.000000,0.000000,1.000000
B,0.4667,R_Wrist,-0.001414,1.486317,0.584960,-0.491586,-0.292580,-0.221461,0.789744
B,0.4667,R_IndexMetacarpal,-0.020518,-0.007340,0.035019,0.000000,0.000000,0.000000,1.000000
B,0.4667,R_IndexProximal,-0.002777,0.000103,0.059934,-0.023183,-0.001154,0.028369,0.999328
B,0.4667,R_IndexIntermediate,0.000000,0.000000,0.037515,0.148891,0.003273,-0.026319,0.988498
B,0.4667,R_IndexDistal,0.000000,0.000000,0.024040,0.020364,0.025691,-0.016548,0.999326
B,0.4667,R_IndexTip,0.000292,0.001014,0.022120,0.000000,0.000000,0.000000,1.000000
B,0.4667,R_LittleMetacarpal,0.022749,-0.009318,0.033703,0.018312,0.140343,-0.207036,0.968042
B,0.4667,R_LittleProximal,-0.000002,-0.000001,0.045155,-0.107869,0.027957,0.101423,0.988583
B,0.4667,R_LittleIntermediate,0.000000,0.000000,0.030387,0.233501,0.032152,-0.058195,0.970081
B,0.4667,R_LittleDistal,0.000000,0.000000,0.020091,0.050806,-0.049067,0.000902,0.997502
B,0.4667,R_LittleTip,-0.000244,0.001203,0.021684,0.000000,0.000000,0.000000,1.000000
B,0.4667,R_MiddleMetacarpal,-0.004485,-0.006534,0.032880,0.000000,0.000000,0.000000,1.000000
B,0.4667,R_MiddleProximal,0.002778,0.004018,0.061728,0.019328,0.075637,-0.006953,0.996924
B,0.4667,R_MiddleIntermediate,0.000000,0.000000,0.042461,0.144012,0.002692,-0.012051,0.989499
B,0.4667,R_MiddleDistal,0.000000,0.000000,0.027250,-0.001329,0.000611,-0.043495,0.999053
B,0.4667,R_MiddleTip,0.000305,0.001125,0.024694,0.000000,0.000000,0.000000,1.000000
B,0.4667,R_Palm,-0.003096,-0.004525,0.063744,0.000000,0.000000,0.000000,1.000000
B,0.4667,R_RingMetacarpal,0.014829,-0.005951,0.034398,0.000000,0.000000,0.000000,1.000000
B,0.4667,R_RingProximal,0.002446,-0.000508,0.053332,-0.034654,0.106710,-0.045171,0.992659
B,0.4667,R_RingIntermediate,0.000000,0.000000,0.038573,0.168161,-0.002698,-0.037261,0.985052
B,0.4667,R_RingDistal,0.000000,0.000000,0.026285,0.069815,-0.029558,-0.007917,0.997091
B,0.4667,R_RingTip,0.000255,0.001591,0.024062,0.000000,0.000000,0.000000,1.000000
B,0.4667,R_ThumbMetacarpal,-0.031718,-0.011786,0.032056,-0.106299,-0.470108,0.517716,0.706874
B,0.4667,R_ThumbProximal,0.000000,0.000000,0.032160,0.164426,0.055553,-0.082428,0.981368
B,0.4667,R_ThumbDistal,0.000000,0.000000,0.033426,-0.049519,-0.064324,0.083344,0.993209
B,0.4667,R_ThumbTip,0.000663,0.001016,0.024324,0.000000,0.000000,0.000000,1.000000
B,0.5333,R_Wrist,-0.001414,1.486316,0.584960,-0.491586,-0.292580,-0.221461,0.789744
B,0.5333,R_IndexMetacarpal,-0.020518,-0.007340,0.035019,0.000000,0.000000,0.000000,1.000000
B,0.5333,R_IndexProximal,-0.002777,0.000103,0.059934,-0.023183,-0.001154,0.028369,0.999328
B,0.5333,R_IndexIntermediate,0.000000,0.000000,0.037515,0.148891,0.003273,-0.026319,0.988498
B,0.5333,R_IndexDistal,0.000000,0.000000,0.024040,0.020364,0.025691,-0.016548,0.999326
B,0.5333,R_IndexTip,0.000292,0.001014,0.022120,0.000000,0.000000,0.000000,1.000000
B,0.5333,R_LittleMetacarpal,0.022749,-0.009318,0.033703,0.018312,0.140343,-0.207036,0.968042
B,0.5333,R_LittleProximal,-0.000002,-0.000001,0.045155,-0.107869,0.027957,0.101423,0.988583
B,0.5333,R_LittleIntermediate,0.000000,0.000000,0.030387,0.233501,0.032152,-0.058195,0.970081
B,0.5333,R_LittleDistal,0.000000,0.000000,0.020091,0.050806,-0.049067,0.000902,0.997502
B,0.5333,R_LittleTip,-0.000244,0.001203,0.021684,0.000000,0.000000,0.000000,1.000000
B,0.5333,R_MiddleMetacarpal,-0.004485,-0.006534,0.032880,0.000000,0.000000,0.000000,1.000000
B,0.5333,R_MiddleProximal,0.002778,0.004018,0.061728,0.019328,0.075637,-0.006953,0.996924
B,0.5333,R_MiddleIntermediate,0.000000,0.000000,0.042461,0.144012,0.002692,-0.012051,0.989499
B,0.5333,R_MiddleDistal,0.000000,0.000000,0.027250,-0.001329,0.000611,-0.043495,0.999053
B,0.5333,R_MiddleTip,0.000305,0.001125,0.024694,0.000000,0.000000,0.000000,1.000000
B,0.5333,R_Palm,-0.003096,-0.004525,0.063744,0.000000,0.000000,0.000000,1.000000
B,0.5333,R_RingMetacarpal,0.014829,-0.005950,0.034398,0.000000,0.000000,0.000000,1.000000
B,0.5333,R_RingProximal,0.002446,-0.000508,0.053333,-0.034654,0.106710,-0.045171,0.992659
B,0.5333,R_RingIntermediate,0.000000,0.000000,0.038573,0.168161,-0.002698,-0.037261,0.985052
B,0.5333,R_RingDistal,0.000000,0.000000,0.026285,0.069815,-0.029558,-0.007917,0.997091
B,0.5333,R_RingTip,0.000255,0.001591,0.024062,0.000000,0.000000,0.000000,1.000000
B,0.5333,R_ThumbMetacarpal,-0.031718,-0.011786,0.032056,-0.106299,-0.470108,0.517716,0.706874
B,0.5333,R_ThumbProximal,0.000000,0.000000,0.032160,0.164426,0.055553,-0.082428,0.981368
B,0.5333,R_ThumbDistal,0.000000,0.000000,0.033426,-0.049519,-0.064324,0.083344,0.993209
B,0.5333,R_ThumbTip,0.000663,0.001016,0.024324,0.000000,0.000000,0.000000,1.000000
B,0.6000,R_Wrist,-0.001414,1.486316,0.584961,-0.491586,-0.292580,-0.221461,0.789744
B,0.6000,R_IndexMetacarpal,-0.020518,-0.007340,0.035019,0.000000,0.000000,0.000000,1.000000
B,0.6000,R_IndexProximal,-0.002777,0.000103,0.059934,-0.023183,-0.001154,0.028369,0.999328
B,0.6000,R_IndexIntermediate,0.000000,0.000000,0.037515,0.148891,0.003273,-0.026319,0.988498
B,0.6000,R_IndexDistal,0.000000,0.000000,0.024040,0.020364,0.025691,-0.016548,0.999326
B,0.6000,R_IndexTip,0.000292,0.001014,0.022120,0.000000,0.000000,0.000000,1.000000
B,0.6000,R_LittleMetacarpal,0.022749,-0.009318,0.033703,0.018312,0.140343,-0.207036,0.968042
B,0.6000,R_LittleProximal,-0.000002,-0.000001,0.045155,-0.107869,0.027957,0.101423,0.988583
B,0.6000,R_LittleIntermediate,0.000000,0.000000,0.030387,0.233501,0.032152,-0.058195,0.970081
B,0.6000,R_LittleDistal,0.000000,0.000000,0.020091,0.050806,-0.049067,0.000902,0.997502
B,0.6000,R_LittleTip,-0.000244,0.001203,0.021684,0.000000,0.000000,0.000000,1.000000
B,0.6000,R_MiddleMetacarpal,-0.004485,-0.006534,0.032880,0.000000,0.000000,0.000000,1.000000
B,0.6000,R_MiddleProximal,0.002778,0.004018,0.061728,0.019328,0.075637,-0.006953,0.996924
B,0.6000,R_MiddleIntermediate,0.000000,0.000000,0.042461,0.144012,0.002692,-0.012051,0.989499
B,0.6000,R_MiddleDistal,0.000000,0.000000,0.027250,-0.001329,0.000611,-0.043495,0.999053
B,0.6000,R_MiddleTip,0.000305,0.001125,0.024694,0.000000,0.000000,0.000000,1.000000
B,0.6000,R_Palm,-0.003096,-0.004525,0.063744,0.000000,0.000000,0.000000,1.000000
B,0.6000,R_RingMetacarpal,0.014829,-0.005951,0.034398,0.000000,0.000000,0.000000,1.000000
B,0.6000,R_RingProximal,0.002446,-0.000508,0.053333,-0.034654,0.106710,-0.045171,0.992659
B,0.6000,R_RingIntermediate,0.000000,0.000000,0.038573,0.168161,-0.002698,-0.037261,0.985052
B,0.6000,R_RingDistal,0.000000,0.000000,0.026285,0.069814,-0.029558,-0.007917,0.997091
B,0.6000,R_RingTip,0.000255,0.001591,0.024062,0.000000,0.000000,0.000000,1.000000
B,0.6000,R_ThumbMetacarpal,-0.031718,-0.011786,0.032056,-0.106299,-0.470108,0.517716,0.706874
B,0.6000,R_ThumbProximal,0.000000,0.000000,0.032160,0.164426,0.055553,-0.082428,0.981368
B,0.6000,R_ThumbDistal,0.000000,0.000000,0.033426,-0.049519,-0.064324,0.083344,0.993209
B,0.6000,R_ThumbTip,0.000663,0.001016,0.024324,0.000000,0.000000,0.000000,1.000000
B,0.6667,R_Wrist,-0.001414,1.486315,0.584961,-0.491586,-0.292580,-0.221461,0.789744
B,0.6667,R_IndexMetacarpal,-0.020518,-0.007340,0.035019,0.000000,0.000000,0.000000,1.000000
B,0.6667,R_IndexProximal,-0.002777,0.000103,0.059935,-0.023183,-0.001154,0.028368,0.999328
B,0.6667,R_IndexIntermediate,0.000000,0.000000,0.037515,0.148891,0.003273,-0.026319,0.988498
B,0.6667,R_IndexDistal,0.000000,0.000000,0.024040,0.020364,0.025691,-0.016548,0.999326
B,0.6667,R_IndexTip,0.000292,0.001014,0.022120,0.000000,0.000000,0.000000,1.000000
B,0.6667,R_LittleMetacarpal,0.022749,-0.009318,0.033704,0.018312,0.140343,-0.207036,0.968042
B,0.6667,R_LittleProximal,-0.000002,-0.000001,0.045155,-0.107869,0.027957,0.101423,0.988583
B,0.6667,R_LittleIntermediate,0.000000,0.000000,0.030387,0.233501,0.032152,-0.058195,0.970081
B,0.6667,R_LittleDistal,0.000000,0.000000,0.020091,0.050806,-0.049067,0.000902,0.997502
B,0.6667,R_LittleTip,-0.000244,0.001203,0.021684,0.000000,0.000000,0.000000,1.000000
B,0.6667,R_MiddleMetacarpal,-0.004485,-0.006534,0.032880,0.000000,0.000000,0.000000,1.000000
B,0.6667,R_MiddleProximal,0.002778,0.004018,0.061728,0.019328,0.075637,-0.006953,0.996924
B,0.6667,R_MiddleIntermediate,0.000000,0.000000,0.042461,0.144012,0.002692,-0.012051,0.989499
B,0.6667,R_MiddleDistal,0.000000,0.000000,0.027250,-0.001329,0.000611,-0.043495,0.999053
B,0.6667,R_MiddleTip,0.000305,0.001125,0.024694,0.000000,0.000000,0.000000,1.000000
B,0.6667,R_Palm,-0.003096,-0.004525,0.063744,0.000000,0.000000,0.000000,1.000000
B,0.6667,R_RingMetacarpal,0.014829,-0.005951,0.034398,0.000000,0.000000,0.000000,1.000000
B,0.6667,R_RingProximal,0.002446,-0.000508,0.053333,-0.034654,0.106710,-0.045171,0.992659
B,0.6667,R_RingIntermediate,0.000000,0.000000,0.038573,0.168161,-0.002698,-0.037261,0.985052
B,0.6667,R_RingDistal,0.000000,0.000000,0.026285,0.069814,-0.029558,-0.007917,0.997091
B,0.6667,R_RingTip,0.000255,0.001591,0.024062,0.000000,0.000000,0.000000,1.000000
B,0.6667,R_ThumbMetacarpal,-0.031718,-0.011786,0.032056,-0.106299,-0.470108,0.517716,0.706874
B,0.6667,R_ThumbProximal,0.000000,0.000000,0.032160,0.164426,0.055553,-0.082428,0.981368
B,0.6667,R_ThumbDistal,0.000000,0.000000,0.033426,-0.049519,-0.064324,0.083344,0.993209
B,0.6667,R_ThumbTip,0.000663,0.001016,0.024324,0.000000,0.000000,0.000000,1.000000
B,0.7333,R_Wrist,-0.001414,1.486315,0.584962,-0.491586,-0.292580,-0.221461,0.789744
B,0.7333,R_IndexMetacarpal,-0.020518,-0.007340,0.035019,0.000000,0.000000,0.000000,1.000000
B,0.7333,R_IndexProximal,-0.002777,0.000103,0.059934,-0.023183,-0.001154,0.028369,0.999328
B,0.7333,R_IndexIntermediate,0.000000,0.000000,0.037515,0.148891,0.003273,-0.026319,0.988498
B,0.7333,R_IndexDistal,0.000000,0.000000,0.024040,0.020364,0.025691,-0.016548,0.999326
B,0.7333,R_IndexTip,0.000292,0.001014,0.022120,0.000000,0.000000,0.000000,1.000000
B,0.7333,R_LittleMetacarpal,0.022749,-0.009318,0.033704,0.018312,0.140343,-0.207036,0.968042
B,0.7333,R_LittleProximal,-0.000002,-0.000001,0.045155,-0.107869,0.027957,0.101423,0.988583
B,0.7333,R_LittleIntermediate,0.000000,0.000000,0.030387,0.233501,0.032152,-0.058195,0.970081
B,0.7333,R_LittleDistal,0.000000,0.000000,0.020091,0.050806,-0.049067,0.000902,0.997502
B,0.7333,R_LittleTip,-0.000244,0.001203,0.021684,0.000000,0.000000,0.000000,1.000000
B,0.7333,R_MiddleMetacarpal,-0.004485,-0.006534,0.032880,0.000000,0.000000,0.000000,1.000000
B,0.7333,R_MiddleProximal,0.002778,0.004018,0.061728,0.019328,0.075637,-0.006953,0.996924
B,0.7333,R_MiddleIntermediate,0.000000,0.000000,0.042461,0.144012,0.002692,-0.012051,0.989499
B,0.7333,R_MiddleDistal,0.000000,0.000000,0.027250,-0.001329,0.000611,-0.043495,0.999053
B,0.7333,R_MiddleTip,0.000305,0.001125,0.024694,0.000000,0.000000,0.000000,1.000000
B,0.7333,R_Palm,-0.003096,-0.004525,0.063744,0.000000,0.000000,0.000000,1.000000
B,0.7333,R_RingMetacarpal,0.014829,-0.005950,0.034398,0.000000,0.000000,0.000000,1.000000
B,0.7333,R_RingProximal,0.002446,-0.000508,0.053333,-0.034654,0.106710,-0.045171,0.992659
B,0.7333,R_RingIntermediate,0.000000,0.000000,0.038573,0.168161,-0.002698,-0.037261,0.985052
B,0.7333,R_RingDistal,0.000000,0.000000,0.026285,0.069814,-0.029558,-0.007917,0.997091
B,0.7333,R_RingTip,0.000255,0.001591,0.024062,0.000000,0.000000,0.000000,1.000000
B,0.7333,R_ThumbMetacarpal,-0.031718,-0.011786,0.032056,-0.106299,-0.470108,0.517716,0.706874
B,0.7333,R_ThumbProximal,0.000000,0.000000,0.032160,0.164426,0.055554,-0.082428,0.981368
B,0.7333,R_ThumbDistal,0.000000,0.000000,0.033426,-0.049519,-0.064324,0.083344,0.993209
B,0.7333,R_ThumbTip,0.000663,0.001016,0.024324,0.000000,0.000000,0.000000,1.000000
B,0.8000,R_Wrist,-0.001414,1.486315,0.584962,-0.491586,-0.292580,-0.221461,0.789744
B,0.8000,R_IndexMetacarpal,-0.020518,-0.007340,0.035019,0.000000,0.000000,0.000000,1.000000
B,0.8000,R_IndexProximal,-0.002777,0.000103,0.059935,-0.023183,-0.001154,0.028369,0.999328
B,0.8000,R_IndexIntermediate,0.000000,0.000000,0.037515,0.148891,0.003273,-0.026319,0.988498
B,0.8000,R_IndexDistal,0.000000,0.000000,0.024040,0.020364,0.025691,-0.016548,0.999326
B,0.8000,R_IndexTip,0.000292,0.001014,0.022120,0.000000,0.000000,0.000000,1.000000
B,0.8000,R_LittleMetacarpal,0.022749,-0.009318,0.033704,0.018312,0.140343,-0.207036,0.968042
B,0.8000,R_LittleProximal,-0.000002,-0.000001,0.045155,-0.107869,0.027957,0.101423,0.988583
B,0.8000,R_LittleIntermediate,0.000000,0.000000,0.030387,0.233501,0.032152,-0.058195,0.970081
B,0.8000,R_LittleDistal,0.000000,0.000000,0.020091,0.050806,-0.049067,0.000902,0.997502
B,0.8000,R_LittleTip,-0.000244,0.001203,0.021684,0.000000,0.000000,0.000000,1.000000
B,0.8000,R_MiddleMetacarpal,-0.004485,-0.006534,0.032880,0.000000,0.000000,0.000000,1.000000
B,0.8000,R_MiddleProximal,0.002778,0.004018,0.061728,0.019328,0.075637,-0.006953,0.996924
B,0.8000,R_MiddleIntermediate,0.000000,0.000000,0.042461,0.144012,0.002692,-0.012051,0.989499
B,0.8000,R_MiddleDistal,0.000000,0.000000,0.027250,-0.001329,0.000611,-0.043495,0.999053
B,0.8000,R_MiddleTip,0.000305,0.001125,0.024694,0.000000,0.000000,0.000000,1.000000
B,0.8000,R_Palm,-0.003096,-0.004525,0.063744,0.000000,0.000000,0.000000,1.000000
B,0.8000,R_RingMetacarpal,0.014830,-0.005951,0.034398,0.000000,0.000000,0.000000,1.000000
B,0.8000,R_RingProximal,0.002446,-0.000508,0.053333,-0.034654,0.106710,-0.045171,0.992659
B,0.8000,R_RingIntermediate,0.000000,0.000000,0.038573,0.168161,-0.002698,-0.037261,0.985052
B,0.8000,R_RingDistal,0.000000,0.000000,0.026285,0.069814,-0.029558,-0.007917,0.997091
B,0.8000,R_RingTip,0.000255,0.001591,0.024062,0.000000,0.000000,0.000000,1.000000
B,0.8000,R_ThumbMetacarpal,-0.031718,-0.011786,0.032056,-0.106299,-0.470108,0.517716,0.706874
B,0.8000,R_ThumbProximal,0.000000,0.000000,0.032160,0.164426,0.055554,-0.082428,0.981368
B,0.8000,R_ThumbDistal,0.000000,0.000000,0.033426,-0.049519,-0.064324,0.083344,0.993209
B,0.8000,R_ThumbTip,0.000663,0.001016,0.024324,0.000000,0.000000,0.000000,1.000000
B,0.8667,R_Wrist,-0.001414,1.486314,0.584962,-0.491586,-0.292580,-0.221461,0.789744
B,0.8667,R_IndexMetacarpal,-0.020518,-0.007340,0.035019,0.000000,0.000000,0.000000,1.000000
B,0.8667,R_IndexProximal,-0.002777,0.000103,0.059935,-0.023183,-0.001154,0.028369,0.999328
B,0.8667,R_IndexIntermediate,0.000000,0.000000,0.037515,0.148891,0.003273,-0.026319,0.988498
B,0.8667,R_IndexDistal,0.000000,0.000000,0.024040,0.020364,0.025691,-0.016548,0.999326
B,0.8667,R_IndexTip,0.000292,0.001014,0.022120,0.000000,0.000000,0.000000,1.000000
B,0.8667,R_LittleMetacarpal,0.022749,-0.009318,0.033704,0.018312,0.140343,-0.207036,0.968042
B,0.8667,R_LittleProximal,-0.000002,-0.000001,0.045155,-0.107869,0.027957,0.101423,0.988583
B,0.8667,R_LittleIntermediate,0.000000,0.000000,0.030387,0.233501,0.032152,-0.058195,0.970081
B,0.8667,R_LittleDistal,0.000000,0.000000,0.020091,0.050806,-0.049067,0.000902,0.997502
B,0.8667,R_LittleTip,-0.000244,0.001203,0.021684,0.000000,0.000000,0.000000,1.000000
B,0.8667,R_MiddleMetacarpal,-0.004485,-0.006534,0.032880,0.000000,0.000000,0.000000,1.000000
B,0.8667,R_MiddleProximal,0.002778,0.004018,0.061728,0.019328,0.075637,-0.006953,0.996924
B,0.8667,R_MiddleIntermediate,0.000000,0.000000,0.042461,0.144012,0.002692,-0.012051,0.989499
B,0.8667,R_MiddleDistal,0.000000,0.000000,0.027250,-0.001329,0.000611,-0.043495,0.999053
B,0.8667,R_MiddleTip,0.000305,0.001125,0.024694,0.000000,0.000000,0.000000,1.000000
B,0.8667,R_Palm,-0.003096,-0.004525,0.063744,0.000000,0.000000,0.000000,1.000000
B,0.8667,R_RingMetacarpal,0.014830,-0.005951,0.034398,0.000000,0.000000,0.000000,1.000000
B,0.8667,R_RingProximal,0.002446,-0.000508,0.053333,-0.034654,0.106710,-0.045171,0.992659
B,0.8667,R_RingIntermediate,0.000000,0.000000,0.038573,0.168161,-0.002698,-0.037261,0.985052
B,0.8667,R_RingDistal,0.000000,0.000000,0.026285,0.069814,-0.029558,-0.007917,0.997091
B,0.8667,R_RingTip,0.000255,0.001591,0.024062,0.000000,0.000000,0.000000,1.000000
B,0.8667,R_ThumbMetacarpal,-0.031718,-0.011786,0.032057,-0.106299,-0.470108,0.517716,0.706874
B,0.8667,R_ThumbProximal,0.000000,0.000000,0.032160,0.164426,0.055553,-0.082428,0.981368
B,0.8667,R_ThumbDistal,0.000000,0.000000,0.033426,-0.049519,-0.064324,0.083344,0.993209
B,0.8667,R_ThumbTip,0.000663,0.001016,0.024324,0.000000,0.000000,0.000000,1.000000
B,0.9333,R_Wrist,-0.001414,1.486314,0.584963,-0.491586,-0.292580,-0.221461,0.789744
B,0.9333,R_IndexMetacarpal,-0.020518,-0.007340,0.035019,0.000000,0.000000,0.000000,1.000000
B,0.9333,R_IndexProximal,-0.002777,0.000103,0.059935,-0.023183,-0.001154,0.028368,0.999328
B,0.9333,R_IndexIntermediate,0.000000,0.000000,0.037515,0.148891,0.003273,-0.026319,0.988498
B,0.9333,R_IndexDistal,0.000000,0.000000,0.024040,0.020364,0.025691,-0.016548,0.999326
B,0.9333,R_IndexTip,0.000292,0.001014,0.022120,0.000000,0.000000,0.000000,1.000000
B,0.9333,R_LittleMetacarpal,0.022749,-0.009318,0.033704,0.018312,0.140343,-0.207036,0.968042
B,0.9333,R_LittleProximal,-0.000002,-0.000001,0.045155,-0.107869,0.027957,0.101423,0.988583
B,0.9333,R_LittleIntermediate,0.000000,0.000000,0.030387,0.233501,0.032152,-0.058195,0.970081
B,0.9333,R_LittleDistal,0.000000,0.000000,0.020091,0.050806,-0.049067,0.000902,0.997502
B,0.9333,R_LittleTip,-0.000244,0.001203,0.021684,0.000000,0.000000,0.000000,1.000000
B,0.9333,R_MiddleMetacarpal,-0.004485,-0.006534,0.032880,0.000000,0.000000,0.000000,1.000000
B,0.9333,R_MiddleProximal,0.002778,0.004018,0.061728,0.019328,0.075637,-0.006953,0.996924
B,0.9333,R_MiddleIntermediate,0.000000,0.000000,0.042461,0.144012,0.002692,-0.012051,0.989499
B,0.9333,R_MiddleDistal,0.000000,0.000000,0.027250,-0.001329,0.000611,-0.043495,0.999053
B,0.9333,R_MiddleTip,0.000305,0.001125,0.024694,0.000000,0.000000,0.000000,1.000000
B,0.9333,R_Palm,-0.003096,-0.004525,0.063744,0.000000,0.000000,0.000000,1.000000
B,0.9333,R_RingMetacarpal,0.014830,-0.005951,0.034398,0.000000,0.000000,0.000000,1.000000
B,0.9333,R_RingProximal,0.002446,-0.000508,0.053333,-0.034654,0.106710,-0.045171,0.992659
B,0.9333,R_RingIntermediate,0.000000,0.000000,0.038573,0.168161,-0.002698,-0.037261,0.985052
B,0.9333,R_RingDistal,0.000000,0.000000,0.026285,0.069814,-0.029558,-0.007917,0.997091
B,0.9333,R_RingTip,0.000255,0.001591,0.024062,0.000000,0.000000,0.000000,1.000000
B,0.9333,R_ThumbMetacarpal,-0.031718,-0.011786,0.032057,-0.106299,-0.470108,0.517716,0.706874
B,0.9333,R_ThumbProximal,0.000000,0.000000,0.032160,0.164426,0.055553,-0.082428,0.981368
B,0.9333,R_ThumbDistal,0.000000,0.000000,0.033426,-0.049519,-0.064324,0.083344,0.993209
B,0.9333,R_ThumbTip,0.000663,0.001016,0.024324,0.000000,0.000000,0.000000,1.000000
B,1.0000,R_Wrist,-0.001414,1.486314,0.584963,-0.491586,-0.292580,-0.221461,0.789744
B,1.0000,R_IndexMetacarpal,-0.020518,-0.007340,0.035019,0.000000,0.000000,0.000000,1.000000
B,1.0000,R_IndexProximal,-0.002777,0.000103,0.059935,-0.023183,-0.001154,0.028368,0.999328
B,1.0000,R_IndexIntermediate,0.000000,0.000000,0.037516,0.148891,0.003273,-0.026319,0.988498
B,1.0000,R_IndexDistal,0.000000,0.000000,0.024040,0.020364,0.025691,-0.016548,0.999326
B,1.0000,R_IndexTip,0.000292,0.001014,0.022121,0.000000,0.000000,0.000000,1.000000
B,1.0000,R_LittleMetacarpal,0.022749,-0.009318,0.033704,0.018312,0.140343,-0.207036,0.968042
B,1.0000,R_LittleProximal,-0.000002,-0.000001,0.045155,-0.107869,0.027957,0.101423,0.988583
B,1.0000,R_LittleIntermediate,0.000000,0.000000,0.030387,0.233501,0.032152,-0.058195,0.970081
B,1.0000,R_LittleDistal,0.000000,0.000000,0.020091,0.050806,-0.049067,0.000902,0.997502
B,1.0000,R_LittleTip,-0.000244,0.001203,0.021684,0.000000,0.000000,0.000000,1.000000
B,1.0000,R_MiddleMetacarpal,-0.004485,-0.006534,0.032880,0.000000,0.000000,0.000000,1.000000
B,1.0000,R_MiddleProximal,0.002778,0.004018,0.061728,0.019328,0.075637,-0.006953,0.996924
B,1.0000,R_MiddleIntermediate,0.000000,0.000000,0.042461,0.144012,0.002692,-0.012051,0.989499
B,1.0000,R_MiddleDistal,0.000000,0.000000,0.027250,-0.001329,0.000611,-0.043495,0.999053
B,1.0000,R_MiddleTip,0.000305,0.001125,0.024694,0.000000,0.000000,0.000000,1.000000
B,1.0000,R_Palm,-0.003096,-0.004525,0.063744,0.000000,0.000000,0.000000,1.000000
B,1.0000,R_RingMetacarpal,0.014830,-0.005951,0.034398,0.000000,0.000000,0.000000,1.000000
B,1.0000,R_RingProximal,0.002446,-0.000508,0.053333,-0.034654,0.106710,-0.045171,0.992659
B,1.0000,R_RingIntermediate,0.000000,0.000000,0.038573,0.168161,-0.002698,-0.037261,0.985052
B,1.0000,R_RingDistal,0.000000,0.000000,0.026285,0.069814,-0.029558,-0.007917,0.997091
B,1.0000,R_RingTip,0.000255,0.001591,0.024062,0.000000,0.000000,0.000000,1.000000
B,1.0000,R_ThumbMetacarpal,-0.031718,-0.011786,0.032057,-0.106299,-0.470108,0.517716,0.706874
B,1.0000,R_ThumbProximal,0.000000,0.000000,0.032160,0.164426,0.055554,-0.082428,0.981368
B,1.0000,R_ThumbDistal,0.000000,0.000000,0.033426,-0.049519,-0.064324,0.083344,0.993209
B,1.0000,R_ThumbTip,0.000663,0.001016,0.024324,0.000000,0.000000,0.000000,1.000000
B,1.0667,R_Wrist,-0.001414,1.486313,0.584963,-0.491586,-0.292580,-0.221461,0.789744
B,1.0667,R_IndexMetacarpal,-0.020518,-0.007340,0.035019,0.000000,0.000000,0.000000,1.000000
B,1.0667,R_IndexProximal,-0.002777,0.000103,0.059935,-0.023183,-0.001154,0.028368,0.999328
B,1.0667,R_IndexIntermediate,0.000000,0.000000,0.037515,0.148891,0.003273,-0.026319,0.988498
B,1.0667,R_IndexDistal,0.000000,0.000000,0.024040,0.020364,0.025691,-0.016548,0.999326
B,1.0667,R_IndexTip,0.000292,0.001014,0.022121,0.000000,0.000000,0.000000,1.000000
B,1.0667,R_LittleMetacarpal,0.022749,-0.009318,0.033704,0.018312,0.140343,-0.207036,0.968042
B,1.0667,R_LittleProximal,-0.000002,-0.000001,0.045155,-0.107869,0.027957,0.101423,0.988583
B,1.0667,R_LittleIntermediate,0.000000,0.000000,0.030387,0.233501,0.032152,-0.058195,0.970081
B,1.0667,R_LittleDistal,0.000000,0.000000,0.020091,0.050806,-0.049067,0.000902,0.997502
B,1.0667,R_LittleTip,-0.000244,0.001203,0.021684,0.000000,0.000000,0.000000,1.000000
B,1.0667,R_MiddleMetacarpal,-0.004485,-0.006534,0.032880,0.000000,0.000000,0.000000,1.000000
B,1.0667,R_MiddleProximal,0.002778,0.004018,0.061728,0.019328,0.075637,-0.006953,0.996924
B,1.0667,R_MiddleIntermediate,0.000000,0.000000,0.042461,0.144012,0.002692,-0.012051,0.989499
B,1.0667,R_MiddleDistal,0.000000,0.000000,0.027250,-0.001329,0.000611,-0.043495,0.999053
B,1.0667,R_MiddleTip,0.000305,0.001125,0.024694,0.000000,0.000000,0.000000,1.000000
B,1.0667,R_Palm,-0.003096,-0.004525,0.063744,0.000000,0.000000,0.000000,1.000000
B,1.0667,R_RingMetacarpal,0.014830,-0.005951,0.034398,0.000000,0.000000,0.000000,1.000000
B,1.0667,R_RingProximal,0.002446,-0.000508,0.053333,-0.034654,0.106710,-0.045171,0.992659
B,1.0667,R_RingIntermediate,0.000000,0.000000,0.038573,0.168161,-0.002698,-0.037261,0.985051
B,1.0667,R_RingDistal,0.000000,0.000000,0.026285,0.069814,-0.029558,-0.007917,0.997091
B,1.0667,R_RingTip,0.000255,0.001591,0.024062,0.000000,0.000000,0.000000,1.000000
B,1.0667,R_ThumbMetacarpal,-0.031718,-0.011786,0.032057,-0.106299,-0.470108,0.517716,0.706874
B,1.0667,R_ThumbProximal,0.000000,0.000000,0.032160,0.164426,0.055554,-0.082428,0.981368
B,1.0667,R_ThumbDistal,0.000000,0.000000,0.033426,-0.049519,-0.064324,0.083344,0.993209
B,1.0667,R_ThumbTip,0.000663,0.001016,0.024324,0.000000,0.000000,0.000000,1.000000
B,1.1333,R_Wrist,-0.001414,1.486313,0.584964,-0.491586,-0.292580,-0.221461,0.789744
B,1.1333,R_IndexMetacarpal,-0.020518,-0.007340,0.035019,0.000000,0.000000,0.000000,1.000000
B,1.1333,R_IndexProximal,-0.002777,0.000103,0.059935,-0.023183,-0.001154,0.028368,0.999328
B,1.1333,R_IndexIntermediate,0.000000,0.000000,0.037516,0.148891,0.003273,-0.026319,0.988498
B,1.1333,R_IndexDistal,0.000000,0.000000,0.024040,0.020364,0.025691,-0.016548,0.999326
B,1.1333,R_IndexTip,0.000292,0.001014,0.022121,0.000000,0.000000,0.000000,1.000000
B,1.1333,R_LittleMetacarpal,0.022749,-0.009318,0.033704,0.018312,0.140343,-0.207036,0.968042
B,1.1333,R_LittleProximal,-0.000002,-0.000001,0.045155,-0.107869,0.027957,0.101423,0.988583
B,1.1333,R_LittleIntermediate,0.000000,0.000000,0.030387,0.233501,0.032152,-0.058195,0.970081
B,1.1333,R_LittleDistal,0.000000,0.000000,0.020091,0.050806,-0.049067,0.000902,0.997502
B,1.1333,R_LittleTip,-0.000244,0.001203,0.021684,0.000000,0.000000,0.000000,1.000000
B,1.1333,R_MiddleMetacarpal,-0.004485,-0.006534,0.032880,0.000000,0.000000,0.000000,1.000000
B,1.1333,R_MiddleProximal,0.002778,0.004018,0.061728,0.019328,0.075637,-0.006953,0.996924
B,1.1333,R_MiddleIntermediate,0.000000,0.000000,0.042461,0.144011,0.002692,-0.012051,0.989499
B,1.1333,R_MiddleDistal,0.000000,0.000000,0.027251,-0.001329,0.000611,-0.043495,0.999053
B,1.1333,R_MiddleTip,0.000305,0.001125,0.024694,0.000000,0.000000,0.000000,1.000000
B,1.1333,R_Palm,-0.003096,-0.004525,0.063744,0.000000,0.000000,0.000000,1.000000
B,1.1333,R_RingMetacarpal,0.014830,-0.005951,0.034398,0.000000,0.000000,0.000000,1.000000
B,1.1333,R_RingProximal,0.002446,-0.000508,0.053333,-0.034654,0.106710,-0.045171,0.992659
B,1.1333,R_RingIntermediate,0.000000,0.000000,0.038573,0.168161,-0.002698,-0.037261,0.985052
B,1.1333,R_RingDistal,0.000000,0.000000,0.026285,0.069814,-0.029558,-0.007917,0.997091
B,1.1333,R_RingTip,0.000255,0.001591,0.024062,0.000000,0.000000,0.000000,1.000000
B,1.1333,R_ThumbMetacarpal,-0.031718,-0.011786,0.032057,-0.106299,-0.470108,0.517716,0.706874
B,1.1333,R_ThumbProximal,0.000000,0.000000,0.032160,0.164426,0.055553,-0.082428,0.981368
B,1.1333,R_ThumbDistal,0.000000,0.000000,0.033426,-0.049519,-0.064324,0.083344,0.993209
B,1.1333,R_ThumbTip,0.000663,0.001016,0.024324,0.000000,0.000000,0.000000,1.000000
B,1.2000,R_Wrist,-0.001414,1.486313,0.584964,-0.491586,-0.292580,-0.221461,0.789744
B,1.2000,R_IndexMetacarpal,-0.020518,-0.007340,0.035019,0.000000,0.000000,0.000000,1.000000
B,1.2000,R_IndexProximal,-0.002777,0.000103,0.059935,-0.023183,-0.001154,0.028368,0.999328
B,1.2000,R_IndexIntermediate,0.000000,0.000000,0.037516,0.148891,0.003273,-0.026319,0.988498
B,1.2000,R_IndexDistal,0.000000,0.000000,0.024040,0.020364,0.025691,-0.016548,0.999326
B,1.2000,R_IndexTip,0.000292,0.001014,0.022120,0.000000,0.000000,0.000000,1.000000
B,1.2000,R_LittleMetacarpal,0.022749,-0.009318,0.033704,0.018312,0.140343,-0.207036,0.968042
B,1.2000,R_LittleProximal,-0.000002,-0.000001,0.045155,-0.107869,0.027957,0.101423,0.988583
B,1.2000,R_LittleIntermediate,0.000000,0.000000,0.030387,0.233501,0.032152,-0.058195,0.970081
B,1.2000,R_LittleDistal,0.000000,0.000000,0.020091,0.050806,-0.049067,0.000902,0.997502
B,1.2000,R_LittleTip,-0.000244,0.001203,0.021684,0.000000,0.000000,0.000000,1.000000
B,1.2000,R_MiddleMetacarpal,-0.004485,-0.006534,0.032880,0.000000,0.000000,0.000000,1.000000
B,1.2000,R_MiddleProximal,0.002778,0.004018,0.061728,0.019328,0.075637,-0.006953,0.996924
B,1.2000,R_MiddleIntermediate,0.000000,0.000000,0.042461,0.144012,0.002692,-0.012051,0.989499
B,1.2000,R_MiddleDistal,0.000000,0.000000,0.027251,-0.001329,0.000611,-0.043495,0.999053
B,1.2000,R_MiddleTip,0.000305,0.001125,0.024694,0.000000,0.000000,0.000000,1.000000
B,1.2000,R_Palm,-0.003096,-0.004525,0.063744,0.000000,0.000000,0.000000,1.000000
B,1.2000,R_RingMetacarpal,0.014830,-0.005951,0.034398,0.000000,0.000000,0.000000,1.000000
B,1.2000,R_RingProximal,0.002446,-0.000508,0.053333,-0.034654,0.106710,-0.045171,0.992659
B,1.2000,R_RingIntermediate,0.000000,0.000000,0.038573,0.168161,-0.002698,-0.037261,0.985052
B,1.2000,R_RingDistal,0.000000,0.000000,0.026285,0.069814,-0.029558,-0.007917,0.997091
B,1.2000,R_RingTip,0.000255,0.001591,0.024062,0.000000,0.000000,0.000000,1.000000
B,1.2000,R_ThumbMetacarpal,-0.031718,-0.011786,0.032057,-0.106299,-0.470108,0.517716,0.706874
B,1.2000,R_ThumbProximal,0.000000,0.000000,0.032160,0.164426,0.055553,-0.082428,0.981368
B,1.2000,R_ThumbDistal,0.000000,0.000000,0.033426,-0.049519,-0.064324,0.083344,0.993209
B,1.2000,R_ThumbTip,0.000663,0.001016,0.024324,0.000000,0.000000,0.000000,1.000000
B,1.2667,R_Wrist,-0.001414,1.486313,0.584964,-0.491586,-0.292580,-0.221461,0.789744
B,1.2667,R_IndexMetacarpal,-0.020518,-0.007340,0.035019,0.000000,0.000000,0.000000,1.000000
B,1.2667,R_IndexProximal,-0.002777,0.000103,0.059935,-0.023183,-0.001154,0.028368,0.999328
B,1.2667,R_IndexIntermediate,0.000000,0.000000,0.037516,0.148891,0.003273,-0.026319,0.988498
B,1.2667,R_IndexDistal,0.000000,0.000000,0.024040,0.020364,0.025691,-0.016548,0.999326
B,1.2667,R_IndexTip,0.000292,0.001014,0.022121,0.000000,0.000000,0.000000,1.000000
B,1.2667,R_LittleMetacarpal,0.022749,-0.009318,0.033704,0.018312,0.140343,-0.207036,0.968042
B,1.2667,R_LittleProximal,-0.000002,-0.000001,0.045155,-0.107869,0.027957,0.101423,0.988583
B,1.2667,R_LittleIntermediate,0.000000,0.000000,0.030387,0.233501,0.032152,-0.058195,0.970081
B,1.2667,R_LittleDistal,0.000000,0.000000,0.020091,0.050806,-0.049067,0.000902,0.997502
B,1.2667,R_LittleTip,-0.000244,0.001203,0.021684,0.000000,0.000000,0.000000,1.000000
B,1.2667,R_MiddleMetacarpal,-0.004485,-0.006534,0.032880,0.000000,0.000000,0.000000,1.000000
B,1.2667,R_MiddleProximal,0.002778,0.004018,0.061728,0.019328,0.075637,-0.006953,0.996924
B,1.2667,R_MiddleIntermediate,0.000000,0.000000,0.042461,0.144012,0.002692,-0.012051,0.989499
B,1.2667,R_MiddleDistal,0.000000,0.000000,0.027251,-0.001329,0.000611,-0.043495,0.999053
B,1.2667,R_MiddleTip,0.000305,0.001125,0.024694,0.000000,0.000000,0.000000,1.000000
B,1.2667,R_Palm,-0.003096,-0.004525,0.063744,0.000000,0.000000,0.000000,1.000000
B,1.2667,R_RingMetacarpal,0.014830,-0.005951,0.034398,0.000000,0.000000,0.000000,1.000000
B,1.2667,R_RingProximal,0.002446,-0.000508,0.053333,-0.034654,0.106710,-0.045171,0.992659
B,1.2667,R_RingIntermediate,0.000000,0.000000,0.038573,0.168161,-0.002698,-0.037262,0.985052
B,1.2667,R_RingDistal,0.000000,0.000000,0.026285,0.069814,-0.029558,-0.007917,0.997091
B,1.2667,R_RingTip,0.000255,0.001591,0.024062,0.000000,0.000000,0.000000,1.000000
B,1.2667,R_ThumbMetacarpal,-0.031718,-0.011786,0.032057,-0.106299,-0.470108,0.517716,0.706874
B,1.2667,R_ThumbProximal,0.000000,0.000000,0.032160,0.164426,0.055553,-0.082428,0.981368
B,1.2667,R_ThumbDistal,0.000000,0.000000,0.033426,-0.049519,-0.064324,0.083344,0.993209
B,1.2667,R_ThumbTip,0.000663,0.001016,0.024324,0.000000,0.000000,0.000000,1.000000
B,1.3333,R_Wrist,-0.001414,1.486312,0.584965,-0.491586,-0.292580,-0.221461,0.789744
B,1.3333,R_IndexMetacarpal,-0.020518,-0.007340,0.035019,0.000000,0.000000,0.000000,1.000000
B,1.3333,R_IndexProximal,-0.002777,0.000103,0.059935,-0.023183,-0.001154,0.028369,0.999328
B,1.3333,R_IndexIntermediate,0.000000,0.000000,0.037516,0.148891,0.003273,-0.026319,0.988498
B,1.3333,R_IndexDistal,0.000000,0.000000,0.024040,0.020364,0.025691,-0.016548,0.999326
B,1.3333,R_IndexTip,0.000292,0.001014,0.022120,0.000000,0.000000,0.000000,1.000000
B,1.3333,R_LittleMetacarpal,0.022749,-0.009318,0.033704,0.018312,0.140343,-0.207036,0.968042
B,1.3333,R_LittleProximal,-0.000002,-0.000001,0.045155,-0.107869,0.027957,0.101423,0.988583
B,1.3333,R_LittleIntermediate,0.000000,0.000000,0.030387,0.233501,0.032152,-0.058195,0.970081
B,1.3333,R_LittleDistal,0.000000,0.000000,0.020091,0.050806,-0.049067,0.000902,0.997502
B,1.3333,R_LittleTip,-0.000244,0.001203,0.021684,0.000000,0.000000,0.000000,1.000000
B,1.3333,R_MiddleMetacarpal,-0.004485,-0.006534,0.032880,0.000000,0.000000,0.000000,1.000000
B,1.3333,R_MiddleProximal,0.002778,0.004018,0.061728,0.019328,0.075637,-0.006953,0.996924
B,1.3333,R_MiddleIntermediate,0.000000,0.000000,0.042461,0.144012,0.002692,-0.012051,0.989499
B,1.3333,R_MiddleDistal,0.000000,0.000000,0.027251,-0.001329,0.000611,-0.043495,0.999053
B,1.3333,R_MiddleTip,0.000305,0.001125,0.024694,0.000000,0.000000,0.000000,1.000000
B,1.3333,R_Palm,-0.003096,-0.004525,0.063744,0.000000,0.000000,0.000000,1.000000
B,1.3333,R_RingMetacarpal,0.014830,-0.005951,0.034398,0.000000,0.000000,0.000000,1.000000
B,1.3333,R_RingProximal,0.002446,-0.000508,0.053333,-0.034654,0.106710,-0.045171,0.992659
B,1.3333,R_RingIntermediate,0.000000,0.000000,0.038573,0.168161,-0.002698,-0.037261,0.985052
B,1.3333,R_RingDistal,0.000000,0.000000,0.026285,0.069814,-0.029558,-0.007917,0.997091
B,1.3333,R_RingTip,0.000255,0.001591,0.024062,0.000000,0.000000,0.000000,1.000000
B,1.3333,R_ThumbMetacarpal,-0.031718,-0.011786,0.032057,-0.106299,-0.470108,0.517716,0.706874
B,1.3333,R_ThumbProximal,0.000000,0.000000,0.032160,0.164426,0.055554,-0.082428,0.981368
B,1.3333,R_ThumbDistal,0.000000,0.000000,0.033426,-0.049519,-0.064324,0.083344,0.993209
B,1.3333,R_ThumbTip,0.000663,0.001016,0.024324,0.000000,0.000000,0.000000,1.000000
B,1.4000,R_Wrist,-0.001414,1.486312,0.584965,-0.491586,-0.292580,-0.221461,0.789744
B,1.4000,R_IndexMetacarpal,-0.020518,-0.007340,0.035019,0.000000,0.000000,0.000000,1.000000
B,1.4000,R_IndexProximal,-0.002777,0.000103,0.059935,-0.023183,-0.001154,0.028368,0.999328
B,1.4000,R_IndexIntermediate,0.000000,0.000000,0.037516,0.148891,0.003273,-0.026319,0.988498
B,1.4000,R_IndexDistal,0.000000,0.000000,0.024040,0.020364,0.025691,-0.016548,0.999326
B,1.4000,R_IndexTip,0.000292,0.001014,0.022121,0.000000,0.000000,0.000000,1.000000
B,1.4000,R_LittleMetacarpal,0.022749,-0.009318,0.033704,0.018312,0.140343,-0.207036,0.968042
B,1.4000,R_LittleProximal,-0.000002,-0.000001,0.045155,-0.107869,0.027957,0.101423,0.988583
B,1.4000,R_LittleIntermediate,0.000000,0.000000,0.030387,0.233501,0.032152,-0.058195,0.970081
B,1.4000,R_LittleDistal,0.000000,0.000000,0.020091,0.050806,-0.049067,0.000902,0.997502
B,1.4000,R_LittleTip,-0.000244,0.001203,0.021684,0.000000,0.000000,0.000000,1.000000
B,1.4000,R_MiddleMetacarpal,-0.004485,-0.006534,0.032880,0.000000,0.000000,0.000000,1.000000
B,1.4000,R_MiddleProximal,0.002778,0.004018,0.061728,0.019328,0.075637,-0.006953,0.996924
B,1.4000,R_MiddleIntermediate,0.000000,0.000000,0.042461,0.144011,0.002692,-0.012051,0.989499
B,1.4000,R_MiddleDistal,0.000000,0.000000,0.027251,-0.001329,0.000611,-0.043495,0.999053
B,1.4000,R_MiddleTip,0.000305,0.001125,0.024694,0.000000,0.000000,0.000000,1.000000
B,1.4000,R_Palm,-0.003096,-0.004525,0.063744,0.000000,0.000000,0.000000,1.000000
B,1.4000,R_RingMetacarpal,0.014830,-0.005951,0.034398,0.000000,0.000000,0.000000,1.000000
B,1.4000,R_RingProximal,0.002446,-0.000508,0.053333,-0.034654,0.106710,-0.045171,0.992659
B,1.4000,R_RingIntermediate,0.000000,0.000000,0.038573,0.168161,-0.002698,-0.037261,0.985052
B,1.4000,R_RingDistal,0.000000,0.000000,0.026285,0.069814,-0.029558,-0.007917,0.997091
B,1.4000,R_RingTip,0.000255,0.001591,0.024062,0.000000,0.000000,0.000000,1.000000
B,1.4000,R_ThumbMetacarpal,-0.031718,-0.011786,0.032057,-0.106299,-0.470108,0.517716,0.706874
B,1.4000,R_ThumbProximal,0.000000,0.000000,0.032160,0.164426,0.055553,-0.082428,0.981368
B,1.4000,R_ThumbDistal,0.000000,0.000000,0.033426,-0.049519,-0.064324,0.083344,0.993209
B,1.4000,R_ThumbTip,0.000663,0.001016,0.024324,0.000000,0.000000,0.000000,1.000000
B,1.4667,R_Wrist,-0.001414,1.486311,0.584965,-0.491586,-0.292580,-0.221461,0.789744
B,1.4667,R_IndexMetacarpal,-0.020518,-0.007340,0.035019,0.000000,0.000000,0.000000,1.000000
B,1.4667,R_IndexProximal,-0.002777,0.000103,0.059935,-0.023183,-0.001154,0.028369,0.999328
B,1.4667,R_IndexIntermediate,0.000000,0.000000,0.037516,0.148891,0.003273,-0.026319,0.988498
B,1.4667,R_IndexDistal,0.000000,0.000000,0.024040,0.020364,0.025691,-0.016548,0.999326
B,1.4667,R_IndexTip,0.000292,0.001014,0.022121,0.000000,0.000000,0.000000,1.000000
B,1.4667,R_LittleMetacarpal,0.022749,-0.009318,0.033704,0.018312,0.140343,-0.207036,0.968042
B,1.4667,R_LittleProximal,-0.000002,-0.000001,0.045155,-0.107869,0.027957,0.101423,0.988583
B,1.4667,R_LittleIntermediate,0.000000,0.000000,0.030387,0.233501,0.032152,-0.058195,0.970081
B,1.4667,R_LittleDistal,0.000000,0.000000,0.020091,0.050806,-0.049067,0.000902,0.997502
B,1.4667,R_LittleTip,-0.000244,0.001203,0.021684,0.000000,0.000000,0.000000,1.000000
B,1.4667,R_MiddleMetacarpal,-0.004485,-0.006534,0.032880,0.000000,0.000000,0.000000,1.000000
B,1.4667,R_MiddleProximal,0.002778,0.004018,0.061728,0.019328,0.075637,-0.006953,0.996924
B,1.4667,R_MiddleIntermediate,0.000000,0.000000,0.042461,0.144012,0.002692,-0.012051,0.989499
B,1.4667,R_MiddleDistal,0.000000,0.000000,0.027251,-0.001329,0.000611,-0.043495,0.999053
B,1.4667,R_MiddleTip,0.000305,0.001125,0.024694,0.000000,0.000000,0.000000,1.000000
B,1.4667,R_Palm,-0.003096,-0.004525,0.063744,0.000000,0.000000,0.000000,1.000000
B,1.4667,R_RingMetacarpal,0.014830,-0.005951,0.034398,0.000000,0.000000,0.000000,1.000000
B,1.4667,R_RingProximal,0.002446,-0.000508,0.053333,-0.034654,0.106710,-0.045171,0.992659
B,1.4667,R_RingIntermediate,0.000000,0.000000,0.038573,0.168161,-0.002698,-0.037261,0.985052
B,1.4667,R_RingDistal,0.000000,0.000000,0.026285,0.069814,-0.029558,-0.007917,0.997091
B,1.4667,R_RingTip,0.000255,0.001591,0.024062,0.000000,0.000000,0.000000,1.000000
B,1.4667,R_ThumbMetacarpal,-0.031718,-0.011786,0.032057,-0.106299,-0.470108,0.517716,0.706874
B,1.4667,R_ThumbProximal,0.000000,0.000000,0.032160,0.164426,0.055554,-0.082428,0.981368
B,1.4667,R_ThumbDistal,0.000000,0.000000,0.033426,-0.049519,-0.064324,0.083344,0.993209
B,1.4667,R_ThumbTip,0.000663,0.001016,0.024324,0.000000,0.000000,0.000000,1.000000
B,1.5333,R_Wrist,-0.001414,1.486311,0.584966,-0.491586,-0.292580,-0.221461,0.789744
B,1.5333,R_IndexMetacarpal,-0.020518,-0.007340,0.035019,0.000000,0.000000,0.000000,1.000000
B,1.5333,R_IndexProximal,-0.002777,0.000103,0.059935,-0.023183,-0.001154,0.028369,0.999328
B,1.5333,R_IndexIntermediate,0.000000,0.000000,0.037516,0.148891,0.003273,-0.026319,0.988498
B,1.5333,R_IndexDistal,0.000000,0.000000,0.024040,0.020364,0.025691,-0.016548,0.999326
B,1.5333,R_IndexTip,0.000292,0.001014,0.022121,0.000000,0.000000,0.000000,1.000000
B,1.5333,R_LittleMetacarpal,0.022749,-0.009318,0.033704,0.018312,0.140343,-0.207036,0.968042
B,1.5333,R_LittleProximal,-0.000002,-0.000001,0.045155,-0.107869,0.027957,0.101423,0.988583
B,1.5333,R_LittleIntermediate,0.000000,0.000000,0.030387,0.233501,0.032152,-0.058195,0.970081
B,1.5333,R_LittleDistal,0.000000,0.000000,0.020091,0.050806,-0.049067,0.000902,0.997502
B,1.5333,R_LittleTip,-0.000244,0.001203,0.021684,0.000000,0.000000,0.000000,1.000000
B,1.5333,R_MiddleMetacarpal,-0.004485,-0.006534,0.032880,0.000000,0.000000,0.000000,1.000000
B,1.5333,R_MiddleProximal,0.002778,0.004018,0.061728,0.019328,0.075637,-0.006953,0.996924
B,1.5333,R_MiddleIntermediate,0.000000,0.000000,0.042461,0.144011,0.002692,-0.012051,0.989499
B,1.5333,R_MiddleDistal,0.000000,0.000000,0.027251,-0.001329,0.000611,-0.043495,0.999053
B,1.5333,R_MiddleTip,0.000305,0.001125,0.024694,0.000000,0.000000,0.000000,1.000000
B,1.5333,R_Palm,-0.003096,-0.004525,0.063744,0.000000,0.000000,0.000000,1.000000
B,1.5333,R_RingMetacarpal,0.014830,-0.005951,0.034398,0.000000,0.000000,0.000000,1.000000
B,1.5333,R_RingProximal,0.002446,-0.000508,0.053333,-0.034654,0.106710,-0.045171,0.992659
B,1.5333,R_RingIntermediate,0.000000,0.000000,0.038573,0.168161,-0.002698,-0.037261,0.985052
B,1.5333,R_RingDistal,0.000000,0.000000,0.026285,0.069814,-0.029558,-0.007917,0.997091
B,1.5333,R_RingTip,0.000255,0.001591,0.024062,0.000000,0.000000,0.000000,1.000000
B,1.5333,R_ThumbMetacarpal,-0.031718,-0.011786,0.032057,-0.106299,-0.470108,0.517716,0.706874
B,1.5333,R_ThumbProximal,0.000000,0.000000,0.032160,0.164426,0.055554,-0.082428,0.981368
B,1.5333,R_ThumbDistal,0.000000,0.000000,0.033426,-0.049519,-0.064324,0.083344,0.993209
B,1.5333,R_ThumbTip,0.000663,0.001016,0.024324,0.000000,0.000000,0.000000,1.000000
B,1.6000,R_Wrist,-0.001414,1.486311,0.584966,-0.491586,-0.292580,-0.221461,0.789744
B,1.6000,R_IndexMetacarpal,-0.020518,-0.007340,0.035019,0.000000,0.000000,0.000000,1.000000
B,1.6000,R_IndexProximal,-0.002777,0.000103,0.059935,-0.023183,-0.001154,0.028369,0.999328
B,1.6000,R_IndexIntermediate,0.000000,0.000000,0.037516,0.148891,0.003273,-0.026319,0.988498
B,1.6000,R_IndexDistal,0.000000,0.000000,0.024040,0.020364,0.025691,-0.016548,0.999326
B,1.6000,R_IndexTip,0.000292,0.001014,0.022121,0.000000,0.000000,0.000000,1.000000
B,1.6000,R_LittleMetacarpal,0.022749,-0.009318,0.033704,0.018312,0.140343,-0.207036,0.968042
B,1.6000,R_LittleProximal,-0.000002,-0.000001,0.045155,-0.107869,0.027957,0.101423,0.988583
B,1.6000,R_LittleIntermediate,0.000000,0.000000,0.030387,0.233501,0.032152,-0.058195,0.970081
B,1.6000,R_LittleDistal,0.000000,0.000000,0.020091,0.050806,-0.049067,0.000902,0.997502
B,1.6000,R_LittleTip,-0.000244,0.001203,0.021685,0.000000,0.000000,0.000000,1.000000
B,1.6000,R_MiddleMetacarpal,-0.004485,-0.006534,0.032880,0.000000,0.000000,0.000000,1.000000
B,1.6000,R_MiddleProximal,0.002778,0.004018,0.061728,0.019328,0.075637,-0.006953,0.996924
B,1.6000,R_MiddleIntermediate,0.000000,0.000000,0.042461,0.144012,0.002692,-0.012051,0.989499
B,1.6000,R_MiddleDistal,0.000000,0.000000,0.027251,-0.001329,0.000611,-0.043495,0.999053
B,1.6000,R_MiddleTip,0.000305,0.001125,0.024694,0.000000,0.000000,0.000000,1.000000
B,1.6000,R_Palm,-0.003096,-0.004525,0.063744,0.000000,0.000000,0.000000,1.000000
B,1.6000,R_RingMetacarpal,0.014830,-0.005951,0.034398,0.000000,0.000000,0.000000,1.000000
B,1.6000,R_RingProximal,0.002446,-0.000508,0.053333,-0.034654,0.106710,-0.045171,0.992659
B,1.6000,R_RingIntermediate,0.000000,0.000000,0.038573,0.168161,-0.002698,-0.037261,0.985052
B,1.6000,R_RingDistal,0.000000,0.000000,0.026285,0.069814,-0.029558,-0.007917,0.997091
B,1.6000,R_RingTip,0.000255,0.001591,0.024062,0.000000,0.000000,0.000000,1.000000
B,1.6000,R_ThumbMetacarpal,-0.031719,-0.011786,0.032057,-0.106299,-0.470108,0.517716,0.706874
B,1.6000,R_ThumbProximal,0.000000,0.000000,0.032160,0.164426,0.055554,-0.082428,0.981368
B,1.6000,R_ThumbDistal,0.000000,0.000000,0.033426,-0.049519,-0.064324,0.083344,0.993209
B,1.6000,R_ThumbTip,0.000663,0.001016,0.024324,0.000000,0.000000,0.000000,1.000000
B,1.6667,R_Wrist,-0.001414,1.486310,0.584966,-0.491586,-0.292580,-0.221461,0.789744
B,1.6667,R_IndexMetacarpal,-0.020518,-0.007340,0.035019,0.000000,0.000000,0.000000,1.000000
B,1.6667,R_IndexProximal,-0.002777,0.000103,0.059935,-0.023183,-0.001154,0.028369,0.999328
B,1.6667,R_IndexIntermediate,0.000000,0.000000,0.037516,0.148891,0.003273,-0.026319,0.988498
B,1.6667,R_IndexDistal,0.000000,0.000000,0.024040,0.020364,0.025691,-0.016548,0.999326
B,1.6667,R_IndexTip,0.000292,0.001014,0.022121,0.000000,0.000000,0.000000,1.000000
B,1.6667,R_LittleMetacarpal,0.022749,-0.009318,0.033704,0.018312,0.140343,-0.207036,0.968042
B,1.6667,R_LittleProximal,-0.000002,-0.000001,0.045155,-0.107869,0.027957,0.101423,0.988583
B,1.6667,R_LittleIntermediate,0.000000,0.000000,0.030387,0.233501,0.032152,-0.058195,0.970081
B,1.6667,R_LittleDistal,0.000000,0.000000,0.020091,0.050806,-0.049067,0.000902,0.997502
B,1.6667,R_LittleTip,-0.000244,0.001203,0.021684,0.000000,0.000000,0.000000,1.000000
B,1.6667,R_MiddleMetacarpal,-0.004485,-0.006534,0.032880,0.000000,0.000000,0.000000,1.000000
B,1.6667,R_MiddleProximal,0.002778,0.004018,0.061728,0.019328,0.075637,-0.006953,0.996924
B,1.6667,R_MiddleIntermediate,0.000000,0.000000,0.042461,0.144011,0.002692,-0.012051,0.989499
B,1.6667,R_MiddleDistal,0.000000,0.000000,0.027251,-0.001329,0.000611,-0.043495,0.999053
B,1.6667,R_MiddleTip,0.000305,0.001125,0.024694,0.000000,0.000000,0.000000,1.000000
B,1.6667,R_Palm,-0.003096,-0.004525,0.063744,0.000000,0.000000,0.000000,1.000000
B,1.6667,R_RingMetacarpal,0.014830,-0.005951,0.034398,0.000000,0.000000,0.000000,1.000000
B,1.6667,R_RingProximal,0.002446,-0.000508,0.053333,-0.034654,0.106710,-0.045171,0.992659
B,1.6667,R_RingIntermediate,0.000000,0.000000,0.038573,0.168161,-0.002698,-0.037261,0.985052
B,1.6667,R_RingDistal,0.000000,0.000000,0.026285,0.069814,-0.029558,-0.007917,0.997091
B,1.6667,R_RingTip,0.000255,0.001591,0.024062,0.000000,0.000000,0.000000,1.000000
B,1.6667,R_ThumbMetacarpal,-0.031719,-0.011786,0.032057,-0.106299,-0.470108,0.517716,0.706874
B,1.6667,R_ThumbProximal,0.000000,0.000000,0.032160,0.164426,0.055554,-0.082428,0.981368
B,1.6667,R_ThumbDistal,0.000000,0.000000,0.033426,-0.049519,-0.064324,0.083344,0.993209
B,1.6667,R_ThumbTip,0.000663,0.001016,0.024324,0.000000,0.000000,0.000000,1.000000
B,1.7333,R_Wrist,-0.001414,1.486310,0.584967,-0.491586,-0.292580,-0.221461,0.789744
B,1.7333,R_IndexMetacarpal,-0.020518,-0.007340,0.035019,0.000000,0.000000,0.000000,1.000000
B,1.7333,R_IndexProximal,-0.002777,0.000103,0.059935,-0.023183,-0.001154,0.028369,0.999328
B,1.7333,R_IndexIntermediate,0.000000,0.000000,0.037516,0.148891,0.003273,-0.026319,0.988498
B,1.7333,R_IndexDistal,0.000000,0.000000,0.024040,0.020364,0.025691,-0.016548,0.999326
B,1.7333,R_IndexTip,0.000292,0.001014,0.022121,0.000000,0.000000,0.000000,1.000000
B,1.7333,R_LittleMetacarpal,0.022749,-0.009318,0.033704,0.018312,0.140343,-0.207036,0.968042
B,1.7333,R_LittleProximal,-0.000002,-0.000001,0.045155,-0.107869,0.027957,0.101423,0.988583
B,1.7333,R_LittleIntermediate,0.000000,0.000000,0.030387,0.233501,0.032152,-0.058195,0.970081
B,1.7333,R_LittleDistal,0.000000,0.000000,0.020091,0.050806,-0.049067,0.000902,0.997502
B,1.7333,R_LittleTip,-0.000244,0.001203,0.021685,0.000000,0.000000,0.000000,1.000000
B,1.7333,R_MiddleMetacarpal,-0.004485,-0.006534,0.032880,0.000000,0.000000,0.000000,1.000000
B,1.7333,R_MiddleProximal,0.002778,0.004018,0.061728,0.019328,0.075637,-0.006953,0.996924
B,1.7333,R_MiddleIntermediate,0.000000,0.000000,0.042461,0.144011,0.002692,-0.012051,0.989499
B,1.7333,R_MiddleDistal,0.000000,0.000000,0.027251,-0.001329,0.000611,-0.043495,0.999053
B,1.7333,R_MiddleTip,0.000305,0.001125,0.024694,0.000000,0.000000,0.000000,1.000000
B,1.7333,R_Palm,-0.003096,-0.004525,0.063745,0.000000,0.000000,0.000000,1.000000
B,1.7333,R_RingMetacarpal,0.014830,-0.005951,0.034398,0.000000,0.000000,0.000000,1.000000
B,1.7333,R_RingProximal,0.002446,-0.000508,0.053333,-0.034654,0.106710,-0.045171,0.992659
B,1.7333,R_RingIntermediate,0.000000,0.000000,0.038573,0.168161,-0.002698,-0.037261,0.985052
B,1.7333,R_RingDistal,0.000000,0.000000,0.026285,0.069814,-0.029558,-0.007917,0.997091
B,1.7333,R_RingTip,0.000255,0.001591,0.024062,0.000000,0.000000,0.000000,1.000000
B,1.7333,R_ThumbMetacarpal,-0.031719,-0.011786,0.032057,-0.106299,-0.470108,0.517716,0.706874
B,1.7333,R_ThumbProximal,0.000000,0.000000,0.032160,0.164426,0.055553,-0.082428,0.981368
B,1.7333,R_ThumbDistal,0.000000,0.000000,0.033426,-0.049519,-0.064324,0.083344,0.993209
B,1.7333,R_ThumbTip,0.000663,0.001016,0.024324,0.000000,0.000000,0.000000,1.000000
B,1.8000,R_Wrist,-0.001414,1.486310,0.584967,-0.491586,-0.292580,-0.221461,0.789744
B,1.8000,R_IndexMetacarpal,-0.020518,-0.007340,0.035019,0.000000,0.000000,0.000000,1.000000
B,1.8000,R_IndexProximal,-0.002777,0.000103,0.059935,-0.023183,-0.001154,0.028369,0.999328
B,1.8000,R_IndexIntermediate,0.000000,0.000000,0.037516,0.148891,0.003273,-0.026319,0.988498
B,1.8000,R_IndexDistal,0.000000,0.000000,0.024040,0.020364,0.025691,-0.016548,0.999326
B,1.8000,R_IndexTip,0.000292,0.001014,0.022121,0.000000,0.000000,0.000000,1.000000
B,1.8000,R_LittleMetacarpal,0.022749,-0.009318,0.033704,0.018312,0.140343,-0.207036,0.968042
B,1.8000,R_LittleProximal,-0.000002,-0.000001,0.045155,-0.107869,0.027957,0.101423,0.988583
B,1.8000,R_LittleIntermediate,0.000000,0.000000,0.030387,0.233501,0.032152,-0.058195,0.970081
B,1.8000,R_LittleDistal,0.000000,0.000000,0.020091,0.050806,-0.049067,0.000902,0.997502
B,1.8000,R_LittleTip,-0.000244,0.001203,0.021685,0.000000,0.000000,0.000000,1.000000
B,1.8000,R_MiddleMetacarpal,-0.004485,-0.006534,0.032880,0.000000,0.000000,0.000000,1.000000
B,1.8000,R_MiddleProximal,0.002778,0.004018,0.061728,0.019328,0.075637,-0.006953,0.996924
B,1.8000,R_MiddleIntermediate,0.000000,0.000000,0.042461,0.144012,0.002692,-0.012051,0.989499
B,1.8000,R_MiddleDistal,0.000000,0.000000,0.027251,-0.001329,0.000611,-0.043495,0.999053
B,1.8000,R_MiddleTip,0.000305,0.001125,0.024694,0.000000,0.000000,0.000000,1.000000
B,1.8000,R_Palm,-0.003096,-0.004525,0.063745,0.000000,0.000000,0.000000,1.000000
B,1.8000,R_RingMetacarpal,0.014830,-0.005951,0.034398,0.000000,0.000000,0.000000,1.000000
B,1.8000,R_RingProximal,0.002446,-0.000508,0.053333,-0.034654,0.106710,-0.045171,0.992659
B,1.8000,R_RingIntermediate,0.000000,0.000000,0.038573,0.168161,-0.002698,-0.037261,0.985052
B,1.8000,R_RingDistal,0.000000,0.000000,0.026285,0.069815,-0.029558,-0.007917,0.997091
B,1.8000,R_RingTip,0.000255,0.001591,0.024062,0.000000,0.000000,0.000000,1.000000
B,1.8000,R_ThumbMetacarpal,-0.031719,-0.011786,0.032057,-0.106299,-0.470108,0.517715,0.706874
B,1.8000,R_ThumbProximal,0.000000,0.000000,0.032160,0.164426,0.055553,-0.082428,0.981368
B,1.8000,R_ThumbDistal,0.000000,0.000000,0.033426,-0.049519,-0.064324,0.083344,0.993209
B,1.8000,R_ThumbTip,0.000663,0.001016,0.024324,0.000000,0.000000,0.000000,1.000000
B,1.8667,R_Wrist,-0.001414,1.486309,0.584967,-0.491586,-0.292580,-0.221461,0.789744
B,1.8667,R_IndexMetacarpal,-0.020518,-0.007340,0.035019,0.000000,0.000000,0.000000,1.000000
B,1.8667,R_IndexProximal,-0.002777,0.000103,0.059935,-0.023183,-0.001154,0.028369,0.999328
B,1.8667,R_IndexIntermediate,0.000000,0.000000,0.037516,0.148891,0.003273,-0.026319,0.988498
B,1.8667,R_IndexDistal,0.000000,0.000000,0.024040,0.020364,0.025691,-0.016548,0.999326
B,1.8667,R_IndexTip,0.000292,0.001014,0.022121,0.000000,0.000000,0.000000,1.000000
B,1.8667,R_LittleMetacarpal,0.022749,-0.009318,0.033704,0.018312,0.140343,-0.207036,0.968042
B,1.8667,R_LittleProximal,-0.000002,-0.000001,0.045155,-0.107869,0.027957,0.101423,0.988583
B,1.8667,R_LittleIntermediate,0.000000,0.000000,0.030387,0.233501,0.032152,-0.058195,0.970081
B,1.8667,R_LittleDistal,0.000000,0.000000,0.020091,0.050806,-0.049067,0.000902,0.997502
B,1.8667,R_LittleTip,-0.000244,0.001203,0.021685,0.000000,0.000000,0.000000,1.000000
B,1.8667,R_MiddleMetacarpal,-0.004485,-0.006534,0.032880,0.000000,0.000000,0.000000,1.000000
B,1.8667,R_MiddleProximal,0.002778,0.004018,0.061728,0.019328,0.075637,-0.006953,0.996924
B,1.8667,R_MiddleIntermediate,0.000000,0.000000,0.042461,0.144012,0.002692,-0.012051,0.989499
B,1.8667,R_MiddleDistal,0.000000,0.000000,0.027251,-0.001329,0.000611,-0.043495,0.999053
B,1.8667,R_MiddleTip,0.000305,0.001125,0.024694,0.000000,0.000000,0.000000,1.000000
B,1.8667,R_Palm,-0.003096,-0.004525,0.063745,0.000000,0.000000,0.000000,1.000000
B,1.8667,R_RingMetacarpal,0.014830,-0.005951,0.034398,0.000000,0.000000,0.000000,1.000000
B,1.8667,R_RingProximal,0.002446,-0.000508,0.053333,-0.034654,0.106710,-0.045171,0.992659
B,1.8667,R_RingIntermediate,0.000000,0.000000,0.038573,0.168161,-0.002698,-0.037261,0.985052
B,1.8667,R_RingDistal,0.000000,0.000000,0.026285,0.069814,-0.029558,-0.007917,0.997091
B,1.8667,R_RingTip,0.000255,0.001591,0.024062,0.000000,0.000000,0.000000,1.000000
B,1.8667,R_ThumbMetacarpal,-0.031719,-0.011786,0.032057,-0.106299,-0.470108,0.517716,0.706874
B,1.8667,R_ThumbProximal,0.000000,0.000000,0.032160,0.164426,0.055553,-0.082428,0.981368
B,1.8667,R_ThumbDistal,0.000000,0.000000,0.033426,-0.049519,-0.064324,0.083344,0.993209
B,1.8667,R_ThumbTip,0.000663,0.001016,0.024324,0.000000,0.000000,0.000000,1.000000
B,1.9333,R_Wrist,-0.001414,1.486309,0.584968,-0.491586,-0.292580,-0.221461,0.789744
B,1.9333,R_IndexMetacarpal,-0.020518,-0.007340,0.035019,0.000000,0.000000,0.000000,1.000000
B,1.9333,R_IndexProximal,-0.002777,0.000103,0.059935,-0.023183,-0.001154,0.028369,0.999328
B,1.9333,R_IndexIntermediate,0.000000,0.000000,0.037516,0.148891,0.003273,-0.026319,0.988498
B,1.9333,R_IndexDistal,0.000000,0.000000,0.024040,0.020364,0.025691,-0.016548,0.999326
B,1.9333,R_IndexTip,0.000292,0.001014,0.022121,0.000000,0.000000,0.000000,1.000000
B,1.9333,R_LittleMetacarpal,0.022749,-0.009318,0.033704,0.018312,0.140343,-0.207036,0.968042
B,1.9333,R_LittleProximal,-0.000002,-0.000001,0.045155,-0.107869,0.027957,0.101423,0.988583
B,1.9333,R_LittleIntermediate,0.000000,0.000000,0.030387,0.233501,0.032152,-0.058195,0.970081
B,1.9333,R_LittleDistal,0.000000,0.000000,0.020091,0.050806,-0.049067,0.000902,0.997502
B,1.9333,R_LittleTip,-0.000244,0.001203,0.021685,0.000000,0.000000,0.000000,1.000000
B,1.9333,R_MiddleMetacarpal,-0.004485,-0.006534,0.032880,0.000000,0.000000,0.000000,1.000000
B,1.9333,R_MiddleProximal,0.002778,0.004018,0.061729,0.019328,0.075637,-0.006953,0.996924
B,1.9333,R_MiddleIntermediate,0.000000,0.000000,0.042461,0.144012,0.002692,-0.012051,0.989499
B,1.9333,R_MiddleDistal,0.000000,0.000000,0.027251,-0.001329,0.000611,-0.043495,0.999053
B,1.9333,R_MiddleTip,0.000305,0.001125,0.024694,0.000000,0.000000,0.000000,1.000000
B,1.9333,R_Palm,-0.003096,-0.004525,0.063745,0.000000,0.000000,0.000000,1.000000
B,1.9333,R_RingMetacarpal,0.014830,-0.005951,0.034398,0.000000,0.000000,0.000000,1.000000
B,1.9333,R_RingProximal,0.002446,-0.000508,0.053333,-0.034654,0.106710,-0.045171,0.992659
B,1.9333,R_RingIntermediate,0.000000,0.000000,0.038573,0.168161,-0.002698,-0.037261,0.985052
B,1.9333,R_RingDistal,0.000000,0.000000,0.026285,0.069814,-0.029558,-0.007917,0.997091
B,1.9333,R_RingTip,0.000255,0.001591,0.024062,0.000000,0.000000,0.000000,1.000000
B,1.9333,R_ThumbMetacarpal,-0.031719,-0.011786,0.032057,-0.106299,-0.470108,0.517716,0.706874
B,1.9333,R_ThumbProximal,0.000000,0.000000,0.032160,0.164426,0.055553,-0.082428,0.981368
B,1.9333,R_ThumbDistal,0.000000,0.000000,0.033426,-0.049519,-0.064324,0.083344,0.993209
B,1.9333,R_ThumbTip,0.000663,0.001016,0.024324,0.000000,0.000000,0.000000,1.000000
B,2.0000,R_Wrist,-0.001414,1.486308,0.584968,-0.491586,-0.292580,-0.221461,0.789744
B,2.0000,R_IndexMetacarpal,-0.020518,-0.007340,0.035019,0.000000,0.000000,0.000000,1.000000
B,2.0000,R_IndexProximal,-0.002777,0.000103,0.059935,-0.023183,-0.001154,0.028369,0.999328
B,2.0000,R_IndexIntermediate,0.000000,0.000000,0.037516,0.148891,0.003273,-0.026319,0.988498
B,2.0000,R_IndexDistal,0.000000,0.000000,0.024040,0.020364,0.025691,-0.016548,0.999326
B,2.0000,R_IndexTip,0.000292,0.001014,0.022121,0.000000,0.000000,0.000000,1.000000
B,2.0000,R_LittleMetacarpal,0.022749,-0.009318,0.033704,0.018312,0.140343,-0.207036,0.968042
B,2.0000,R_LittleProximal,-0.000002,-0.000001,0.045155,-0.107869,0.027957,0.101423,0.988583
B,2.0000,R_LittleIntermediate,0.000000,0.000000,0.030387,0.233501,0.032152,-0.058195,0.970081
B,2.0000,R_LittleDistal,0.000000,0.000000,0.020091,0.050806,-0.049067,0.000902,0.997502
B,2.0000,R_LittleTip,-0.000244,0.001203,0.021685,0.000000,0.000000,0.000000,1.000000
B,2.0000,R_MiddleMetacarpal,-0.004485,-0.006534,0.032880,0.000000,0.000000,0.000000,1.000000
B,2.0000,R_MiddleProximal,0.002778,0.004018,0.061728,0.019328,0.075637,-0.006953,0.996924
B,2.0000,R_MiddleIntermediate,0.000000,0.000000,0.042461,0.144011,0.002692,-0.012051,0.989499
B,2.0000,R_MiddleDistal,0.000000,0.000000,0.027251,-0.001329,0.000611,-0.043495,0.999053
B,2.0000,R_MiddleTip,0.000305,0.001125,0.024694,0.000000,0.000000,0.000000,1.000000
B,2.0000,R_Palm,-0.003096,-0.004525,0.063745,0.000000,0.000000,0.000000,1.000000
B,2.0000,R_RingMetacarpal,0.014830,-0.005951,0.034398,0.000000,0.000000,0.000000,1.000000
B,2.0000,R_RingProximal,0.002446,-0.000508,0.053333,-0.034654,0.106710,-0.045171,0.992659
B,2.0000,R_RingIntermediate,0.000000,0.000000,0.038573,0.168161,-0.002698,-0.037261,0.985052
B,2.0000,R_RingDistal,0.000000,0.000000,0.026285,0.069814,-0.029558,-0.007917,0.997091
B,2.0000,R_RingTip,0.000255,0.001591,0.024062,0.000000,0.000000,0.000000,1.000000
B,2.0000,R_ThumbMetacarpal,-0.031719,-0.011786,0.032057,-0.106299,-0.470108,0.517716,0.706874
B,2.0000,R_ThumbProximal,0.000000,0.000000,0.032160,0.164426,0.055554,-0.082428,0.981368
B,2.0000,R_ThumbDistal,0.000000,0.000000,0.033426,-0.049519,-0.064324,0.083344,0.993209
B,2.0000,R_ThumbTip,0.000663,0.001016,0.024324,0.000000,0.000000,0.000000,1.000000
B,2.0667,R_Wrist,-0.001414,1.486308,0.584968,-0.491586,-0.292580,-0.221461,0.789744
B,2.0667,R_IndexMetacarpal,-0.020518,-0.007340,0.035019,0.000000,0.000000,0.000000,1.000000
B,2.0667,R_IndexProximal,-0.002777,0.000103,0.059936,-0.023183,-0.001154,0.028368,0.999328
B,2.0667,R_IndexIntermediate,0.000000,0.000000,0.037516,0.148891,0.003273,-0.026319,0.988498
B,2.0667,R_IndexDistal,0.000000,0.000000,0.024040,0.020364,0.025691,-0.016548,0.999326
B,2.0667,R_IndexTip,0.000292,0.001014,0.022121,0.000000,0.000000,0.000000,1.000000
B,2.0667,R_LittleMetacarpal,0.022749,-0.009318,0.033704,0.018312,0.140343,-0.207036,0.968042
B,2.0667,R_LittleProximal,-0.000002,-0.000001,0.045155,-0.107869,0.027957,0.101423,0.988583
B,2.0667,R_LittleIntermediate,0.000000,0.000000,0.030387,0.233501,0.032152,-0.058195,0.970081
B,2.0667,R_LittleDistal,0.000000,0.000000,0.020091,0.050806,-0.049067,0.000902,0.997502
B,2.0667,R_LittleTip,-0.000244,0.001203,0.021685,0.000000,0.000000,0.000000,1.000000
B,2.0667,R_MiddleMetacarpal,-0.004485,-0.006534,0.032880,0.000000,0.000000,0.000000,1.000000
B,2.0667,R_MiddleProximal,0.002778,0.004018,0.061729,0.019328,0.075637,-0.006953,0.996924
B,2.0667,R_MiddleIntermediate,0.000000,0.000000,0.042461,0.144012,0.002692,-0.012051,0.989499
B,2.0667,R_MiddleDistal,0.000000,0.000000,0.027251,-0.001329,0.000611,-0.043495,0.999053
B,2.0667,R_MiddleTip,0.000305,0.001125,0.024694,0.000000,0.000000,0.000000,1.000000
B,2.0667,R_Palm,-0.003096,-0.004525,0.063745,0.000000,0.000000,0.000000,1.000000
B,2.0667,R_RingMetacarpal,0.014830,-0.005951,0.034398,0.000000,0.000000,0.000000,1.000000
B,2.0667,R_RingProximal,0.002446,-0.000508,0.053333,-0.034654,0.106710,-0.045171,0.992659
B,2.0667,R_RingIntermediate,0.000000,0.000000,0.038573,0.168161,-0.002698,-0.037261,0.985052
B,2.0667,R_RingDistal,0.000000,0.000000,0.026285,0.069814,-0.029558,-0.007917,0.997091
B,2.0667,R_RingTip,0.000255,0.001591,0.024062,0.000000,0.000000,0.000000,1.000000
B,2.0667,R_ThumbMetacarpal,-0.031719,-0.011786,0.032057,-0.106299,-0.470108,0.517716,0.706874
B,2.0667,R_ThumbProximal,0.000000,0.000000,0.032160,0.164426,0.055554,-0.082428,0.981368
B,2.0667,R_ThumbDistal,0.000000,0.000000,0.033426,-0.049519,-0.064324,0.083344,0.993209
B,2.0667,R_ThumbTip,0.000663,0.001016,0.024324,0.000000,0.000000,0.000000,1.000000
B,2.1333,R_Wrist,-0.001413,1.486308,0.584969,-0.491586,-0.292580,-0.221461,0.789744
B,2.1333,R_IndexMetacarpal,-0.020518,-0.007340,0.035019,0.000000,0.000000,0.000000,1.000000
B,2.1333,R_IndexProximal,-0.002777,0.000103,0.059936,-0.023183,-0.001154,0.028368,0.999328
B,2.1333,R_IndexIntermediate,0.000000,0.000000,0.037516,0.148891,0.003273,-0.026319,0.988498
B,2.1333,R_IndexDistal,0.000000,0.000000,0.024040,0.020364,0.025691,-0.016548,0.999326
B,2.1333,R_IndexTip,0.000292,0.001014,0.022121,0.000000,0.000000,0.000000,1.000000
B,2.1333,R_LittleMetacarpal,0.022749,-0.009318,0.033704,0.018312,0.140343,-0.207036,0.968042
B,2.1333,R_LittleProximal,-0.000002,-0.000001,0.045155,-0.107869,0.027957,0.101423,0.988583
B,2.1333,R_LittleIntermediate,0.000000,0.000000,0.030387,0.233501,0.032152,-0.058195,0.970081
B,2.1333,R_LittleDistal,0.000000,0.000000,0.020091,0.050806,-0.049067,0.000902,0.997502
B,2.1333,R_LittleTip,-0.000244,0.001203,0.021685,0.000000,0.000000,0.000000,1.000000
B,2.1333,R_MiddleMetacarpal,-0.004485,-0.006534,0.032880,0.000000,0.000000,0.000000,1.000000
B,2.1333,R_MiddleProximal,0.002778,0.004018,0.061729,0.019328,0.075637,-0.006953,0.996924
B,2.1333,R_MiddleIntermediate,0.000000,0.000000,0.042461,0.144011,0.002692,-0.012051,0.989499
B,2.1333,R_MiddleDistal,0.000000,0.000000,0.027251,-0.001329,0.000611,-0.043495,0.999053
B,2.1333,R_MiddleTip,0.000305,0.001125,0.024694,0.000000,0.000000,0.000000,1.000000
B,2.1333,R_Palm,-0.003096,-0.004525,0.063745,0.000000,0.000000,0.000000,1.000000
B,2.1333,R_RingMetacarpal,0.014830,-0.005951,0.034398,0.000000,0.000000,0.000000,1.000000
B,2.1333,R_RingProximal,0.002446,-0.000508,0.053334,-0.034654,0.106710,-0.045171,0.992659
B,2.1333,R_RingIntermediate,0.000000,0.000000,0.038573,0.168161,-0.002698,-0.037261,0.985052
B,2.1333,R_RingDistal,0.000000,0.000000,0.026285,0.069814,-0.029558,-0.007917,0.997091
B,2.1333,R_RingTip,0.000255,0.001591,0.024062,0.000000,0.000000,0.000000,1.000000
B,2.1333,R_ThumbMetacarpal,-0.031719,-0.011786,0.032057,-0.106299,-0.470108,0.517716,0.706874
B,2.1333,R_ThumbProximal,0.000000,0.000000,0.032160,0.164426,0.055553,-0.082428,0.981368
B,2.1333,R_ThumbDistal,0.000000,0.000000,0.033426,-0.049519,-0.064324,0.083344,0.993209
B,2.1333,R_ThumbTip,0.000663,0.001016,0.024324,0.000000,0.000000,0.000000,1.000000
B,2.2000,R_Wrist,-0.001413,1.486307,0.584969,-0.491586,-0.292580,-0.221461,0.789744
B,2.2000,R_IndexMetacarpal,-0.020518,-0.007340,0.035020,0.000000,0.000000,0.000000,1.000000
B,2.2000,R_IndexProximal,-0.002777,0.000103,0.059936,-0.023183,-0.001154,0.028369,0.999328
B,2.2000,R_IndexIntermediate,0.000000,0.000000,0.037516,0.148891,0.003273,-0.026319,0.988498
B,2.2000,R_IndexDistal,0.000000,0.000000,0.024040,0.020364,0.025691,-0.016548,0.999326
B,2.2000,R_IndexTip,0.000292,0.001014,0.022121,0.000000,0.000000,0.000000,1.000000
B,2.2000,R_LittleMetacarpal,0.022749,-0.009318,0.033704,0.018312,0.140343,-0.207036,0.968042
B,2.2000,R_LittleProximal,-0.000002,-0.000001,0.045155,-0.107869,0.027957,0.101423,0.988583
B,2.2000,R_LittleIntermediate,0.000000,0.000000,0.030387,0.233501,0.032152,-0.058195,0.970081
B,2.2000,R_LittleDistal,0.000000,0.000000,0.020091,0.050806,-0.049067,0.000902,0.997502
B,2.2000,R_LittleTip,-0.000244,0.001203,0.021685,0.000000,0.000000,0.000000,1.000000
B,2.2000,R_MiddleMetacarpal,-0.004485,-0.006534,0.032880,0.000000,0.000000,0.000000,1.000000
B,2.2000,R_MiddleProximal,0.002778,0.004018,0.061729,0.019328,0.075637,-0.006953,0.996924
B,2.2000,R_MiddleIntermediate,0.000000,0.000000,0.042461,0.144012,0.002692,-0.012051,0.989499
B,2.2000,R_MiddleDistal,0.000000,0.000000,0.027251,-0.001329,0.000611,-0.043495,0.999053
B,2.2000,R_MiddleTip,0.000305,0.001125,0.024694,0.000000,0.000000,0.000000,1.000000
B,2.2000,R_Palm,-0.003096,-0.004525,0.063745,0.000000,0.000000,0.000000,1.000000
B,2.2000,R_RingMetacarpal,0.014830,-0.005951,0.034398,0.000000,0.000000,0.000000,1.000000
B,2.2000,R_RingProximal,0.002446,-0.000508,0.053334,-0.034654,0.106710,-0.045171,0.992659
B,2.2000,R_RingIntermediate,0.000000,0.000000,0.038573,0.168161,-0.002698,-0.037261,0.985052
B,2.2000,R_RingDistal,0.000000,0.000000,0.026285,0.069814,-0.029558,-0.007917,0.997091
B,2.2000,R_RingTip,0.000255,0.001591,0.024062,0.000000,0.000000,0.000000,1.000000
B,2.2000,R_ThumbMetacarpal,-0.031719,-0.011786,0.032057,-0.106299,-0.470108,0.517716,0.706874
B,2.2000,R_ThumbProximal,0.000000,0.000000,0.032160,0.164426,0.055554,-0.082428,0.981368
B,2.2000,R_ThumbDistal,0.000000,0.000000,0.033426,-0.049519,-0.064324,0.083344,0.993209
B,2.2000,R_ThumbTip,0.000663,0.001016,0.024324,0.000000,0.000000,0.000000,1.000000
B,2.2667,R_Wrist,-0.001413,1.486307,0.584970,-0.491586,-0.292580,-0.221461,0.789744
B,2.2667,R_IndexMetacarpal,-0.020518,-0.007340,0.035020,0.000000,0.000000,0.000000,1.000000
B,2.2667,R_IndexProximal,-0.002777,0.000103,0.059936,-0.023183,-0.001154,0.028368,0.999328
B,2.2667,R_IndexIntermediate,0.000000,0.000000,0.037516,0.148891,0.003273,-0.026319,0.988498
B,2.2667,R_IndexDistal,0.000000,0.000000,0.024040,0.020364,0.025691,-0.016548,0.999326
B,2.2667,R_IndexTip,0.000292,0.001014,0.022121,0.000000,0.000000,0.000000,1.000000
B,2.2667,R_LittleMetacarpal,0.022749,-0.009318,0.033704,0.018312,0.140343,-0.207036,0.968042
B,2.2667,R_LittleProximal,-0.000002,-0.000001,0.045155,-0.107869,0.027957,0.101423,0.988583
B,2.2667,R_LittleIntermediate,0.000000,0.000000,0.030387,0.233501,0.032152,-0.058195,0.970081
B,2.2667,R_LittleDistal,0.000000,0.000000,0.020091,0.050806,-0.049067,0.000902,0.997502
B,2.2667,R_LittleTip,-0.000244,0.001203,0.021685,0.000000,0.000000,0.000000,1.000000
B,2.2667,R_MiddleMetacarpal,-0.004485,-0.006534,0.032881,0.000000,0.000000,0.000000,1.000000
B,2.2667,R_MiddleProximal,0.002778,0.004018,0.061729,0.019328,0.075637,-0.006953,0.996924
B,2.2667,R_MiddleIntermediate,0.000000,0.000000,0.042462,0.144012,0.002692,-0.012051,0.989499
B,2.2667,R_MiddleDistal,0.000000,0.000000,0.027251,-0.001329,0.000611,-0.043495,0.999053
B,2.2667,R_MiddleTip,0.000305,0.001125,0.024694,0.000000,0.000000,0.000000,1.000000
B,2.2667,R_Palm,-0.003096,-0.004525,0.063745,0.000000,0.000000,0.000000,1.000000
B,2.2667,R_RingMetacarpal,0.014830,-0.005951,0.034398,0.000000,0.000000,0.000000,1.000000
B,2.2667,R_RingProximal,0.002446,-0.000508,0.053334,-0.034654,0.106710,-0.045171,0.992659
B,2.2667,R_RingIntermediate,0.000000,0.000000,0.038573,0.168161,-0.002698,-0.037261,0.985052
B,2.2667,R_RingDistal,0.000000,0.000000,0.026285,0.069814,-0.029558,-0.007917,0.997091
B,2.2667,R_RingTip,0.000255,0.001591,0.024062,0.000000,0.000000,0.000000,1.000000
B,2.2667,R_ThumbMetacarpal,-0.031719,-0.011786,0.032057,-0.106299,-0.470108,0.517716,0.706874
B,2.2667,R_ThumbProximal,0.000000,0.000000,0.032160,0.164426,0.055554,-0.082428,0.981368
B,2.2667,R_ThumbDistal,0.000000,0.000000,0.033427,-0.049519,-0.064324,0.083344,0.993209
B,2.2667,R_ThumbTip,0.000663,0.001016,0.024324,0.000000,0.000000,0.000000,1.000000
B,2.3333,R_Wrist,-0.001413,1.486307,0.584970,-0.491586,-0.292580,-0.221461,0.789744
B,2.3333,R_IndexMetacarpal,-0.020518,-0.007340,0.035020,0.000000,0.000000,0.000000,1.000000
B,2.3333,R_IndexProximal,-0.002777,0.000103,0.059936,-0.023183,-0.001154,0.028368,0.999328
B,2.3333,R_IndexIntermediate,0.000000,0.000000,0.037516,0.148891,0.003273,-0.026319,0.988498
B,2.3333,R_IndexDistal,0.000000,0.000000,0.024040,0.020364,0.025691,-0.016548,0.999326
B,2.3333,R_IndexTip,0.000292,0.001014,0.022121,0.000000,0.000000,0.000000,1.000000
B,2.3333,R_LittleMetacarpal,0.022749,-0.009318,0.033704,0.018312,0.140343,-0.207036,0.968042
B,2.3333,R_LittleProximal,-0.000002,-0.000001,0.045155,-0.107869,0.027957,0.101423,0.988583
B,2.3333,R_LittleIntermediate,0.000000,0.000000,0.030387,0.233501,0.032152,-0.058195,0.970081
B,2.3333,R_LittleDistal,0.000000,0.000000,0.020091,0.050806,-0.049067,0.000902,0.997502
B,2.3333,R_LittleTip,-0.000244,0.001203,0.021685,0.000000,0.000000,0.000000,1.000000
B,2.3333,R_MiddleMetacarpal,-0.004485,-0.006534,0.032881,0.000000,0.000000,0.000000,1.000000
B,2.3333,R_MiddleProximal,0.002778,0.004018,0.061729,0.019328,0.075637,-0.006953,0.996924
B,2.3333,R_MiddleIntermediate,0.000000,0.000000,0.042462,0.144012,0.002692,-0.012051,0.989499
B,2.3333,R_MiddleDistal,0.000000,0.000000,0.027251,-0.001329,0.000611,-0.043495,0.999053
B,2.3333,R_MiddleTip,0.000305,0.001125,0.024694,0.000000,0.000000,0.000000,1.000000
B,2.3333,R_Palm,-0.003096,-0.004525,0.063745,0.000000,0.000000,0.000000,1.000000
B,2.3333,R_RingMetacarpal,0.014830,-0.005951,0.034398,0.000000,0.000000,0.000000,1.000000
B,2.3333,R_RingProximal,0.002446,-0.000508,0.053334,-0.034654,0.106710,-0.045171,0.992659
B,2.3333,R_RingIntermediate,0.000000,0.000000,0.038573,0.168161,-0.002698,-0.037261,0.985052
B,2.3333,R_RingDistal,0.000000,0.000000,0.026285,0.069814,-0.029558,-0.007917,0.997091
B,2.3333,R_RingTip,0.000255,0.001591,0.024062,0.000000,0.000000,0.000000,1.000000
B,2.3333,R_ThumbMetacarpal,-0.031719,-0.011786,0.032057,-0.106299,-0.470108,0.517716,0.706874
B,2.3333,R_ThumbProximal,0.000000,0.000000,0.032160,0.164426,0.055553,-0.082428,0.981368
B,2.3333,R_ThumbDistal,0.000000,0.000000,0.033427,-0.049519,-0.064324,0.083344,0.993209
B,2.3333,R_ThumbTip,0.000663,0.001016,0.024324,0.000000,0.000000,0.000000,1.000000
B,2.4000,R_Wrist,-0.001413,1.486306,0.584970,-0.491586,-0.292580,-0.221461,0.789744
B,2.4000,R_IndexMetacarpal,-0.020518,-0.007340,0.035020,0.000000,0.000000,0.000000,1.000000
B,2.4000,R_IndexProximal,-0.002777,0.000103,0.059936,-0.023183,-0.001154,0.028368,0.999328
B,2.4000,R_IndexIntermediate,0.000000,0.000000,0.037516,0.148891,0.003273,-0.026319,0.988498
B,2.4000,R_IndexDistal,0.000000,0.000000,0.024040,0.020364,0.025691,-0.016548,0.999326
B,2.4000,R_IndexTip,0.000292,0.001014,0.022121,0.000000,0.000000,0.000000,1.000000
B,2.4000,R_LittleMetacarpal,0.022749,-0.009318,0.033704,0.018312,0.140343,-0.207036,0.968042
B,2.4000,R_LittleProximal,-0.000002,-0.000001,0.045156,-0.107869,0.027957,0.101423,0.988583
B,2.4000,R_LittleIntermediate,0.000000,0.000000,0.030387,0.233501,0.032152,-0.058195,0.970081
B,2.4000,R_LittleDistal,0.000000,0.000000,0.020091,0.050806,-0.049067,0.000902,0.997502
B,2.4000,R_LittleTip,-0.000244,0.001203,0.021685,0.000000,0.000000,0.000000,1.000000
B,2.4000,R_MiddleMetacarpal,-0.004485,-0.006534,0.032881,0.000000,0.000000,0.000000,1.000000
B,2.4000,R_MiddleProximal,0.002778,0.004018,0.061729,0.019328,0.075637,-0.006953,0.996924
B,2.4000,R_MiddleIntermediate,0.000000,0.000000,0.042462,0.144012,0.002692,-0.012051,0.989499
B,2.4000,R_MiddleDistal,0.000000,0.000000,0.027251,-0.001329,0.000611,-0.043495,0.999053
B,2.4000,R_MiddleTip,0.000305,0.001125,0.024694,0.000000,0.000000,0.000000,1.000000
B,2.4000,R_Palm,-0.003096,-0.004525,0.063745,0.000000,0.000000,0.000000,1.000000
B,2.4000,R_RingMetacarpal,0.014830,-0.005951,0.034398,0.000000,0.000000,0.000000,1.000000
B,2.4000,R_RingProximal,0.002446,-0.000508,0.053334,-0.034654,0.106710,-0.045171,0.992659
B,2.4000,R_RingIntermediate,0.000000,0.000000,0.038573,0.168161,-0.002698,-0.037261,0.985052
B,2.4000,R_RingDistal,0.000000,0.000000,0.026285,0.069814,-0.029558,-0.007917,0.997091
B,2.4000,R_RingTip,0.000255,0.001591,0.024062,0.000000,0.000000,0.000000,1.000000
B,2.4000,R_ThumbMetacarpal,-0.031719,-0.011786,0.032057,-0.106299,-0.470108,0.517716,0.706874
B,2.4000,R_ThumbProximal,0.000000,0.000000,0.032160,0.164426,0.055553,-0.082428,0.981368
B,2.4000,R_ThumbDistal,0.000000,0.000000,0.033427,-0.049519,-0.064324,0.083344,0.993209
B,2.4000,R_ThumbTip,0.000663,0.001016,0.024324,0.000000,0.000000,0.000000,1.000000
B,2.4667,R_Wrist,-0.001413,1.486306,0.584971,-0.491586,-0.292580,-0.221461,0.789744
B,2.4667,R_IndexMetacarpal,-0.020518,-0.007341,0.035020,0.000000,0.000000,0.000000,1.000000
B,2.4667,R_IndexProximal,-0.002777,0.000103,0.059936,-0.023183,-0.001154,0.028368,0.999328
B,2.4667,R_IndexIntermediate,0.000000,0.000000,0.037516,0.148891,0.003273,-0.026319,0.988498
B,2.4667,R_IndexDistal,0.000000,0.000000,0.024040,0.020364,0.025691,-0.016548,0.999326
B,2.4667,R_IndexTip,0.000292,0.001014,0.022121,0.000000,0.000000,0.000000,1.000000
B,2.4667,R_LittleMetacarpal,0.022749,-0.009318,0.033704,0.018312,0.140343,-0.207036,0.968042
B,2.4667,R_LittleProximal,-0.000002,-0.000001,0.045156,-0.107869,0.027957,0.101423,0.988583
B,2.4667,R_LittleIntermediate,0.000000,0.000000,0.030387,0.233501,0.032152,-0.058195,0.970081
B,2.4667,R_LittleDistal,0.000000,0.000000,0.020091,0.050806,-0.049067,0.000902,0.997502
B,2.4667,R_LittleTip,-0.000244,0.001203,0.021685,0.000000,0.000000,0.000000,1.000000
B,2.4667,R_MiddleMetacarpal,-0.004485,-0.006534,0.032881,0.000000,0.000000,0.000000,1.000000
B,2.4667,R_MiddleProximal,0.002778,0.004018,0.061729,0.019328,0.075637,-0.006953,0.996924
B,2.4667,R_MiddleIntermediate,0.000000,0.000000,0.042462,0.144012,0.002692,-0.012051,0.989499
B,2.4667,R_MiddleDistal,0.000000,0.000000,0.027251,-0.001329,0.000611,-0.043495,0.999053
B,2.4667,R_MiddleTip,0.000305,0.001125,0.024694,0.000000,0.000000,0.000000,1.000000
B,2.4667,R_Palm,-0.003096,-0.004525,0.063745,0.000000,0.000000,0.000000,1.000000
B,2.4667,R_RingMetacarpal,0.014830,-0.005951,0.034398,0.000000,0.000000,0.000000,1.000000
B,2.4667,R_RingProximal,0.002446,-0.000508,0.053334,-0.034654,0.106710,-0.045171,0.992659
B,2.4667,R_RingIntermediate,0.000000,0.000000,0.038573,0.168161,-0.002698,-0.037261,0.985051
B,2.4667,R_RingDistal,0.000000,0.000000,0.026285,0.069814,-0.029558,-0.007917,0.997091
B,2.4667,R_RingTip,0.000255,0.001591,0.024062,0.000000,0.000000,0.000000,1.000000
B,2.4667,R_ThumbMetacarpal,-0.031719,-0.011786,0.032057,-0.106299,-0.470108,0.517716,0.706874
B,2.4667,R_ThumbProximal,0.000000,0.000000,0.032160,0.164426,0.055553,-0.082428,0.981368
B,2.4667,R_ThumbDistal,0.000000,0.000000,0.033427,-0.049519,-0.064324,0.083344,0.993209
B,2.4667,R_ThumbTip,0.000663,0.001016,0.024324,0.000000,0.000000,0.000000,1.000000
B,2.5333,R_Wrist,-0.001413,1.486306,0.584971,-0.491586,-0.292580,-0.221461,0.789744
B,2.5333,R_IndexMetacarpal,-0.020519,-0.007340,0.035020,0.000000,0.000000,0.000000,1.000000
B,2.5333,R_IndexProximal,-0.002777,0.000103,0.059936,-0.023183,-0.001154,0.028368,0.999328
B,2.5333,R_IndexIntermediate,0.000000,0.000000,0.037516,0.148891,0.003273,-0.026319,0.988498
B,2.5333,R_IndexDistal,0.000000,0.000000,0.024040,0.020364,0.025691,-0.016548,0.999326
B,2.5333,R_IndexTip,0.000292,0.001014,0.022121,0.000000,0.000000,0.000000,1.000000
B,2.5333,R_LittleMetacarpal,0.022749,-0.009318,0.033704,0.018312,0.140343,-0.207036,0.968042
B,2.5333,R_LittleProximal,-0.000002,-0.000001,0.045155,-0.107869,0.027957,0.101423,0.988583
B,2.5333,R_LittleIntermediate,0.000000,0.000000,0.030387,0.233501,0.032152,-0.058195,0.970081
B,2.5333,R_LittleDistal,0.000000,0.000000,0.020091,0.050806,-0.049067,0.000902,0.997502
B,2.5333,R_LittleTip,-0.000244,0.001203,0.021685,0.000000,0.000000,0.000000,1.000000
B,2.5333,R_MiddleMetacarpal,-0.004485,-0.006534,0.032881,0.000000,0.000000,0.000000,1.000000
B,2.5333,R_MiddleProximal,0.002778,0.004018,0.061729,0.019328,0.075637,-0.006953,0.996924
B,2.5333,R_MiddleIntermediate,0.000000,0.000000,0.042462,0.144012,0.002692,-0.012051,0.989499
B,2.5333,R_MiddleDistal,0.000000,0.000000,0.027251,-0.001329,0.000611,-0.043495,0.999053
B,2.5333,R_MiddleTip,0.000305,0.001125,0.024694,0.000000,0.000000,0.000000,1.000000
B,2.5333,R_Palm,-0.003096,-0.004525,0.063745,0.000000,0.000000,0.000000,1.000000
B,2.5333,R_RingMetacarpal,0.014830,-0.005951,0.034398,0.000000,0.000000,0.000000,1.000000
B,2.5333,R_RingProximal,0.002446,-0.000508,0.053334,-0.034654,0.106710,-0.045171,0.992659
B,2.5333,R_RingIntermediate,0.000000,0.000000,0.038573,0.168161,-0.002698,-0.037261,0.985052
B,2.5333,R_RingDistal,0.000000,0.000000,0.026285,0.069814,-0.029558,-0.007917,0.997091
B,2.5333,R_RingTip,0.000255,0.001591,0.024062,0.000000,0.000000,0.000000,1.000000
B,2.5333,R_ThumbMetacarpal,-0.031719,-0.011786,0.032057,-0.106299,-0.470108,0.517716,0.706874
B,2.5333,R_ThumbProximal,0.000000,0.000000,0.032160,0.164426,0.055554,-0.082428,0.981368
B,2.5333,R_ThumbDistal,0.000000,0.000000,0.033427,-0.049519,-0.064324,0.083344,0.993209
B,2.5333,R_ThumbTip,0.000663,0.001016,0.024324,0.000000,0.000000,0.000000,1.000000
B,2.6000,R_Wrist,-0.001413,1.486305,0.584971,-0.491586,-0.292580,-0.221461,0.789744
B,2.6000,R_IndexMetacarpal,-0.020519,-0.007340,0.035020,0.000000,0.000000,0.000000,1.000000
B,2.6000,R_IndexProximal,-0.002777,0.000103,0.059936,-0.023183,-0.001154,0.028369,0.999328
B,2.6000,R_IndexIntermediate,0.000000,0.000000,0.037516,0.148891,0.003273,-0.026319,0.988498
B,2.6000,R_IndexDistal,0.000000,0.000000,0.024040,0.020364,0.025691,-0.016548,0.999326
B,2.6000,R_IndexTip,0.000292,0.001014,0.022121,0.000000,0.000000,0.000000,1.000000
B,2.6000,R_LittleMetacarpal,0.022749,-0.009318,0.033704,0.018312,0.140343,-0.207036,0.968042
B,2.6000,R_LittleProximal,-0.000002,-0.000001,0.045156,-0.107869,0.027957,0.101423,0.988583
B,2.6000,R_LittleIntermediate,0.000000,0.000000,0.030387,0.233501,0.032152,-0.058195,0.970081
B,2.6000,R_LittleDistal,0.000000,0.000000,0.020091,0.050806,-0.049067,0.000902,0.997502
B,2.6000,R_LittleTip,-0.000244,0.001203,0.021685,0.000000,0.000000,0.000000,1.000000
B,2.6000,R_MiddleMetacarpal,-0.004485,-0.006534,0.032881,0.000000,0.000000,0.000000,1.000000
B,2.6000,R_MiddleProximal,0.002778,0.004018,0.061729,0.019328,0.075637,-0.006953,0.996924
B,2.6000,R_MiddleIntermediate,0.000000,0.000000,0.042462,0.144011,0.002692,-0.012051,0.989499
B,2.6000,R_MiddleDistal,0.000000,0.000000,0.027251,-0.001329,0.000611,-0.043495,0.999053
B,2.6000,R_MiddleTip,0.000305,0.001125,0.024694,0.000000,0.000000,0.000000,1.000000
B,2.6000,R_Palm,-0.003096,-0.004525,0.063745,0.000000,0.000000,0.000000,1.000000
B,2.6000,R_RingMetacarpal,0.014830,-0.005951,0.034398,0.000000,0.000000,0.000000,1.000000
B,2.6000,R_RingProximal,0.002446,-0.000508,0.053334,-0.034654,0.106710,-0.045171,0.992659
B,2.6000,R_RingIntermediate,0.000000,0.000000,0.038573,0.168161,-0.002698,-0.037261,0.985052
B,2.6000,R_RingDistal,0.000000,0.000000,0.026285,0.069814,-0.029558,-0.007917,0.997091
B,2.6000,R_RingTip,0.000255,0.001591,0.024062,0.000000,0.000000,0.000000,1.000000
B,2.6000,R_ThumbMetacarpal,-0.031719,-0.011786,0.032057,-0.106299,-0.470108,0.517716,0.706874
B,2.6000,R_ThumbProximal,0.000000,0.000000,0.032160,0.164426,0.055554,-0.082428,0.981368
B,2.6000,R_ThumbDistal,0.000000,0.000000,0.033427,-0.049519,-0.064324,0.083344,0.993209
B,2.6000,R_ThumbTip,0.000663,0.001016,0.024324,0.000000,0.000000,0.000000,1.000000
B,2.6667,R_Wrist,-0.001413,1.486305,0.584972,-0.491586,-0.292580,-0.221461,0.789744
B,2.6667,R_IndexMetacarpal,-0.020519,-0.007340,0.035020,0.000000,0.000000,0.000000,1.000000
B,2.6667,R_IndexProximal,-0.002777,0.000103,0.059936,-0.023183,-0.001154,0.028369,0.999328
B,2.6667,R_IndexIntermediate,0.000000,0.000000,0.037516,0.148891,0.003273,-0.026319,0.988498
B,2.6667,R_IndexDistal,0.000000,0.000000,0.024040,0.020364,0.025691,-0.016548,0.999326
B,2.6667,R_IndexTip,0.000292,0.001014,0.022121,0.000000,0.000000,0.000000,1.000000
B,2.6667,R_LittleMetacarpal,0.022749,-0.009318,0.033704,0.018312,0.140343,-0.207036,0.968042
B,2.6667,R_LittleProximal,-0.000002,-0.000001,0.045156,-0.107869,0.027957,0.101423,0.988583
B,2.6667,R_LittleIntermediate,0.000000,0.000000,0.030387,0.233501,0.032152,-0.058195,0.970081
B,2.6667,R_LittleDistal,0.000000,0.000000,0.020091,0.050806,-0.049067,0.000902,0.997502
B,2.6667,R_LittleTip,-0.000244,0.001203,0.021685,0.000000,0.000000,0.000000,1.000000
B,2.6667,R_MiddleMetacarpal,-0.004485,-0.006534,0.032881,0.000000,0.000000,0.000000,1.000000
B,2.6667,R_MiddleProximal,0.002778,0.004018,0.061729,0.019328,0.075637,-0.006953,0.996924
B,2.6667,R_MiddleIntermediate,0.000000,0.000000,0.042462,0.144012,0.002692,-0.012051,0.989499
B,2.6667,R_MiddleDistal,0.000000,0.000000,0.027251,-0.001329,0.000611,-0.043495,0.999053
B,2.6667,R_MiddleTip,0.000305,0.001125,0.024694,0.000000,0.000000,0.000000,1.000000
B,2.6667,R_Palm,-0.003096,-0.004525,0.063745,0.000000,0.000000,0.000000,1.000000
B,2.6667,R_RingMetacarpal,0.014830,-0.005951,0.034399,0.000000,0.000000,0.000000,1.000000
B,2.6667,R_RingProximal,0.002446,-0.000508,0.053334,-0.034654,0.106710,-0.045171,0.992659
B,2.6667,R_RingIntermediate,0.000000,0.000000,0.038573,0.168161,-0.002698,-0.037261,0.985052
B,2.6667,R_RingDistal,0.000000,0.000000,0.026285,0.069814,-0.029558,-0.007917,0.997091
B,2.6667,R_RingTip,0.000255,0.001591,0.024062,0.000000,0.000000,0.000000,1.000000
B,2.6667,R_ThumbMetacarpal,-0.031719,-0.011786,0.032057,-0.106299,-0.470108,0.517716,0.706874
B,2.6667,R_ThumbProximal,0.000000,0.000000,0.032160,0.164426,0.055554,-0.082428,0.981368
B,2.6667,R_ThumbDistal,0.000000,0.000000,0.033427,-0.049519,-0.064324,0.083344,0.993209
B,2.6667,R_ThumbTip,0.000663,0.001016,0.024324,0.000000,0.000000,0.000000,1.000000
B,2.7333,R_Wrist,-0.001413,1.486305,0.584972,-0.491586,-0.292580,-0.221461,0.789744
B,2.7333,R_IndexMetacarpal,-0.020519,-0.007341,0.035020,0.000000,0.000000,0.000000,1.000000
B,2.7333,R_IndexProximal,-0.002777,0.000103,0.059936,-0.023183,-0.001154,0.028369,0.999328
B,2.7333,R_IndexIntermediate,0.000000,0.000000,0.037516,0.148891,0.003273,-0.026319,0.988498
B,2.7333,R_IndexDistal,0.000000,0.000000,0.024040,0.020364,0.025691,-0.016548,0.999326
B,2.7333,R_IndexTip,0.000292,0.001014,0.022121,0.000000,0.000000,0.000000,1.000000
B,2.7333,R_LittleMetacarpal,0.022749,-0.009318,0.033704,0.018312,0.140343,-0.207036,0.968042
B,2.7333,R_LittleProximal,-0.000002,-0.000001,0.045156,-0.107869,0.027957,0.101423,0.988583
B,2.7333,R_LittleIntermediate,0.000000,0.000000,0.030388,0.233501,0.032152,-0.058195,0.970081
B,2.7333,R_LittleDistal,0.000000,0.000000,0.020091,0.050806,-0.049067,0.000902,0.997502
B,2.7333,R_LittleTip,-0.000244,0.001203,0.021685,0.000000,0.000000,0.000000,1.000000
B,2.7333,R_MiddleMetacarpal,-0.004485,-0.006534,0.032881,0.000000,0.000000,0.000000,1.000000
B,2.7333,R_MiddleProximal,0.002778,0.004018,0.061729,0.019328,0.075637,-0.006953,0.996924
B,2.7333,R_MiddleIntermediate,0.000000,0.000000,0.042462,0.144012,0.002692,-0.012051,0.989499
B,2.7333,R_MiddleDistal,0.000000,0.000000,0.027251,-0.001329,0.000611,-0.043495,0.999053
B,2.7333,R_MiddleTip,0.000305,0.001125,0.024694,0.000000,0.000000,0.000000,1.000000
B,2.7333,R_Palm,-0.003096,-0.004525,0.063745,0.000000,0.000000,0.000000,1.000000
B,2.7333,R_RingMetacarpal,0.014830,-0.005951,0.034399,0.000000,0.000000,0.000000,1.000000
B,2.7333,R_RingProximal,0.002446,-0.000508,0.053334,-0.034654,0.106710,-0.045171,0.992659
B,2.7333,R_RingIntermediate,0.000000,0.000000,0.038573,0.168161,-0.002698,-0.037261,0.985052
B,2.7333,R_RingDistal,0.000000,0.000000,0.026285,0.069815,-0.029558,-0.007917,0.997091
B,2.7333,R_RingTip,0.000255,0.001591,0.024062,0.000000,0.000000,0.000000,1.000000
B,2.7333,R_ThumbMetacarpal,-0.031719,-0.011786,0.032057,-0.106299,-0.470108,0.517715,0.706874
B,2.7333,R_ThumbProximal,0.000000,0.000000,0.032161,0.164426,0.055554,-0.082428,0.981368
B,2.7333,R_ThumbDistal,0.000000,0.000000,0.033427,-0.049519,-0.064324,0.083344,0.993209
B,2.7333,R_ThumbTip,0.000663,0.001016,0.024324,0.000000,0.000000,0.000000,1.000000
B,2.8000,R_Wrist,-0.001413,1.486304,0.584972,-0.491586,-0.292580,-0.221461,0.789744
B,2.8000,R_IndexMetacarpal,-0.020519,-0.007340,0.035020,0.000000,0.000000,0.000000,1.000000
B,2.8000,R_IndexProximal,-0.002777,0.000103,0.059936,-0.023183,-0.001154,0.028368,0.999328
B,2.8000,R_IndexIntermediate,0.000000,0.000000,0.037516,0.148891,0.003273,-0.026319,0.988498
B,2.8000,R_IndexDistal,0.000000,0.000000,0.024040,0.020364,0.025691,-0.016548,0.999326
B,2.8000,R_IndexTip,0.000292,0.001014,0.022121,0.000000,0.000000,0.000000,1.000000
B,2.8000,R_LittleMetacarpal,0.022749,-0.009318,0.033704,0.018312,0.140343,-0.207036,0.968042
B,2.8000,R_LittleProximal,-0.000002,-0.000001,0.045156,-0.107869,0.027957,0.101423,0.988583
B,2.8000,R_LittleIntermediate,0.000000,0.000000,0.030387,0.233501,0.032152,-0.058195,0.970081
B,2.8000,R_LittleDistal,0.000000,0.000000,0.020091,0.050806,-0.049067,0.000902,0.997502
B,2.8000,R_LittleTip,-0.000244,0.001203,0.021685,0.000000,0.000000,0.000000,1.000000
B,2.8000,R_MiddleMetacarpal,-0.004485,-0.006534,0.032881,0.000000,0.000000,0.000000,1.000000
B,2.8000,R_MiddleProximal,0.002778,0.004018,0.061729,0.019328,0.075637,-0.006953,0.996924
B,2.8000,R_MiddleIntermediate,0.000000,0.000000,0.042462,0.144011,0.002692,-0.012051,0.989499
B,2.8000,R_MiddleDistal,0.000000,0.000000,0.027251,-0.001329,0.000611,-0.043495,0.999053
B,2.8000,R_MiddleTip,0.000305,0.001125,0.024694,0.000000,0.000000,0.000000,1.000000
B,2.8000,R_Palm,-0.003096,-0.004525,0.063745,0.000000,0.000000,0.000000,1.000000
B,2.8000,R_RingMetacarpal,0.014830,-0.005951,0.034399,0.000000,0.000000,0.000000,1.000000
B,2.8000,R_RingProximal,0.002446,-0.000508,0.053334,-0.034654,0.106710,-0.045171,0.992659
B,2.8000,R_RingIntermediate,0.000000,0.000000,0.038574,0.168161,-0.002698,-0.037261,0.985052
B,2.8000,R_RingDistal,0.000000,0.000000,0.026285,0.069814,-0.029558,-0.007917,0.997091
B,2.8000,R_RingTip,0.000255,0.001591,0.024062,0.000000,0.000000,0.000000,1.000000
B,2.8000,R_ThumbMetacarpal,-0.031719,-0.011786,0.032057,-0.106299,-0.470108,0.517716,0.706874
B,2.8000,R_ThumbProximal,0.000000,0.000000,0.032161,0.164426,0.055553,-0.082428,0.981368
B,2.8000,R_ThumbDistal,0.000000,0.000000,0.033427,-0.049519,-0.064324,0.083344,0.993209
B,2.8000,R_ThumbTip,0.000663,0.001016,0.024324,0.000000,0.000000,0.000000,1.000000
B,2.8667,R_Wrist,-0.001413,1.486304,0.584973,-0.491586,-0.292580,-0.221461,0.789744
B,2.8667,R_IndexMetacarpal,-0.020519,-0.007341,0.035020,0.000000,0.000000,0.000000,1.000000
B,2.8667,R_IndexProximal,-0.002777,0.000103,0.059936,-0.023183,-0.001154,0.028368,0.999328
B,2.8667,R_IndexIntermediate,0.000000,0.000000,0.037516,0.148891,0.003273,-0.026319,0.988498
B,2.8667,R_IndexDistal,0.000000,0.000000,0.024040,0.020364,0.025691,-0.016548,0.999326
B,2.8667,R_IndexTip,0.000292,0.001014,0.022121,0.000000,0.000000,0.000000,1.000000
B,2.8667,R_LittleMetacarpal,0.022749,-0.009318,0.033704,0.018312,0.140343,-0.207036,0.968042
B,2.8667,R_LittleProximal,-0.000002,-0.000001,0.045156,-0.107869,0.027957,0.101423,0.988583
B,2.8667,R_LittleIntermediate,0.000000,0.000000,0.030387,0.233501,0.032152,-0.058195,0.970081
B,2.8667,R_LittleDistal,0.000000,0.000000,0.020091,0.050806,-0.049067,0.000902,0.997502
B,2.8667,R_LittleTip,-0.000244,0.001203,0.021685,0.000000,0.000000,0.000000,1.000000
B,2.8667,R_MiddleMetacarpal,-0.004485,-0.006534,0.032881,0.000000,0.000000,0.000000,1.000000
B,2.8667,R_MiddleProximal,0.002778,0.004018,0.061729,0.019328,0.075637,-0.006953,0.996924
B,2.8667,R_MiddleIntermediate,0.000000,0.000000,0.042462,0.144011,0.002692,-0.012051,0.989499
B,2.8667,R_MiddleDistal,0.000000,0.000000,0.027251,-0.001329,0.000611,-0.043495,0.999053
B,2.8667,R_MiddleTip,0.000305,0.001125,0.024694,0.000000,0.000000,0.000000,1.000000
B,2.8667,R_Palm,-0.003096,-0.004525,0.063745,0.000000,0.000000,0.000000,1.000000
B,2.8667,R_RingMetacarpal,0.014830,-0.005951,0.034399,0.000000,0.000000,0.000000,1.000000
B,2.8667,R_RingProximal,0.002446,-0.000508,0.053334,-0.034654,0.106710,-0.045171,0.992659
B,2.8667,R_RingIntermediate,0.000000,0.000000,0.038573,0.168161,-0.002698,-0.037261,0.985052
B,2.8667,R_RingDistal,0.000000,0.000000,0.026285,0.069814,-0.029558,-0.007917,0.997091
B,2.8667,R_RingTip,0.000255,0.001591,0.024062,0.000000,0.000000,0.000000,1.000000
B,2.8667,R_ThumbMetacarpal,-0.031719,-0.011786,0.032057,-0.106299,-0.470108,0.517716,0.706874
B,2.8667,R_ThumbProximal,0.000000,0.000000,0.032161,0.164426,0.055553,-0.082428,0.981368
B,2.8667,R_ThumbDistal,0.000000,0.000000,0.033427,-0.049519,-0.064324,0.083344,0.993209
B,2.8667,R_ThumbTip,0.000663,0.001016,0.024324,0.000000,0.000000,0.000000,1.000000
B,2.9333,R_Wrist,-0.001413,1.486303,0.584973,-0.491586,-0.292581,-0.221461,0.789744
B,2.9333,R_IndexMetacarpal,-0.020519,-0.007340,0.035020,0.000000,0.000000,0.000000,1.000000
B,2.9333,R_IndexProximal,-0.002777,0.000103,0.059936,-0.023183,-0.001154,0.028369,0.999328
B,2.9333,R_IndexIntermediate,0.000000,0.000000,0.037516,0.148891,0.003273,-0.026319,0.988498
B,2.9333,R_IndexDistal,0.000000,0.000000,0.024040,0.020364,0.025691,-0.016548,0.999326
B,2.9333,R_IndexTip,0.000292,0.001014,0.022121,0.000000,0.000000,0.000000,1.000000
B,2.9333,R_LittleMetacarpal,0.022749,-0.009318,0.033704,0.018312,0.140343,-0.207036,0.968042
B,2.9333,R_LittleProximal,-0.000002,-0.000001,0.045156,-0.107869,0.027957,0.101423,0.988583
B,2.9333,R_LittleIntermediate,0.000000,0.000000,0.030387,0.233501,0.032152,-0.058195,0.970081
B,2.9333,R_LittleDistal,0.000000,0.000000,0.020091,0.050806,-0.049067,0.000902,0.997502
B,2.9333,R_LittleTip,-0.000244,0.001203,0.021685,0.000000,0.000000,0.000000,1.000000
B,2.9333,R_MiddleMetacarpal,-0.004485,-0.006534,0.032881,0.000000,0.000000,0.000000,1.000000
B,2.9333,R_MiddleProximal,0.002778,0.004018,0.061729,0.019328,0.075637,-0.006953,0.996924
B,2.9333,R_MiddleIntermediate,0.000000,0.000000,0.042462,0.144012,0.002692,-0.012051,0.989499
B,2.9333,R_MiddleDistal,0.000000,0.000000,0.027251,-0.001329,0.000611,-0.043495,0.999053
B,2.9333,R_MiddleTip,0.000305,0.001125,0.024694,0.000000,0.000000,0.000000,1.000000
B,2.9333,R_Palm,-0.003096,-0.004525,0.063745,0.000000,0.000000,0.000000,1.000000
B,2.9333,R_RingMetacarpal,0.014830,-0.005951,0.034399,0.000000,0.000000,0.000000,1.000000
B,2.9333,R_RingProximal,0.002446,-0.000508,0.053334,-0.034654,0.106710,-0.045171,0.992659
B,2.9333,R_RingIntermediate,0.000000,0.000000,0.038574,0.168161,-0.002698,-0.037261,0.985052
B,2.9333,R_RingDistal,0.000000,0.000000,0.026285,0.069814,-0.029558,-0.007917,0.997091
B,2.9333,R_RingTip,0.000255,0.001591,0.024063,0.000000,0.000000,0.000000,1.000000
B,2.9333,R_ThumbMetacarpal,-0.031719,-0.011786,0.032057,-0.106299,-0.470108,0.517716,0.706874
B,2.9333,R_ThumbProximal,0.000000,0.000000,0.032161,0.164426,0.055554,-0.082428,0.981368
B,2.9333,R_ThumbDistal,0.000000,0.000000,0.033427,-0.049519,-0.064324,0.083344,0.993209
B,2.9333,R_ThumbTip,0.000663,0.001016,0.024324,0.000000,0.000000,0.000000,1.000000
B,3.0000,R_Wrist,-0.001413,1.486303,0.584974,-0.491586,-0.292581,-0.221461,0.789744
B,3.0000,R_IndexMetacarpal,-0.020519,-0.007340,0.035020,0.000000,0.000000,0.000000,1.000000
B,3.0000,R_IndexProximal,-0.002777,0.000103,0.059936,-0.023183,-0.001154,0.028368,0.999328
B,3.0000,R_IndexIntermediate,0.000000,0.000000,0.037516,0.148891,0.003273,-0.026319,0.988498
B,3.0000,R_IndexDistal,0.000000,0.000000,0.024040,0.020364,0.025691,-0.016548,0.999326
B,3.0000,R_IndexTip,0.000292,0.001014,0.022121,0.000000,0.000000,0.000000,1.000000
B,3.0000,R_LittleMetacarpal,0.022749,-0.009318,0.033704,0.018312,0.140343,-0.207036,0.968042
B,3.0000,R_LittleProximal,-0.000002,-0.000001,0.045156,-0.107869,0.027957,0.101423,0.988583
B,3.0000,R_LittleIntermediate,0.000000,0.000000,0.030388,0.233501,0.032152,-0.058195,0.970081
B,3.0000,R_LittleDistal,0.000000,0.000000,0.020091,0.050806,-0.049067,0.000902,0.997502
B,3.0000,R_LittleTip,-0.000244,0.001203,0.021685,0.000000,0.000000,0.000000,1.000000
B,3.0000,R_MiddleMetacarpal,-0.004485,-0.006534,0.032881,0.000000,0.000000,0.000000,1.000000
B,3.0000,R_MiddleProximal,0.002778,0.004018,0.061729,0.019328,0.075637,-0.006953,0.996924
B,3.0000,R_MiddleIntermediate,0.000000,0.000000,0.042462,0.144012,0.002692,-0.012051,0.989499
B,3.0000,R_MiddleDistal,0.000000,0.000000,0.027251,-0.001329,0.000611,-0.043495,0.999053
B,3.0000,R_MiddleTip,0.000305,0.001125,0.024694,0.000000,0.000000,0.000000,1.000000
B,3.0000,R_Palm,-0.003096,-0.004525,0.063745,0.000000,0.000000,0.000000,1.000000
B,3.0000,R_RingMetacarpal,0.014830,-0.005951,0.034399,0.000000,0.000000,0.000000,1.000000
B,3.0000,R_RingProximal,0.002446,-0.000508,0.053334,-0.034654,0.106710,-0.045171,0.992659
B,3.0000,R_RingIntermediate,0.000000,0.000000,0.038574,0.168161,-0.002698,-0.037261,0.985052
B,3.0000,R_RingDistal,0.000000,0.000000,0.026285,0.069814,-0.029558,-0.007917,0.997091
B,3.0000,R_RingTip,0.000255,0.001591,0.024063,0.000000,0.000000,0.000000,1.000000
B,3.0000,R_ThumbMetacarpal,-0.031719,-0.011786,0.032057,-0.106299,-0.470108,0.517716,0.706874
B,3.0000,R_ThumbProximal,0.000000,0.000000,0.032161,0.164426,0.055554,-0.082428,0.981368
B,3.0000,R_ThumbDistal,0.000000,0.000000,0.033427,-0.049519,-0.064324,0.083344,0.993209
B,3.0000,R_ThumbTip,0.000663,0.001016,0.024324,0.000000,0.000000,0.000000,1.000000
B,3.0667,R_Wrist,-0.001413,1.486303,0.584974,-0.491586,-0.292581,-0.221461,0.789744
B,3.0667,R_IndexMetacarpal,-0.020519,-0.007341,0.035020,0.000000,0.000000,0.000000,1.000000
B,3.0667,R_IndexProximal,-0.002777,0.000103,0.059936,-0.023183,-0.001154,0.028368,0.999328
B,3.0667,R_IndexIntermediate,0.000000,0.000000,0.037516,0.148891,0.003273,-0.026319,0.988498
B,3.0667,R_IndexDistal,0.000000,0.000000,0.024040,0.020364,0.025691,-0.016548,0.999326
B,3.0667,R_IndexTip,0.000292,0.001014,0.022121,0.000000,0.000000,0.000000,1.000000
B,3.0667,R_LittleMetacarpal,0.022749,-0.009318,0.033704,0.018312,0.140343,-0.207036,0.968042
B,3.0667,R_LittleProximal,-0.000002,-0.000001,0.045156,-0.107869,0.027957,0.101423,0.988583
B,3.0667,R_LittleIntermediate,0.000000,0.000000,0.030388,0.233501,0.032152,-0.058195,0.970081
B,3.0667,R_LittleDistal,0.000000,0.000000,0.020091,0.050806,-0.049067,0.000902,0.997502
B,3.0667,R_LittleTip,-0.000244,0.001203,0.021685,0.000000,0.000000,0.000000,1.000000
B,3.0667,R_MiddleMetacarpal,-0.004485,-0.006534,0.032881,0.000000,0.000000,0.000000,1.000000
B,3.0667,R_MiddleProximal,0.002778,0.004018,0.061729,0.019328,0.075637,-0.006953,0.996924
B,3.0667,R_MiddleIntermediate,0.000000,0.000000,0.042462,0.144012,0.002692,-0.012051,0.989499
B,3.0667,R_MiddleDistal,0.000000,0.000000,0.027251,-0.001329,0.000611,-0.043495,0.999053
B,3.0667,R_MiddleTip,0.000305,0.001125,0.024694,0.000000,0.000000,0.000000,1.000000
B,3.0667,R_Palm,-0.003096,-0.004525,0.063746,0.000000,0.000000,0.000000,1.000000
B,3.0667,R_RingMetacarpal,0.014830,-0.005951,0.034399,0.000000,0.000000,0.000000,1.000000
B,3.0667,R_RingProximal,0.002446,-0.000508,0.053334,-0.034654,0.106710,-0.045171,0.992659
B,3.0667,R_RingIntermediate,0.000000,0.000000,0.038574,0.168161,-0.002698,-0.037261,0.985052
B,3.0667,R_RingDistal,0.000000,0.000000,0.026285,0.069814,-0.029558,-0.007917,0.997091
B,3.0667,R_RingTip,0.000255,0.001591,0.024063,0.000000,0.000000,0.000000,1.000000
B,3.0667,R_ThumbMetacarpal,-0.031719,-0.011786,0.032057,-0.106299,-0.470108,0.517716,0.706874
B,3.0667,R_ThumbProximal,0.000000,0.000000,0.032161,0.164426,0.055554,-0.082428,0.981368
B,3.0667,R_ThumbDistal,0.000000,0.000000,0.033427,-0.049519,-0.064324,0.083344,0.993209
B,3.0667,R_ThumbTip,0.000663,0.001016,0.024324,0.000000,0.000000,0.000000,1.000000
B,3.1333,R_Wrist,-0.001413,1.486302,0.584974,-0.491586,-0.292581,-0.221461,0.789744
B,3.1333,R_IndexMetacarpal,-0.020519,-0.007341,0.035020,0.000000,0.000000,0.000000,1.000000
B,3.1333,R_IndexProximal,-0.002777,0.000103,0.059936,-0.023183,-0.001154,0.028368,0.999328
B,3.1333,R_IndexIntermediate,0.000000,0.000000,0.037516,0.148891,0.003273,-0.026319,0.988498
B,3.1333,R_IndexDistal,0.000000,0.000000,0.024040,0.020364,0.025691,-0.016548,0.999326
B,3.1333,R_IndexTip,0.000292,0.001014,0.022121,0.000000,0.000000,0.000000,1.000000
B,3.1333,R_LittleMetacarpal,0.022749,-0.009318,0.033704,0.018312,0.140343,-0.207036,0.968042
B,3.1333,R_LittleProximal,-0.000002,-0.000001,0.045156,-0.107869,0.027957,0.101423,0.988583
B,3.1333,R_LittleIntermediate,0.000000,0.000000,0.030388,0.233501,0.032152,-0.058195,0.970081
B,3.1333,R_LittleDistal,0.000000,0.000000,0.020091,0.050806,-0.049067,0.000902,0.997502
B,3.1333,R_LittleTip,-0.000244,0.001203,0.021685,0.000000,0.000000,0.000000,1.000000
B,3.1333,R_MiddleMetacarpal,-0.004485,-0.006534,0.032881,0.000000,0.000000,0.000000,1.000000
B,3.1333,R_MiddleProximal,0.002778,0.004018,0.061729,0.019328,0.075637,-0.006953,0.996924
B,3.1333,R_MiddleIntermediate,0.000000,0.000000,0.042462,0.144012,0.002692,-0.012051,0.989499
B,3.1333,R_MiddleDistal,0.000000,0.000000,0.027251,-0.001329,0.000611,-0.043495,0.999053
B,3.1333,R_MiddleTip,0.000305,0.001125,0.024694,0.000000,0.000000,0.000000,1.000000
B,3.1333,R_Palm,-0.003096,-0.004525,0.063746,0.000000,0.000000,0.000000,1.000000
B,3.1333,R_RingMetacarpal,0.014830,-0.005951,0.034399,0.000000,0.000000,0.000000,1.000000
B,3.1333,R_RingProximal,0.002446,-0.000508,0.053334,-0.034654,0.106710,-0.045171,0.992659
B,3.1333,R_RingIntermediate,0.000000,0.000000,0.038574,0.168161,-0.002698,-0.037261,0.985052
B,3.1333,R_RingDistal,0.000000,0.000000,0.026285,0.069814,-0.029558,-0.007917,0.997091
B,3.1333,R_RingTip,0.000255,0.001591,0.024063,0.000000,0.000000,0.000000,1.000000
B,3.1333,R_ThumbMetacarpal,-0.031719,-0.011786,0.032057,-0.106299,-0.470108,0.517716,0.706874
B,3.1333,R_ThumbProximal,0.000000,0.000000,0.032161,0.164426,0.055553,-0.082428,0.981368
B,3.1333,R_ThumbDistal,0.000000,0.000000,0.033427,-0.049519,-0.064324,0.083344,0.993209
B,3.1333,R_ThumbTip,0.000663,0.001016,0.024324,0.000000,0.000000,0.000000,1.000000
B,3.2000,R_Wrist,-0.001413,1.486302,0.584975,-0.491586,-0.292581,-0.221461,0.789744
B,3.2000,R_IndexMetacarpal,-0.020519,-0.007341,0.035020,0.000000,0.000000,0.000000,1.000000
B,3.2000,R_IndexProximal,-0.002777,0.000103,0.059936,-0.023183,-0.001154,0.028369,0.999328
B,3.2000,R_IndexIntermediate,0.000000,0.000000,0.037516,0.148891,0.003273,-0.026319,0.988498
B,3.2000,R_IndexDistal,0.000000,0.000000,0.024040,0.020364,0.025691,-0.016548,0.999326
B,3.2000,R_IndexTip,0.000292,0.001014,0.022121,0.000000,0.000000,0.000000,1.000000
B,3.2000,R_LittleMetacarpal,0.022749,-0.009318,0.033704,0.018312,0.140343,-0.207036,0.968042
B,3.2000,R_LittleProximal,-0.000002,-0.000001,0.045156,-0.107869,0.027957,0.101423,0.988583
B,3.2000,R_LittleIntermediate,0.000000,0.000000,0.030388,0.233501,0.032152,-0.058195,0.970081
B,3.2000,R_LittleDistal,0.000000,0.000000,0.020091,0.050806,-0.049067,0.000902,0.997502
B,3.2000,R_LittleTip,-0.000244,0.001203,0.021685,0.000000,0.000000,0.000000,1.000000
B,3.2000,R_MiddleMetacarpal,-0.004485,-0.006534,0.032881,0.000000,0.000000,0.000000,1.000000
B,3.2000,R_MiddleProximal,0.002778,0.004018,0.061729,0.019328,0.075637,-0.006953,0.996924
B,3.2000,R_MiddleIntermediate,0.000000,0.000000,0.042462,0.144012,0.002692,-0.012051,0.989499
B,3.2000,R_MiddleDistal,0.000000,0.000000,0.027251,-0.001329,0.000611,-0.043495,0.999053
B,3.2000,R_MiddleTip,0.000305,0.001125,0.024694,0.000000,0.000000,0.000000,1.000000
B,3.2000,R_Palm,-0.003096,-0.004525,0.063746,0.000000,0.000000,0.000000,1.000000
B,3.2000,R_RingMetacarpal,0.014830,-0.005951,0.034399,0.000000,0.000000,0.000000,1.000000
B,3.2000,R_RingProximal,0.002446,-0.000508,0.053334,-0.034654,0.106710,-0.045171,0.992659
B,3.2000,R_RingIntermediate,0.000000,0.000000,0.038574,0.168161,-0.002698,-0.037262,0.985052
B,3.2000,R_RingDistal,0.000000,0.000000,0.026285,0.069814,-0.029558,-0.007917,0.997091
B,3.2000,R_RingTip,0.000255,0.001591,0.024063,0.000000,0.000000,0.000000,1.000000
B,3.2000,R_ThumbMetacarpal,-0.031719,-0.011786,0.032057,-0.106299,-0.470108,0.517716,0.706874
B,3.2000,R_ThumbProximal,0.000000,0.000000,0.032161,0.164426,0.055553,-0.082428,0.981368
B,3.2000,R_ThumbDistal,0.000000,0.000000,0.033427,-0.049519,-0.064324,0.083344,0.993209
B,3.2000,R_ThumbTip,0.000663,0.001016,0.024324,0.000000,0.000000,0.000000,1.000000
B,3.2667,R_Wrist,-0.001413,1.486302,0.584975,-0.491586,-0.292581,-0.221461,0.789744
B,3.2667,R_IndexMetacarpal,-0.020519,-0.007341,0.035020,0.000000,0.000000,0.000000,1.000000
B,3.2667,R_IndexProximal,-0.002777,0.000103,0.059936,-0.023183,-0.001154,0.028369,0.999328
B,3.2667,R_IndexIntermediate,0.000000,0.000000,0.037516,0.148891,0.003273,-0.026319,0.988498
B,3.2667,R_IndexDistal,0.000000,0.000000,0.024040,0.020364,0.025691,-0.016548,0.999326
B,3.2667,R_IndexTip,0.000292,0.001014,0.022121,0.000000,0.000000,0.000000,1.000000
B,3.2667,R_LittleMetacarpal,0.022749,-0.009318,0.033704,0.018312,0.140343,-0.207036,0.968042
B,3.2667,R_LittleProximal,-0.000002,-0.000001,0.045156,-0.107869,0.027957,0.101423,0.988583
B,3.2667,R_LittleIntermediate,0.000000,0.000000,0.030388,0.233501,0.032152,-0.058195,0.970081
B,3.2667,R_LittleDistal,0.000000,0.000000,0.020091,0.050806,-0.049067,0.000902,0.997502
B,3.2667,R_LittleTip,-0.000244,0.001203,0.021685,0.000000,0.000000,0.000000,1.000000
B,3.2667,R_MiddleMetacarpal,-0.004485,-0.006534,0.032881,0.000000,0.000000,0.000000,1.000000
B,3.2667,R_MiddleProximal,0.002778,0.004018,0.061729,0.019328,0.075637,-0.006953,0.996924
B,3.2667,R_MiddleIntermediate,0.000000,0.000000,0.042462,0.144011,0.002692,-0.012051,0.989499
B,3.2667,R_MiddleDistal,0.000000,0.000000,0.027251,-0.001329,0.000611,-0.043495,0.999053
B,3.2667,R_MiddleTip,0.000305,0.001125,0.024694,0.000000,0.000000,0.000000,1.000000
B,3.2667,R_Palm,-0.003096,-0.004525,0.063746,0.000000,0.000000,0.000000,1.000000
B,3.2667,R_RingMetacarpal,0.014830,-0.005951,0.034399,0.000000,0.000000,0.000000,1.000000
B,3.2667,R_RingProximal,0.002446,-0.000508,0.053334,-0.034654,0.106710,-0.045171,0.992659
B,3.2667,R_RingIntermediate,0.000000,0.000000,0.038574,0.168161,-0.002698,-0.037262,0.985052
B,3.2667,R_RingDistal,0.000000,0.000000,0.026285,0.069815,-0.029558,-0.007917,0.997091
B,3.2667,R_RingTip,0.000255,0.001591,0.024063,0.000000,0.000000,0.000000,1.000000
B,3.2667,R_ThumbMetacarpal,-0.031719,-0.011786,0.032057,-0.106299,-0.470108,0.517716,0.706874
B,3.2667,R_ThumbProximal,0.000000,0.000000,0.032161,0.164426,0.055554,-0.082428,0.981368
B,3.2667,R_ThumbDistal,0.000000,0.000000,0.033427,-0.049519,-0.064324,0.083344,0.993209
B,3.2667,R_ThumbTip,0.000663,0.001016,0.024324,0.000000,0.000000,0.000000,1.000000
B,3.3333,R_Wrist,-0.001413,1.486301,0.584975,-0.491586,-0.292581,-0.221461,0.789744
B,3.3333,R_IndexMetacarpal,-0.020519,-0.007341,0.035020,0.000000,0.000000,0.000000,1.000000
B,3.3333,R_IndexProximal,-0.002777,0.000103,0.059936,-0.023183,-0.001154,0.028369,0.999328
B,3.3333,R_IndexIntermediate,0.000000,0.000000,0.037516,0.148891,0.003273,-0.026319,0.988498
B,3.3333,R_IndexDistal,0.000000,0.000000,0.024040,0.020364,0.025691,-0.016548,0.999326
B,3.3333,R_IndexTip,0.000292,0.001014,0.022121,0.000000,0.000000,0.000000,1.000000
B,3.3333,R_LittleMetacarpal,0.022749,-0.009318,0.033705,0.018312,0.140343,-0.207036,0.968042
B,3.3333,R_LittleProximal,-0.000002,-0.000001,0.045156,-0.107869,0.027957,0.101423,0.988583
B,3.3333,R_LittleIntermediate,0.000000,0.000000,0.030388,0.233501,0.032152,-0.058195,0.970081
B,3.3333,R_LittleDistal,0.000000,0.000000,0.020091,0.050806,-0.049067,0.000902,0.997502
B,3.3333,R_LittleTip,-0.000244,0.001203,0.021685,0.000000,0.000000,0.000000,1.000000
B,3.3333,R_MiddleMetacarpal,-0.004485,-0.006534,0.032881,0.000000,0.000000,0.000000,1.000000
B,3.3333,R_MiddleProximal,0.002778,0.004018,0.061730,0.019328,0.075637,-0.006953,0.996924
B,3.3333,R_MiddleIntermediate,0.000000,0.000000,0.042462,0.144012,0.002692,-0.012051,0.989499
B,3.3333,R_MiddleDistal,0.000000,0.000000,0.027251,-0.001329,0.000611,-0.043495,0.999053
B,3.3333,R_MiddleTip,0.000305,0.001125,0.024694,0.000000,0.000000,0.000000,1.000000
B,3.3333,R_Palm,-0.003096,-0.004525,0.063746,0.000000,0.000000,0.000000,1.000000
B,3.3333,R_RingMetacarpal,0.014830,-0.005951,0.034399,0.000000,0.000000,0.000000,1.000000
B,3.3333,R_RingProximal,0.002446,-0.000508,0.053334,-0.034654,0.106710,-0.045171,0.992659
B,3.3333,R_RingIntermediate,0.000000,0.000000,0.038574,0.168161,-0.002698,-0.037261,0.985052
B,3.3333,R_RingDistal,0.000000,0.000000,0.026286,0.069814,-0.029558,-0.007917,0.997091
B,3.3333,R_RingTip,0.000255,0.001591,0.024063,0.000000,0.000000,0.000000,1.000000
B,3.3333,R_ThumbMetacarpal,-0.031719,-0.011786,0.032057,-0.106299,-0.470108,0.517716,0.706874
B,3.3333,R_ThumbProximal,0.000000,0.000000,0.032161,0.164426,0.055554,-0.082428,0.981368
B,3.3333,R_ThumbDistal,0.000000,0.000000,0.033427,-0.049519,-0.064324,0.083344,0.993209
B,3.3333,R_ThumbTip,0.000663,0.001016,0.024324,0.000000,0.000000,0.000000,1.000000
B,3.4000,R_Wrist,-0.001413,1.486301,0.584976,-0.491586,-0.292581,-0.221461,0.789744
B,3.4000,R_IndexMetacarpal,-0.020519,-0.007341,0.035020,0.000000,0.000000,0.000000,1.000000
B,3.4000,R_IndexProximal,-0.002777,0.000103,0.059936,-0.023183,-0.001154,0.028369,0.999328
B,3.4000,R_IndexIntermediate,0.000000,0.000000,0.037516,0.148891,0.003273,-0.026319,0.988498
B,3.4000,R_IndexDistal,0.000000,0.000000,0.024040,0.020364,0.025691,-0.016548,0.999326
B,3.4000,R_IndexTip,0.000292,0.001014,0.022121,0.000000,0.000000,0.000000,1.000000
B,3.4000,R_LittleMetacarpal,0.022749,-0.009318,0.033705,0.018312,0.140343,-0.207036,0.968042
B,3.4000,R_LittleProximal,-0.000002,-0.000001,0.045156,-0.107869,0.027957,0.101423,0.988583
B,3.4000,R_LittleIntermediate,0.000000,0.000000,0.030388,0.233501,0.032152,-0.058195,0.970081
B,3.4000,R_LittleDistal,0.000000,0.000000,0.020091,0.050806,-0.049067,0.000902,0.997502
B,3.4000,R_LittleTip,-0.000244,0.001203,0.021685,0.000000,0.000000,0.000000,1.000000
B,3.4000,R_MiddleMetacarpal,-0.004485,-0.006534,0.032881,0.000000,0.000000,0.000000,1.000000
B,3.4000,R_MiddleProximal,0.002778,0.004018,0.061730,0.019328,0.075637,-0.006953,0.996924
B,3.4000,R_MiddleIntermediate,0.000000,0.000000,0.042462,0.144012,0.002692,-0.012051,0.989499
B,3.4000,R_MiddleDistal,0.000000,0.000000,0.027251,-0.001329,0.000611,-0.043495,0.999053
B,3.4000,R_MiddleTip,0.000305,0.001125,0.024694,0.000000,0.000000,0.000000,1.000000
B,3.4000,R_Palm,-0.003096,-0.004525,0.063746,0.000000,0.000000,0.000000,1.000000
B,3.4000,R_RingMetacarpal,0.014830,-0.005951,0.034399,0.000000,0.000000,0.000000,1.000000
B,3.4000,R_RingProximal,0.002446,-0.000508,0.053334,-0.034654,0.106710,-0.045171,0.992659
B,3.4000,R_RingIntermediate,0.000000,0.000000,0.038574,0.168161,-0.002698,-0.037261,0.985052
B,3.4000,R_RingDistal,0.000000,0.000000,0.026285,0.069814,-0.029558,-0.007917,0.997091
B,3.4000,R_RingTip,0.000255,0.001591,0.024063,0.000000,0.000000,0.000000,1.000000
B,3.4000,R_ThumbMetacarpal,-0.031719,-0.011786,0.032057,-0.106299,-0.470108,0.517716,0.706874
B,3.4000,R_ThumbProximal,0.000000,0.000000,0.032161,0.164426,0.055554,-0.082428,0.981368
B,3.4000,R_ThumbDistal,0.000000,0.000000,0.033427,-0.049519,-0.064324,0.083344,0.993209
B,3.4000,R_ThumbTip,0.000663,0.001016,0.024324,0.000000,0.000000,0.000000,1.000000
B,3.4667,R_Wrist,-0.001413,1.486301,0.584976,-0.491586,-0.292581,-0.221461,0.789744
B,3.4667,R_IndexMetacarpal,-0.020519,-0.007341,0.035020,0.000000,0.000000,0.000000,1.000000
B,3.4667,R_IndexProximal,-0.002777,0.000103,0.059936,-0.023183,-0.001154,0.028369,0.999328
B,3.4667,R_IndexIntermediate,0.000000,0.000000,0.037516,0.148891,0.003273,-0.026319,0.988498
B,3.4667,R_IndexDistal,0.000000,0.000000,0.024041,0.020364,0.025691,-0.016548,0.999326
B,3.4667,R_IndexTip,0.000292,0.001014,0.022121,0.000000,0.000000,0.000000,1.000000
B,3.4667,R_LittleMetacarpal,0.022749,-0.009318,0.033705,0.018312,0.140343,-0.207036,0.968042
B,3.4667,R_LittleProximal,-0.000002,-0.000001,0.045156,-0.107869,0.027957,0.101423,0.988583
B,3.4667,R_LittleIntermediate,0.000000,0.000000,0.030388,0.233501,0.032152,-0.058195,0.970081
B,3.4667,R_LittleDistal,0.000000,0.000000,0.020091,0.050806,-0.049067,0.000902,0.997502
B,3.4667,R_LittleTip,-0.000244,0.001203,0.021685,0.000000,0.000000,0.000000,1.000000
B,3.4667,R_MiddleMetacarpal,-0.004485,-0.006534,0.032881,0.000000,0.000000,0.000000,1.000000
B,3.4667,R_MiddleProximal,0.002778,0.004018,0.061730,0.019328,0.075637,-0.006953,0.996924
B,3.4667,R_MiddleIntermediate,0.000000,0.000000,0.042462,0.144012,0.002692,-0.012051,0.989499
B,3.4667,R_MiddleDistal,0.000000,0.000000,0.027251,-0.001329,0.000611,-0.043495,0.999053
B,3.4667,R_MiddleTip,0.000305,0.001125,0.024694,0.000000,0.000000,0.000000,1.000000
B,3.4667,R_Palm,-0.003096,-0.004525,0.063746,0.000000,0.000000,0.000000,1.000000
B,3.4667,R_RingMetacarpal,0.014830,-0.005951,0.034399,0.000000,0.000000,0.000000,1.000000
B,3.4667,R_RingProximal,0.002446,-0.000508,0.053334,-0.034654,0.106710,-0.045171,0.992659
B,3.4667,R_RingIntermediate,0.000000,0.000000,0.038574,0.168161,-0.002698,-0.037261,0.985052
B,3.4667,R_RingDistal,0.000000,0.000000,0.026286,0.069814,-0.029558,-0.007917,0.997091
B,3.4667,R_RingTip,0.000255,0.001591,0.024063,0.000000,0.000000,0.000000,1.000000
B,3.4667,R_ThumbMetacarpal,-0.031719,-0.011786,0.032057,-0.106299,-0.470108,0.517716,0.706874
B,3.4667,R_ThumbProximal,0.000000,0.000000,0.032161,0.164426,0.055553,-0.082428,0.981368
B,3.4667,R_ThumbDistal,0.000000,0.000000,0.033427,-0.049519,-0.064324,0.083344,0.993209
B,3.4667,R_ThumbTip,0.000663,0.001016,0.024324,0.000000,0.000000,0.000000,1.000000
B,3.5333,R_Wrist,-0.001413,1.486300,0.584976,-0.491586,-0.292581,-0.221461,0.789744
B,3.5333,R_IndexMetacarpal,-0.020519,-0.007341,0.035020,0.000000,0.000000,0.000000,1.000000
B,3.5333,R_IndexProximal,-0.002777,0.000103,0.059936,-0.023183,-0.001154,0.028369,0.999328
B,3.5333,R_IndexIntermediate,0.000000,0.000000,0.037516,0.148891,0.003273,-0.026319,0.988498
B,3.5333,R_IndexDistal,0.000000,0.000000,0.024041,0.020364,0.025691,-0.016548,0.999326
B,3.5333,R_IndexTip,0.000292,0.001014,0.022121,0.000000,0.000000,0.000000,1.000000
B,3.5333,R_LittleMetacarpal,0.022749,-0.009318,0.033705,0.018312,0.140343,-0.207036,0.968042
B,3.5333,R_LittleProximal,-0.000002,-0.000001,0.045156,-0.107869,0.027957,0.101423,0.988583
B,3.5333,R_LittleIntermediate,0.000000,0.000000,0.030388,0.233501,0.032152,-0.058195,0.970081
B,3.5333,R_LittleDistal,0.000000,0.000000,0.020091,0.050806,-0.049067,0.000902,0.997502
B,3.5333,R_LittleTip,-0.000244,0.001203,0.021685,0.000000,0.000000,0.000000,1.000000
B,3.5333,R_MiddleMetacarpal,-0.004485,-0.006534,0.032881,0.000000,0.000000,0.000000,1.000000
B,3.5333,R_MiddleProximal,0.002778,0.004018,0.061730,0.019328,0.075637,-0.006953,0.996924
B,3.5333,R_MiddleIntermediate,0.000000,0.000000,0.042462,0.144012,0.002692,-0.012051,0.989499
B,3.5333,R_MiddleDistal,0.000000,0.000000,0.027251,-0.001329,0.000611,-0.043495,0.999053
B,3.5333,R_MiddleTip,0.000305,0.001125,0.024694,0.000000,0.000000,0.000000,1.000000
B,3.5333,R_Palm,-0.003096,-0.004525,0.063746,0.000000,0.000000,0.000000,1.000000
B,3.5333,R_RingMetacarpal,0.014830,-0.005951,0.034399,0.000000,0.000000,0.000000,1.000000
B,3.5333,R_RingProximal,0.002446,-0.000508,0.053334,-0.034654,0.106710,-0.045171,0.992659
B,3.5333,R_RingIntermediate,0.000000,0.000000,0.038574,0.168161,-0.002698,-0.037261,0.985052
B,3.5333,R_RingDistal,0.000000,0.000000,0.026286,0.069814,-0.029558,-0.007917,0.997091
B,3.5333,R_RingTip,0.000255,0.001591,0.024063,0.000000,0.000000,0.000000,1.000000
B,3.5333,R_ThumbMetacarpal,-0.031719,-0.011786,0.032057,-0.106299,-0.470108,0.517716,0.706874
B,3.5333,R_ThumbProximal,0.000000,0.000000,0.032161,0.164426,0.055553,-0.082428,0.981368
B,3.5333,R_ThumbDistal,0.000000,0.000000,0.033427,-0.049519,-0.064324,0.083344,0.993209
B,3.5333,R_ThumbTip,0.000663,0.001016,0.024324,0.000000,0.000000,0.000000,1.000000
B,3.6000,R_Wrist,-0.001413,1.486300,0.584977,-0.491586,-0.292581,-0.221461,0.789744
B,3.6000,R_IndexMetacarpal,-0.020519,-0.007341,0.035020,0.000000,0.000000,0.000000,1.000000
B,3.6000,R_IndexProximal,-0.002777,0.000103,0.059936,-0.023183,-0.001154,0.028369,0.999328
B,3.6000,R_IndexIntermediate,0.000000,0.000000,0.037517,0.148891,0.003273,-0.026319,0.988498
B,3.6000,R_IndexDistal,0.000000,0.000000,0.024041,0.020364,0.025691,-0.016548,0.999326
B,3.6000,R_IndexTip,0.000292,0.001014,0.022121,0.000000,0.000000,0.000000,1.000000
B,3.6000,R_LittleMetacarpal,0.022750,-0.009318,0.033705,0.018312,0.140343,-0.207036,0.968042
B,3.6000,R_LittleProximal,-0.000002,-0.000001,0.045156,-0.107869,0.027957,0.101423,0.988583
B,3.6000,R_LittleIntermediate,0.000000,0.000000,0.030388,0.233501,0.032152,-0.058195,0.970081
B,3.6000,R_LittleDistal,0.000000,0.000000,0.020091,0.050806,-0.049067,0.000902,0.997502
B,3.6000,R_LittleTip,-0.000244,0.001203,0.021685,0.000000,0.000000,0.000000,1.000000
B,3.6000,R_MiddleMetacarpal,-0.004485,-0.006534,0.032881,0.000000,0.000000,0.000000,1.000000
B,3.6000,R_MiddleProximal,0.002778,0.004018,0.061730,0.019328,0.075637,-0.006953,0.996924
B,3.6000,R_MiddleIntermediate,0.000000,0.000000,0.042462,0.144012,0.002692,-0.012051,0.989499
B,3.6000,R_MiddleDistal,0.000000,0.000000,0.027251,-0.001329,0.000611,-0.043495,0.999053
B,3.6000,R_MiddleTip,0.000305,0.001125,0.024694,0.000000,0.000000,0.000000,1.000000
B,3.6000,R_Palm,-0.003096,-0.004525,0.063746,0.000000,0.000000,0.000000,1.000000
B,3.6000,R_RingMetacarpal,0.014830,-0.005951,0.034399,0.000000,0.000000,0.000000,1.000000
B,3.6000,R_RingProximal,0.002446,-0.000508,0.053334,-0.034654,0.106710,-0.045171,0.992659
B,3.6000,R_RingIntermediate,0.000000,0.000000,0.038574,0.168161,-0.002698,-0.037261,0.985052
B,3.6000,R_RingDistal,0.000000,0.000000,0.026285,0.069814,-0.029558,-0.007917,0.997091
B,3.6000,R_RingTip,0.000255,0.001591,0.024063,0.000000,0.000000,0.000000,1.000000
B,3.6000,R_ThumbMetacarpal,-0.031719,-0.011786,0.032057,-0.106299,-0.470108,0.517716,0.706874
B,3.6000,R_ThumbProximal,0.000000,0.000000,0.032161,0.164426,0.055553,-0.082428,0.981368
B,3.6000,R_ThumbDistal,0.000000,0.000000,0.033427,-0.049519,-0.064324,0.083344,0.993209
B,3.6000,R_ThumbTip,0.000663,0.001016,0.024325,0.000000,0.000000,0.000000,1.000000
B,3.6667,R_Wrist,-0.001413,1.486300,0.584977,-0.491586,-0.292581,-0.221461,0.789744
B,3.6667,R_IndexMetacarpal,-0.020519,-0.007341,0.035020,0.000000,0.000000,0.000000,1.000000
B,3.6667,R_IndexProximal,-0.002777,0.000103,0.059936,-0.023183,-0.001154,0.028369,0.999328
B,3.6667,R_IndexIntermediate,0.000000,0.000000,0.037517,0.148891,0.003273,-0.026319,0.988498
B,3.6667,R_IndexDistal,0.000000,0.000000,0.024040,0.020364,0.025691,-0.016548,0.999326
B,3.6667,R_IndexTip,0.000292,0.001014,0.022121,0.000000,0.000000,0.000000,1.000000
B,3.6667,R_LittleMetacarpal,0.022750,-0.009318,0.033705,0.018312,0.140343,-0.207036,0.968042
B,3.6667,R_LittleProximal,-0.000002,-0.000001,0.045156,-0.107869,0.027957,0.101423,0.988583
B,3.6667,R_LittleIntermediate,0.000000,0.000000,0.030388,0.233501,0.032152,-0.058195,0.970081
B,3.6667,R_LittleDistal,0.000000,0.000000,0.020091,0.050806,-0.049067,0.000902,0.997502
B,3.6667,R_LittleTip,-0.000244,0.001203,0.021685,0.000000,0.000000,0.000000,1.000000
B,3.6667,R_MiddleMetacarpal,-0.004485,-0.006534,0.032881,0.000000,0.000000,0.000000,1.000000
B,3.6667,R_MiddleProximal,0.002778,0.004018,0.061730,0.019328,0.075637,-0.006953,0.996924
B,3.6667,R_MiddleIntermediate,0.000000,0.000000,0.042462,0.144011,0.002692,-0.012051,0.989499
B,3.6667,R_MiddleDistal,0.000000,0.000000,0.027251,-0.001329,0.000611,-0.043495,0.999053
B,3.6667,R_MiddleTip,0.000305,0.001125,0.024695,0.000000,0.000000,0.000000,1.000000
B,3.6667,R_Palm,-0.003096,-0.004525,0.063746,0.000000,0.000000,0.000000,1.000000
B,3.6667,R_RingMetacarpal,0.014830,-0.005951,0.034399,0.000000,0.000000,0.000000,1.000000
B,3.6667,R_RingProximal,0.002446,-0.000508,0.053334,-0.034654,0.106710,-0.045171,0.992659
B,3.6667,R_RingIntermediate,0.000000,0.000000,0.038574,0.168161,-0.002698,-0.037261,0.985052
B,3.6667,R_RingDistal,0.000000,0.000000,0.026285,0.069814,-0.029558,-0.007917,0.997091
B,3.6667,R_RingTip,0.000255,0.001591,0.024063,0.000000,0.000000,0.000000,1.000000
B,3.6667,R_ThumbMetacarpal,-0.031719,-0.011786,0.032057,-0.106299,-0.470108,0.517716,0.706874
B,3.6667,R_ThumbProximal,0.000000,0.000000,0.032161,0.164426,0.055554,-0.082428,0.981368
B,3.6667,R_ThumbDistal,0.000000,0.000000,0.033427,-0.049519,-0.064324,0.083344,0.993209
B,3.6667,R_ThumbTip,0.000663,0.001016,0.024325,0.000000,0.000000,0.000000,1.000000
B,3.7333,R_Wrist,-0.001413,1.486299,0.584977,-0.491586,-0.292581,-0.221461,0.789744
B,3.7333,R_IndexMetacarpal,-0.020519,-0.007341,0.035020,0.000000,0.000000,0.000000,1.000000
B,3.7333,R_IndexProximal,-0.002777,0.000103,0.059937,-0.023183,-0.001154,0.028369,0.999328
B,3.7333,R_IndexIntermediate,0.000000,0.000000,0.037517,0.148891,0.003273,-0.026319,0.988498
B,3.7333,R_IndexDistal,0.000000,0.000000,0.024041,0.020364,0.025691,-0.016548,0.999326
B,3.7333,R_IndexTip,0.000292,0.001014,0.022121,0.000000,0.000000,0.000000,1.000000
B,3.7333,R_LittleMetacarpal,0.022749,-0.009318,0.033705,0.018312,0.140343,-0.207036,0.968042
B,3.7333,R_LittleProximal,-0.000002,-0.000001,0.045156,-0.107869,0.027957,0.101423,0.988583
B,3.7333,R_LittleIntermediate,0.000000,0.000000,0.030388,0.233501,0.032152,-0.058195,0.970081
B,3.7333,R_LittleDistal,0.000000,0.000000,0.020091,0.050806,-0.049067,0.000902,0.997502
B,3.7333,R_LittleTip,-0.000244,0.001203,0.021685,0.000000,0.000000,0.000000,1.000000
B,3.7333,R_MiddleMetacarpal,-0.004485,-0.006534,0.032881,0.000000,0.000000,0.000000,1.000000
B,3.7333,R_MiddleProximal,0.002778,0.004018,0.061730,0.019328,0.075637,-0.006953,0.996924
B,3.7333,R_MiddleIntermediate,0.000000,0.000000,0.042462,0.144012,0.002692,-0.012051,0.989499
B,3.7333,R_MiddleDistal,0.000000,0.000000,0.027251,-0.001329,0.000611,-0.043495,0.999053
B,3.7333,R_MiddleTip,0.000305,0.001125,0.024695,0.000000,0.000000,0.000000,1.000000
B,3.7333,R_Palm,-0.003096,-0.004525,0.063746,0.000000,0.000000,0.000000,1.000000
B,3.7333,R_RingMetacarpal,0.014830,-0.005951,0.034399,0.000000,0.000000,0.000000,1.000000
B,3.7333,R_RingProximal,0.002446,-0.000508,0.053334,-0.034654,0.106710,-0.045171,0.992659
B,3.7333,R_RingIntermediate,0.000000,0.000000,0.038574,0.168161,-0.002698,-0.037261,0.985051
B,3.7333,R_RingDistal,0.000000,0.000000,0.026286,0.069814,-0.029558,-0.007917,0.997091
B,3.7333,R_RingTip,0.000255,0.001591,0.024063,0.000000,0.000000,0.000000,1.000000
B,3.7333,R_ThumbMetacarpal,-0.031719,-0.011786,0.032057,-0.106299,-0.470108,0.517716,0.706874
B,3.7333,R_ThumbProximal,0.000000,0.000000,0.032161,0.164426,0.055554,-0.082428,0.981368
B,3.7333,R_ThumbDistal,0.000000,0.000000,0.033427,-0.049519,-0.064324,0.083344,0.993209
B,3.7333,R_ThumbTip,0.000663,0.001016,0.024325,0.000000,0.000000,0.000000,1.000000
B,3.8000,R_Wrist,-0.001412,1.486299,0.584978,-0.491586,-0.292581,-0.221461,0.789744
B,3.8000,R_IndexMetacarpal,-0.020519,-0.007341,0.035020,0.000000,0.000000,0.000000,1.000000
B,3.8000,R_IndexProximal,-0.002777,0.000103,0.059937,-0.023183,-0.001154,0.028368,0.999328
B,3.8000,R_IndexIntermediate,0.000000,0.000000,0.037517,0.148891,0.003273,-0.026319,0.988498
B,3.8000,R_IndexDistal,0.000000,0.000000,0.024041,0.020364,0.025691,-0.016548,0.999326
B,3.8000,R_IndexTip,0.000292,0.001014,0.022121,0.000000,0.000000,0.000000,1.000000
B,3.8000,R_LittleMetacarpal,0.022750,-0.009318,0.033705,0.018312,0.140343,-0.207036,0.968042
B,3.8000,R_LittleProximal,-0.000002,-0.000001,0.045156,-0.107869,0.027957,0.101423,0.988583
B,3.8000,R_LittleIntermediate,0.000000,0.000000,0.030388,0.233501,0.032152,-0.058195,0.970081
B,3.8000,R_LittleDistal,0.000000,0.000000,0.020091,0.050806,-0.049067,0.000902,0.997502
B,3.8000,R_LittleTip,-0.000244,0.001203,0.021685,0.000000,0.000000,0.000000,1.000000
B,3.8000,R_MiddleMetacarpal,-0.004485,-0.006534,0.032881,0.000000,0.000000,0.000000,1.000000
B,3.8000,R_MiddleProximal,0.002778,0.004018,0.061730,0.019328,0.075637,-0.006953,0.996924
B,3.8000,R_MiddleIntermediate,0.000000,0.000000,0.042462,0.144012,0.002692,-0.012051,0.989499
B,3.8000,R_MiddleDistal,0.000000,0.000000,0.027251,-0.001329,0.000611,-0.043495,0.999053
B,3.8000,R_MiddleTip,0.000305,0.001125,0.024695,0.000000,0.000000,0.000000,1.000000
B,3.8000,R_Palm,-0.003096,-0.004525,0.063746,0.000000,0.000000,0.000000,1.000000
B,3.8000,R_RingMetacarpal,0.014830,-0.005951,0.034399,0.000000,0.000000,0.000000,1.000000
B,3.8000,R_RingProximal,0.002446,-0.000508,0.053334,-0.034654,0.106710,-0.045171,0.992659
B,3.8000,R_RingIntermediate,0.000000,0.000000,0.038574,0.168161,-0.002698,-0.037261,0.985052
B,3.8000,R_RingDistal,0.000000,0.000000,0.026286,0.069814,-0.029558,-0.007917,0.997091
B,3.8000,R_RingTip,0.000255,0.001591,0.024063,0.000000,0.000000,0.000000,1.000000
B,3.8000,R_ThumbMetacarpal,-0.031719,-0.011786,0.032058,-0.106299,-0.470108,0.517716,0.706874
B,3.8000,R_ThumbProximal,0.000000,0.000000,0.032161,0.164426,0.055553,-0.082428,0.981368
B,3.8000,R_ThumbDistal,0.000000,0.000000,0.033427,-0.049519,-0.064324,0.083344,0.993209
B,3.8000,R_ThumbTip,0.000663,0.001016,0.024325,0.000000,0.000000,0.000000,1.000000
B,3.8667,R_Wrist,-0.001412,1.486298,0.584978,-0.491586,-0.292581,-0.221461,0.789744
B,3.8667,R_IndexMetacarpal,-0.020519,-0.007341,0.035020,0.000000,0.000000,0.000000,1.000000
B,3.8667,R_IndexProximal,-0.002777,0.000103,0.059937,-0.023183,-0.001154,0.028368,0.999328
B,3.8667,R_IndexIntermediate,0.000000,0.000000,0.037517,0.148891,0.003273,-0.026319,0.988498
B,3.8667,R_IndexDistal,0.000000,0.000000,0.024041,0.020364,0.025691,-0.016548,0.999326
B,3.8667,R_IndexTip,0.000292,0.001014,0.022121,0.000000,0.000000,0.000000,1.000000
B,3.8667,R_LittleMetacarpal,0.022750,-0.009318,0.033705,0.018312,0.140343,-0.207036,0.968042
B,3.8667,R_LittleProximal,-0.000002,-0.000001,0.045156,-0.107869,0.027957,0.101423,0.988583
B,3.8667,R_LittleIntermediate,0.000000,0.000000,0.030388,0.233501,0.032152,-0.058195,0.970081
B,3.8667,R_LittleDistal,0.000000,0.000000,0.020091,0.050806,-0.049067,0.000902,0.997502
B,3.8667,R_LittleTip,-0.000244,0.001203,0.021685,0.000000,0.000000,0.000000,1.000000
B,3.8667,R_MiddleMetacarpal,-0.004485,-0.006534,0.032881,0.000000,0.000000,0.000000,1.000000
B,3.8667,R_MiddleProximal,0.002778,0.004018,0.061730,0.019328,0.075637,-0.006953,0.996924
B,3.8667,R_MiddleIntermediate,0.000000,0.000000,0.042462,0.144012,0.002692,-0.012051,0.989499
B,3.8667,R_MiddleDistal,0.000000,0.000000,0.027251,-0.001329,0.000611,-0.043495,0.999053
B,3.8667,R_MiddleTip,0.000305,0.001125,0.024695,0.000000,0.000000,0.000000,1.000000
B,3.8667,R_Palm,-0.003096,-0.004525,0.063746,0.000000,0.000000,0.000000,1.000000
B,3.8667,R_RingMetacarpal,0.014830,-0.005951,0.034399,0.000000,0.000000,0.000000,1.000000
B,3.8667,R_RingProximal,0.002446,-0.000508,0.053334,-0.034654,0.106710,-0.045171,0.992659
B,3.8667,R_RingIntermediate,0.000000,0.000000,0.038574,0.168161,-0.002698,-0.037261,0.985051
B,3.8667,R_RingDistal,0.000000,0.000000,0.026286,0.069814,-0.029558,-0.007917,0.997091
B,3.8667,R_RingTip,0.000255,0.001591,0.024063,0.000000,0.000000,0.000000,1.000000
B,3.8667,R_ThumbMetacarpal,-0.031719,-0.011786,0.032058,-0.106299,-0.470108,0.517716,0.706874
B,3.8667,R_ThumbProximal,0.000000,0.000000,0.032161,0.164426,0.055554,-0.082428,0.981368
B,3.8667,R_ThumbDistal,0.000000,0.000000,0.033427,-0.049519,-0.064324,0.083344,0.993209
B,3.8667,R_ThumbTip,0.000663,0.001016,0.024325,0.000000,0.000000,0.000000,1.000000
B,3.9333,R_Wrist,-0.001412,1.486298,0.584979,-0.491586,-0.292581,-0.221461,0.789744
B,3.9333,R_IndexMetacarpal,-0.020519,-0.007341,0.035020,0.000000,0.000000,0.000000,1.000000
B,3.9333,R_IndexProximal,-0.002777,0.000103,0.059937,-0.023183,-0.001154,0.028368,0.999328
B,3.9333,R_IndexIntermediate,0.000000,0.000000,0.037517,0.148891,0.003273,-0.026319,0.988498
B,3.9333,R_IndexDistal,0.000000,0.000000,0.024041,0.020364,0.025691,-0.016548,0.999326
B,3.9333,R_IndexTip,0.000292,0.001014,0.022121,0.000000,0.000000,0.000000,1.000000
B,3.9333,R_LittleMetacarpal,0.022750,-0.009318,0.033705,0.018312,0.140343,-0.207036,0.968042
B,3.9333,R_LittleProximal,-0.000002,-0.000001,0.045156,-0.107869,0.027957,0.101423,0.988583
B,3.9333,R_LittleIntermediate,0.000000,0.000000,0.030388,0.233501,0.032152,-0.058195,0.970081
B,3.9333,R_LittleDistal,0.000000,0.000000,0.020092,0.050806,-0.049067,0.000902,0.997502
B,3.9333,R_LittleTip,-0.000244,0.001203,0.021685,0.000000,0.000000,0.000000,1.000000
B,3.9333,R_MiddleMetacarpal,-0.004485,-0.006534,0.032881,0.000000,0.000000,0.000000,1.000000
B,3.9333,R_MiddleProximal,0.002778,0.004018,0.061730,0.019328,0.075637,-0.006953,0.996924
B,3.9333,R_MiddleIntermediate,0.000000,0.000000,0.042462,0.144012,0.002692,-0.012051,0.989499
B,3.9333,R_MiddleDistal,0.000000,0.000000,0.027251,-0.001329,0.000611,-0.043495,0.999053
B,3.9333,R_MiddleTip,0.000305,0.001125,0.024695,0.000000,0.000000,0.000000,1.000000
B,3.9333,R_Palm,-0.003096,-0.004525,0.063746,0.000000,0.000000,0.000000,1.000000
B,3.9333,R_RingMetacarpal,0.014830,-0.005951,0.034399,0.000000,0.000000,0.000000,1.000000
B,3.9333,R_RingProximal,0.002446,-0.000508,0.053334,-0.034654,0.106710,-0.045171,0.992659
B,3.9333,R_RingIntermediate,0.000000,0.000000,0.038574,0.168161,-0.002698,-0.037261,0.985052
B,3.9333,R_RingDistal,0.000000,0.000000,0.026286,0.069815,-0.029558,-0.007917,0.997091
B,3.9333,R_RingTip,0.000255,0.001591,0.024063,0.000000,0.000000,0.000000,1.000000
B,3.9333,R_ThumbMetacarpal,-0.031719,-0.011786,0.032058,-0.106299,-0.470108,0.517716,0.706874
B,3.9333,R_ThumbProximal,0.000000,0.000000,0.032161,0.164426,0.055553,-0.082428,0.981368
B,3.9333,R_ThumbDistal,0.000000,0.000000,0.033427,-0.049519,-0.064324,0.083344,0.993209
B,3.9333,R_ThumbTip,0.000663,0.001016,0.024325,0.000000,0.000000,0.000000,1.000000
B,4.0000,R_Wrist,-0.001412,1.486298,0.584979,-0.491586,-0.292581,-0.221461,0.789744
B,4.0000,R_IndexMetacarpal,-0.020519,-0.007341,0.035020,0.000000,0.000000,0.000000,1.000000
B,4.0000,R_IndexProximal,-0.002777,0.000103,0.059937,-0.023183,-0.001154,0.028368,0.999328
B,4.0000,R_IndexIntermediate,0.000000,0.000000,0.037517,0.148891,0.003273,-0.026319,0.988498
B,4.0000,R_IndexDistal,0.000000,0.000000,0.024041,0.020364,0.025691,-0.016548,0.999326
B,4.0000,R_IndexTip,0.000292,0.001014,0.022121,0.000000,0.000000,0.000000,1.000000
B,4.0000,R_LittleMetacarpal,0.022750,-0.009318,0.033705,0.018312,0.140343,-0.207036,0.968042
B,4.0000,R_LittleProximal,-0.000002,-0.000001,0.045156,-0.107869,0.027957,0.101423,0.988583
B,4.0000,R_LittleIntermediate,0.000000,0.000000,0.030388,0.233501,0.032152,-0.058195,0.970081
B,4.0000,R_LittleDistal,0.000000,0.000000,0.020091,0.050806,-0.049067,0.000902,0.997502
B,4.0000,R_LittleTip,-0.000244,0.001203,0.021685,0.000000,0.000000,0.000000,1.000000
B,4.0000,R_MiddleMetacarpal,-0.004485,-0.006534,0.032881,0.000000,0.000000,0.000000,1.000000
B,4.0000,R_MiddleProximal,0.002778,0.004018,0.061730,0.019328,0.075637,-0.006953,0.996924
B,4.0000,R_MiddleIntermediate,0.000000,0.000000,0.042462,0.144012,0.002692,-0.012051,0.989499
B,4.0000,R_MiddleDistal,0.000000,0.000000,0.027251,-0.001329,0.000611,-0.043495,0.999053
B,4.0000,R_MiddleTip,0.000305,0.001125,0.024695,0.000000,0.000000,0.000000,1.000000
B,4.0000,R_Palm,-0.003096,-0.004525,0.063746,0.000000,0.000000,0.000000,1.000000
B,4.0000,R_RingMetacarpal,0.014830,-0.005951,0.034399,0.000000,0.000000,0.000000,1.000000
B,4.0000,R_RingProximal,0.002446,-0.000508,0.053334,-0.034654,0.106710,-0.045171,0.992659
B,4.0000,R_RingIntermediate,0.000000,0.000000,0.038574,0.168161,-0.002698,-0.037261,0.985051
B,4.0000,R_RingDistal,0.000000,0.000000,0.026286,0.069814,-0.029558,-0.007917,0.997091
B,4.0000,R_RingTip,0.000255,0.001591,0.024063,0.000000,0.000000,0.000000,1.000000
B,4.0000,R_ThumbMetacarpal,-0.031719,-0.011786,0.032058,-0.106299,-0.470108,0.517716,0.706874
B,4.0000,R_ThumbProximal,0.000000,0.000000,0.032161,0.164426,0.055554,-0.082428,0.981368
B,4.0000,R_ThumbDistal,0.000000,0.000000,0.033427,-0.049519,-0.064324,0.083344,0.993209
B,4.0000,R_ThumbTip,0.000663,0.001016,0.024325,0.000000,0.000000,0.000000,1.000000
B,4.0667,R_Wrist,-0.001412,1.486297,0.584979,-0.491586,-0.292581,-0.221461,0.789744
B,4.0667,R_IndexMetacarpal,-0.020519,-0.007341,0.035020,0.000000,0.000000,0.000000,1.000000
B,4.0667,R_IndexProximal,-0.002777,0.000103,0.059937,-0.023183,-0.001154,0.028369,0.999328
B,4.0667,R_IndexIntermediate,0.000000,0.000000,0.037517,0.148891,0.003273,-0.026319,0.988498
B,4.0667,R_IndexDistal,0.000000,0.000000,0.024041,0.020364,0.025691,-0.016548,0.999326
B,4.0667,R_IndexTip,0.000292,0.001014,0.022121,0.000000,0.000000,0.000000,1.000000
B,4.0667,R_LittleMetacarpal,0.022750,-0.009318,0.033705,0.018312,0.140343,-0.207036,0.968042
B,4.0667,R_LittleProximal,-0.000002,-0.000001,0.045156,-0.107869,0.027957,0.101423,0.988583
B,4.0667,R_LittleIntermediate,0.000000,0.000000,0.030388,0.233501,0.032152,-0.058195,0.970081
B,4.0667,R_LittleDistal,0.000000,0.000000,0.020092,0.050806,-0.049067,0.000902,0.997502
B,4.0667,R_LittleTip,-0.000244,0.001203,0.021685,0.000000,0.000000,0.000000,1.000000
B,4.0667,R_MiddleMetacarpal,-0.004485,-0.006534,0.032881,0.000000,0.000000,0.000000,1.000000
B,4.0667,R_MiddleProximal,0.002778,0.004018,0.061730,0.019328,0.075637,-0.006953,0.996924
B,4.0667,R_MiddleIntermediate,0.000000,0.000000,0.042462,0.144012,0.002692,-0.012051,0.989499
B,4.0667,R_MiddleDistal,0.000000,0.000000,0.027251,-0.001329,0.000611,-0.043495,0.999053
B,4.0667,R_MiddleTip,0.000305,0.001125,0.024695,0.000000,0.000000,0.000000,1.000000
B,4.0667,R_Palm,-0.003096,-0.004525,0.063746,0.000000,0.000000,0.000000,1.000000
B,4.0667,R_RingMetacarpal,0.014830,-0.005951,0.034399,0.000000,0.000000,0.000000,1.000000
B,4.0667,R_RingProximal,0.002446,-0.000508,0.053335,-0.034654,0.106710,-0.045171,0.992659
B,4.0667,R_RingIntermediate,0.000000,0.000000,0.038574,0.168161,-0.002698,-0.037261,0.985051
B,4.0667,R_RingDistal,0.000000,0.000000,0.026286,0.069814,-0.029558,-0.007917,0.997091
B,4.0667,R_RingTip,0.000255,0.001591,0.024063,0.000000,0.000000,0.000000,1.000000
B,4.0667,R_ThumbMetacarpal,-0.031719,-0.011786,0.032058,-0.106299,-0.470108,0.517716,0.706874
B,4.0667,R_ThumbProximal,0.000000,0.000000,0.032161,0.164426,0.055554,-0.082428,0.981368
B,4.0667,R_ThumbDistal,0.000000,0.000000,0.033427,-0.049519,-0.064324,0.083344,0.993209
B,4.0667,R_ThumbTip,0.000663,0.001016,0.024325,0.000000,0.000000,0.000000,1.000000
B,4.1333,R_Wrist,-0.001412,1.486297,0.584980,-0.491586,-0.292581,-0.221461,0.789744
B,4.1333,R_IndexMetacarpal,-0.020519,-0.007341,0.035020,0.000000,0.000000,0.000000,1.000000
B,4.1333,R_IndexProximal,-0.002777,0.000103,0.059937,-0.023183,-0.001154,0.028368,0.999328
B,4.1333,R_IndexIntermediate,0.000000,0.000000,0.037517,0.148891,0.003273,-0.026319,0.988498
B,4.1333,R_IndexDistal,0.000000,0.000000,0.024041,0.020364,0.025691,-0.016548,0.999326
B,4.1333,R_IndexTip,0.000292,0.001014,0.022121,0.000000,0.000000,0.000000,1.000000
B,4.1333,R_LittleMetacarpal,0.022750,-0.009318,0.033705,0.018312,0.140343,-0.207036,0.968042
B,4.1333,R_LittleProximal,-0.000002,-0.000001,0.045156,-0.107869,0.027957,0.101423,0.988583
B,4.1333,R_LittleIntermediate,0.000000,0.000000,0.030388,0.233501,0.032152,-0.058195,0.970081
B,4.1333,R_LittleDistal,0.000000,0.000000,0.020091,0.050806,-0.049067,0.000902,0.997502
B,4.1333,R_LittleTip,-0.000244,0.001203,0.021685,0.000000,0.000000,0.000000,1.000000
B,4.1333,R_MiddleMetacarpal,-0.004485,-0.006534,0.032881,0.000000,0.000000,0.000000,1.000000
B,4.1333,R_MiddleProximal,0.002778,0.004018,0.061730,0.019328,0.075637,-0.006953,0.996924
B,4.1333,R_MiddleIntermediate,0.000000,0.000000,0.042462,0.144012,0.002692,-0.012051,0.989499
B,4.1333,R_MiddleDistal,0.000000,0.000000,0.027251,-0.001329,0.000611,-0.043495,0.999053
B,4.1333,R_MiddleTip,0.000305,0.001125,0.024695,0.000000,0.000000,0.000000,1.000000
B,4.1333,R_Palm,-0.003096,-0.004525,0.063746,0.000000,0.000000,0.000000,1.000000
B,4.1333,R_RingMetacarpal,0.014830,-0.005951,0.034399,0.000000,0.000000,0.000000,1.000000
B,4.1333,R_RingProximal,0.002446,-0.000508,0.053335,-0.034654,0.106710,-0.045171,0.992659
B,4.1333,R_RingIntermediate,0.000000,0.000000,0.038574,0.168161,-0.002698,-0.037262,0.985052
B,4.1333,R_RingDistal,0.000000,0.000000,0.026286,0.069814,-0.029558,-0.007917,0.997091
B,4.1333,R_RingTip,0.000255,0.001591,0.024063,0.000000,0.000000,0.000000,1.000000
B,4.1333,R_ThumbMetacarpal,-0.031719,-0.011786,0.032058,-0.106299,-0.470108,0.517716,0.706874
B,4.1333,R_ThumbProximal,0.000000,0.000000,0.032161,0.164426,0.055554,-0.082428,0.981368
B,4.1333,R_ThumbDistal,0.000000,0.000000,0.033427,-0.049519,-0.064324,0.083344,0.993209
B,4.1333,R_ThumbTip,0.000663,0.001016,0.024325,0.000000,0.000000,0.000000,1.000000
B,4.2000,R_Wrist,-0.001412,1.486297,0.584980,-0.491586,-0.292581,-0.221461,0.789744
B,4.2000,R_IndexMetacarpal,-0.020519,-0.007341,0.035020,0.000000,0.000000,0.000000,1.000000
B,4.2000,R_IndexProximal,-0.002777,0.000103,0.059937,-0.023183,-0.001154,0.028369,0.999328
B,4.2000,R_IndexIntermediate,0.000000,0.000000,0.037517,0.148891,0.003273,-0.026319,0.988498
B,4.2000,R_IndexDistal,0.000000,0.000000,0.024041,0.020364,0.025691,-0.016548,0.999326
B,4.2000,R_IndexTip,0.000292,0.001014,0.022121,0.000000,0.000000,0.000000,1.000000
B,4.2000,R_LittleMetacarpal,0.022750,-0.009318,0.033705,0.018312,0.140343,-0.207036,0.968042
B,4.2000,R_LittleProximal,-0.000002,-0.000001,0.045156,-0.107869,0.027957,0.101423,0.988583
B,4.2000,R_LittleIntermediate,0.000000,0.000000,0.030388,0.233501,0.032152,-0.058195,0.970081
B,4.2000,R_LittleDistal,0.000000,0.000000,0.020092,0.050806,-0.049067,0.000902,0.997502
B,4.2000,R_LittleTip,-0.000244,0.001203,0.021685,0.000000,0.000000,0.000000,1.000000
B,4.2000,R_MiddleMetacarpal,-0.004485,-0.006534,0.032881,0.000000,0.000000,0.000000,1.000000
B,4.2000,R_MiddleProximal,0.002778,0.004018,0.061730,0.019328,0.075637,-0.006953,0.996924
B,4.2000,R_MiddleIntermediate,0.000000,0.000000,0.042462,0.144012,0.002692,-0.012051,0.989499
B,4.2000,R_MiddleDistal,0.000000,0.000000,0.027251,-0.001329,0.000611,-0.043495,0.999053
B,4.2000,R_MiddleTip,0.000305,0.001125,0.024695,0.000000,0.000000,0.000000,1.000000
B,4.2000,R_Palm,-0.003096,-0.004525,0.063746,0.000000,0.000000,0.000000,1.000000
B,4.2000,R_RingMetacarpal,0.014830,-0.005951,0.034399,0.000000,0.000000,0.000000,1.000000
B,4.2000,R_RingProximal,0.002446,-0.000508,0.053335,-0.034654,0.106710,-0.045171,0.992659
B,4.2000,R_RingIntermediate,0.000000,0.000000,0.038574,0.168161,-0.002698,-0.037261,0.985052
B,4.2000,R_RingDistal,0.000000,0.000000,0.026286,0.069815,-0.029558,-0.007917,0.997091
B,4.2000,R_RingTip,0.000255,0.001591,0.024063,0.000000,0.000000,0.000000,1.000000
B,4.2000,R_ThumbMetacarpal,-0.031719,-0.011786,0.032058,-0.106299,-0.470108,0.517716,0.706874
B,4.2000,R_ThumbProximal,0.000000,0.000000,0.032161,0.164426,0.055554,-0.082428,0.981368
B,4.2000,R_ThumbDistal,0.000000,0.000000,0.033427,-0.049519,-0.064324,0.083344,0.993209
B,4.2000,R_ThumbTip,0.000663,0.001016,0.024325,0.000000,0.000000,0.000000,1.000000
B,4.2667,R_Wrist,-0.001412,1.486296,0.584980,-0.491586,-0.292581,-0.221461,0.789744
B,4.2667,R_IndexMetacarpal,-0.020519,-0.007341,0.035020,0.000000,0.000000,0.000000,1.000000
B,4.2667,R_IndexProximal,-0.002777,0.000103,0.059937,-0.023183,-0.001154,0.028369,0.999328
B,4.2667,R_IndexIntermediate,0.000000,0.000000,0.037517,0.148891,0.003273,-0.026319,0.988498
B,4.2667,R_IndexDistal,0.000000,0.000000,0.024041,0.020364,0.025691,-0.016548,0.999326
B,4.2667,R_IndexTip,0.000292,0.001014,0.022121,0.000000,0.000000,0.000000,1.000000
B,4.2667,R_LittleMetacarpal,0.022750,-0.009318,0.033705,0.018312,0.140343,-0.207036,0.968042
B,4.2667,R_LittleProximal,-0.000002,-0.000001,0.045156,-0.107869,0.027957,0.101423,0.988583
B,4.2667,R_LittleIntermediate,0.000000,0.000000,0.030388,0.233501,0.032152,-0.058195,0.970081
B,4.2667,R_LittleDistal,0.000000,0.000000,0.020092,0.050806,-0.049067,0.000902,0.997502
B,4.2667,R_LittleTip,-0.000244,0.001203,0.021685,0.000000,0.000000,0.000000,1.000000
B,4.2667,R_MiddleMetacarpal,-0.004485,-0.006534,0.032881,0.000000,0.000000,0.000000,1.000000
B,4.2667,R_MiddleProximal,0.002778,0.004018,0.061730,0.019328,0.075637,-0.006953,0.996924
B,4.2667,R_MiddleIntermediate,0.000000,0.000000,0.042462,0.144012,0.002692,-0.012051,0.989499
B,4.2667,R_MiddleDistal,0.000000,0.000000,0.027251,-0.001329,0.000611,-0.043495,0.999053
B,4.2667,R_MiddleTip,0.000305,0.001125,0.024695,0.000000,0.000000,0.000000,1.000000
B,4.2667,R_Palm,-0.003096,-0.004525,0.063746,0.000000,0.000000,0.000000,1.000000
B,4.2667,R_RingMetacarpal,0.014830,-0.005951,0.034399,0.000000,0.000000,0.000000,1.000000
B,4.2667,R_RingProximal,0.002446,-0.000508,0.053335,-0.034654,0.106710,-0.045171,0.992659
B,4.2667,R_RingIntermediate,0.000000,0.000000,0.038574,0.168161,-0.002698,-0.037261,0.985052
B,4.2667,R_RingDistal,0.000000,0.000000,0.026286,0.069814,-0.029558,-0.007917,0.997091
B,4.2667,R_RingTip,0.000255,0.001591,0.024063,0.000000,0.000000,0.000000,1.000000
B,4.2667,R_ThumbMetacarpal,-0.031719,-0.011786,0.032058,-0.106299,-0.470108,0.517716,0.706874
B,4.2667,R_ThumbProximal,0.000000,0.000000,0.032161,0.164426,0.055554,-0.082428,0.981368
B,4.2667,R_ThumbDistal,0.000000,0.000000,0.033427,-0.049519,-0.064324,0.083344,0.993209
B,4.2667,R_ThumbTip,0.000663,0.001016,0.024325,0.000000,0.000000,0.000000,1.000000
B,4.3333,R_Wrist,-0.001412,1.486296,0.584981,-0.491586,-0.292581,-0.221461,0.789744
B,4.3333,R_IndexMetacarpal,-0.020519,-0.007341,0.035020,0.000000,0.000000,0.000000,1.000000
B,4.3333,R_IndexProximal,-0.002777,0.000103,0.059937,-0.023183,-0.001154,0.028369,0.999328
B,4.3333,R_IndexIntermediate,0.000000,0.000000,0.037517,0.148891,0.003273,-0.026319,0.988498
B,4.3333,R_IndexDistal,0.000000,0.000000,0.024041,0.020364,0.025691,-0.016548,0.999326
B,4.3333,R_IndexTip,0.000292,0.001014,0.022121,0.000000,0.000000,0.000000,1.000000
B,4.3333,R_LittleMetacarpal,0.022750,-0.009318,0.033705,0.018312,0.140343,-0.207036,0.968042
B,4.3333,R_LittleProximal,-0.000002,-0.000001,0.045156,-0.107869,0.027957,0.101423,0.988583
B,4.3333,R_LittleIntermediate,0.000000,0.000000,0.030388,0.233501,0.032152,-0.058195,0.970081
B,4.3333,R_LittleDistal,0.000000,0.000000,0.020092,0.050806,-0.049067,0.000902,0.997502
B,4.3333,R_LittleTip,-0.000244,0.001203,0.021685,0.000000,0.000000,0.000000,1.000000
B,4.3333,R_MiddleMetacarpal,-0.004485,-0.006534,0.032881,0.000000,0.000000,0.000000,1.000000
B,4.3333,R_MiddleProximal,0.002778,0.004018,0.061730,0.019328,0.075637,-0.006953,0.996924
B,4.3333,R_MiddleIntermediate,0.000000,0.000000,0.042463,0.144012,0.002692,-0.012051,0.989499
B,4.3333,R_MiddleDistal,0.000000,0.000000,0.027251,-0.001329,0.000611,-0.043495,0.999053
B,4.3333,R_MiddleTip,0.000305,0.001125,0.024695,0.000000,0.000000,0.000000,1.000000
B,4.3333,R_Palm,-0.003096,-0.004525,0.063746,0.000000,0.000000,0.000000,1.000000
B,4.3333,R_RingMetacarpal,0.014830,-0.005951,0.034399,0.000000,0.000000,0.000000,1.000000
B,4.3333,R_RingProximal,0.002446,-0.000508,0.053335,-0.034654,0.106710,-0.045171,0.992659
B,4.3333,R_RingIntermediate,0.000000,0.000000,0.038574,0.168161,-0.002698,-0.037261,0.985051
B,4.3333,R_RingDistal,0.000000,0.000000,0.026286,0.069814,-0.029558,-0.007917,0.997091
B,4.3333,R_RingTip,0.000255,0.001591,0.024063,0.000000,0.000000,0.000000,1.000000
B,4.3333,R_ThumbMetacarpal,-0.031719,-0.011786,0.032058,-0.106299,-0.470108,0.517716,0.706874
B,4.3333,R_ThumbProximal,0.000000,0.000000,0.032161,0.164426,0.055554,-0.082428,0.981368
B,4.3333,R_ThumbDistal,0.000000,0.000000,0.033427,-0.049519,-0.064324,0.083344,0.993209
B,4.3333,R_ThumbTip,0.000663,0.001016,0.024325,0.000000,0.000000,0.000000,1.000000
B,4.4000,R_Wrist,-0.001412,1.486296,0.584981,-0.491586,-0.292581,-0.221461,0.789744
B,4.4000,R_IndexMetacarpal,-0.020519,-0.007341,0.035020,0.000000,0.000000,0.000000,1.000000
B,4.4000,R_IndexProximal,-0.002777,0.000103,0.059937,-0.023183,-0.001154,0.028369,0.999328
B,4.4000,R_IndexIntermediate,0.000000,0.000000,0.037517,0.148891,0.003273,-0.026319,0.988498
B,4.4000,R_IndexDistal,0.000000,0.000000,0.024041,0.020364,0.025691,-0.016548,0.999326
B,4.4000,R_IndexTip,0.000292,0.001014,0.022121,0.000000,0.000000,0.000000,1.000000
B,4.4000,R_LittleMetacarpal,0.022750,-0.009318,0.033705,0.018312,0.140343,-0.207036,0.968042
B,4.4000,R_LittleProximal,-0.000002,-0.000001,0.045157,-0.107869,0.027957,0.101423,0.988583
B,4.4000,R_LittleIntermediate,0.000000,0.000000,0.030388,0.233501,0.032152,-0.058195,0.970081
B,4.4000,R_LittleDistal,0.000000,0.000000,0.020092,0.050806,-0.049067,0.000902,0.997502
B,4.4000,R_LittleTip,-0.000244,0.001203,0.021685,0.000000,0.000000,0.000000,1.000000
B,4.4000,R_MiddleMetacarpal,-0.004485,-0.006534,0.032881,0.000000,0.000000,0.000000,1.000000
B,4.4000,R_MiddleProximal,0.002778,0.004018,0.061730,0.019328,0.075637,-0.006953,0.996924
B,4.4000,R_MiddleIntermediate,0.000000,0.000000,0.042462,0.144012,0.002692,-0.012051,0.989499
B,4.4000,R_MiddleDistal,0.000000,0.000000,0.027252,-0.001329,0.000611,-0.043495,0.999053
B,4.4000,R_MiddleTip,0.000305,0.001125,0.024695,0.000000,0.000000,0.000000,1.000000
B,4.4000,R_Palm,-0.003096,-0.004525,0.063746,0.000000,0.000000,0.000000,1.000000
B,4.4000,R_RingMetacarpal,0.014830,-0.005951,0.034399,0.000000,0.000000,0.000000,1.000000
B,4.4000,R_RingProximal,0.002446,-0.000508,0.053335,-0.034654,0.106710,-0.045171,0.992659
B,4.4000,R_RingIntermediate,0.000000,0.000000,0.038574,0.168161,-0.002698,-0.037261,0.985052
B,4.4000,R_RingDistal,0.000000,0.000000,0.026286,0.069814,-0.029558,-0.007917,0.997091
B,4.4000,R_RingTip,0.000255,0.001591,0.024063,0.000000,0.000000,0.000000,1.000000
B,4.4000,R_ThumbMetacarpal,-0.031720,-0.011786,0.032058,-0.106299,-0.470108,0.517715,0.706874
B,4.4000,R_ThumbProximal,0.000000,0.000000,0.032161,0.164426,0.055553,-0.082428,0.981368
B,4.4000,R_ThumbDistal,0.000000,0.000000,0.033427,-0.049519,-0.064324,0.083344,0.993209
B,4.4000,R_ThumbTip,0.000663,0.001016,0.024325,0.000000,0.000000,0.000000,1.000000
B,4.4667,R_Wrist,-0.001412,1.486295,0.584981,-0.491585,-0.292581,-0.221461,0.789744
B,4.4667,R_IndexMetacarpal,-0.020519,-0.007341,0.035020,0.000000,0.000000,0.000000,1.000000
B,4.4667,R_IndexProximal,-0.002777,0.000103,0.059937,-0.023183,-0.001154,0.028368,0.999328
B,4.4667,R_IndexIntermediate,0.000000,0.000000,0.037517,0.148891,0.003273,-0.026319,0.988498
B,4.4667,R_IndexDistal,0.000000,0.000000,0.024041,0.020364,0.025691,-0.016548,0.999326
B,4.4667,R_IndexTip,0.000292,0.001014,0.022121,0.000000,0.000000,0.000000,1.000000
B,4.4667,R_LittleMetacarpal,0.022750,-0.009318,0.033705,0.018312,0.140343,-0.207036,0.968042
B,4.4667,R_LittleProximal,-0.000002,-0.000001,0.045157,-0.107869,0.027957,0.101423,0.988583
B,4.4667,R_LittleIntermediate,0.000000,0.000000,0.030388,0.233501,0.032152,-0.058195,0.970081
B,4.4667,R_LittleDistal,0.000000,0.000000,0.020092,0.050806,-0.049067,0.000902,0.997502
B,4.4667,R_LittleTip,-0.000244,0.001203,0.021685,0.000000,0.000000,0.000000,1.000000
B,4.4667,R_MiddleMetacarpal,-0.004485,-0.006534,0.032881,0.000000,0.000000,0.000000,1.000000
B,4.4667,R_MiddleProximal,0.002778,0.004018,0.061730,0.019328,0.075637,-0.006953,0.996924
B,4.4667,R_MiddleIntermediate,0.000000,0.000000,0.042463,0.144012,0.002692,-0.012051,0.989499
B,4.4667,R_MiddleDistal,0.000000,0.000000,0.027252,-0.001329,0.000611,-0.043495,0.999053
B,4.4667,R_MiddleTip,0.000305,0.001125,0.024695,0.000000,0.000000,0.000000,1.000000
B,4.4667,R_Palm,-0.003096,-0.004525,0.063747,0.000000,0.000000,0.000000,1.000000
B,4.4667,R_RingMetacarpal,0.014830,-0.005951,0.034399,0.000000,0.000000,0.000000,1.000000
B,4.4667,R_RingProximal,0.002446,-0.000508,0.053335,-0.034654,0.106710,-0.045171,0.992659
B,4.4667,R_RingIntermediate,0.000000,0.000000,0.038574,0.168161,-0.002698,-0.037261,0.985052
B,4.4667,R_RingDistal,0.000000,0.000000,0.026286,0.069814,-0.029558,-0.007917,0.997091
B,4.4667,R_RingTip,0.000255,0.001591,0.024063,0.000000,0.000000,0.000000,1.000000
B,4.4667,R_ThumbMetacarpal,-0.031720,-0.011786,0.032058,-0.106299,-0.470108,0.517716,0.706874
B,4.4667,R_ThumbProximal,0.000000,0.000000,0.032161,0.164426,0.055553,-0.082428,0.981368
B,4.4667,R_ThumbDistal,0.000000,0.000000,0.033427,-0.049519,-0.064324,0.083344,0.993209
B,4.4667,R_ThumbTip,0.000663,0.001016,0.024325,0.000000,0.000000,0.000000,1.000000
B,4.5333,R_Wrist,-0.001412,1.486295,0.584982,-0.491586,-0.292581,-0.221461,0.789744
B,4.5333,R_IndexMetacarpal,-0.020519,-0.007341,0.035020,0.000000,0.000000,0.000000,1.000000
B,4.5333,R_IndexProximal,-0.002777,0.000103,0.059937,-0.023183,-0.001154,0.028369,0.999328
B,4.5333,R_IndexIntermediate,0.000000,0.000000,0.037517,0.148891,0.003273,-0.026319,0.988498
B,4.5333,R_IndexDistal,0.000000,0.000000,0.024041,0.020364,0.025691,-0.016548,0.999326
B,4.5333,R_IndexTip,0.000292,0.001014,0.022121,0.000000,0.000000,0.000000,1.000000
B,4.5333,R_LittleMetacarpal,0.022750,-0.009318,0.033705,0.018312,0.140343,-0.207036,0.968042
B,4.5333,R_LittleProximal,-0.000002,-0.000001,0.045157,-0.107869,0.027957,0.101423,0.988583
B,4.5333,R_LittleIntermediate,0.000000,0.000000,0.030388,0.233501,0.032152,-0.058195,0.970081
B,4.5333,R_LittleDistal,0.000000,0.000000,0.020092,0.050806,-0.049067,0.000902,0.997502
B,4.5333,R_LittleTip,-0.000244,0.001203,0.021685,0.000000,0.000000,0.000000,1.000000
B,4.5333,R_MiddleMetacarpal,-0.004485,-0.006534,0.032881,0.000000,0.000000,0.000000,1.000000
B,4.5333,R_MiddleProximal,0.002778,0.004018,0.061730,0.019328,0.075637,-0.006953,0.996924
B,4.5333,R_MiddleIntermediate,0.000000,0.000000,0.042463,0.144012,0.002692,-0.012051,0.989499
B,4.5333,R_MiddleDistal,0.000000,0.000000,0.027252,-0.001329,0.000611,-0.043495,0.999053
B,4.5333,R_MiddleTip,0.000305,0.001125,0.024695,0.000000,0.000000,0.000000,1.000000
B,4.5333,R_Palm,-0.003096,-0.004525,0.063747,0.000000,0.000000,0.000000,1.000000
B,4.5333,R_RingMetacarpal,0.014830,-0.005951,0.034399,0.000000,0.000000,0.000000,1.000000
B,4.5333,R_RingProximal,0.002446,-0.000508,0.053335,-0.034654,0.106710,-0.045171,0.992659
B,4.5333,R_RingIntermediate,0.000000,0.000000,0.038574,0.168161,-0.002698,-0.037262,0.985052
B,4.5333,R_RingDistal,0.000000,0.000000,0.026286,0.069814,-0.029558,-0.007917,0.997091
B,4.5333,R_RingTip,0.000255,0.001591,0.024063,0.000000,0.000000,0.000000,1.000000
B,4.5333,R_ThumbMetacarpal,-0.031720,-0.011786,0.032058,-0.106299,-0.470108,0.517716,0.706874
B,4.5333,R_ThumbProximal,0.000000,0.000000,0.032161,0.164426,0.055553,-0.082428,0.981368
B,4.5333,R_ThumbDistal,0.000000,0.000000,0.033427,-0.049519,-0.064324,0.083344,0.993209
B,4.5333,R_ThumbTip,0.000663,0.001016,0.024325,0.000000,0.000000,0.000000,1.000000
B,4.6000,R_Wrist,-0.001412,1.486295,0.584982,-0.491585,-0.292581,-0.221461,0.789744
B,4.6000,R_IndexMetacarpal,-0.020519,-0.007341,0.035020,0.000000,0.000000,0.000000,1.000000
B,4.6000,R_IndexProximal,-0.002777,0.000103,0.059937,-0.023183,-0.001154,0.028368,0.999328
B,4.6000,R_IndexIntermediate,0.000000,0.000000,0.037517,0.148891,0.003273,-0.026319,0.988498
B,4.6000,R_IndexDistal,0.000000,0.000000,0.024041,0.020364,0.025691,-0.016548,0.999326
B,4.6000,R_IndexTip,0.000292,0.001014,0.022121,0.000000,0.000000,0.000000,1.000000
B,4.6000,R_LittleMetacarpal,0.022750,-0.009318,0.033705,0.018312,0.140343,-0.207036,0.968042
B,4.6000,R_LittleProximal,-0.000002,-0.000001,0.045157,-0.107869,0.027957,0.101423,0.988583
B,4.6000,R_LittleIntermediate,0.000000,0.000000,0.030388,0.233501,0.032152,-0.058195,0.970081
B,4.6000,R_LittleDistal,0.000000,0.000000,0.020092,0.050806,-0.049067,0.000902,0.997502
B,4.6000,R_LittleTip,-0.000244,0.001203,0.021685,0.000000,0.000000,0.000000,1.000000
B,4.6000,R_MiddleMetacarpal,-0.004485,-0.006534,0.032881,0.000000,0.000000,0.000000,1.000000
B,4.6000,R_MiddleProximal,0.002778,0.004018,0.061730,0.019328,0.075637,-0.006953,0.996924
B,4.6000,R_MiddleIntermediate,0.000000,0.000000,0.042463,0.144012,0.002692,-0.012051,0.989499
B,4.6000,R_MiddleDistal,0.000000,0.000000,0.027251,-0.001329,0.000611,-0.043495,0.999053
B,4.6000,R_MiddleTip,0.000305,0.001125,0.024695,0.000000,0.000000,0.000000,1.000000
B,4.6000,R_Palm,-0.003096,-0.004525,0.063747,0.000000,0.000000,0.000000,1.000000
B,4.6000,R_RingMetacarpal,0.014830,-0.005951,0.034399,0.000000,0.000000,0.000000,1.000000
B,4.6000,R_RingProximal,0.002446,-0.000508,0.053335,-0.034654,0.106710,-0.045171,0.992659
B,4.6000,R_RingIntermediate,0.000000,0.000000,0.038574,0.168161,-0.002698,-0.037262,0.985052
B,4.6000,R_RingDistal,0.000000,0.000000,0.026286,0.069815,-0.029558,-0.007917,0.997091
B,4.6000,R_RingTip,0.000255,0.001591,0.024063,0.000000,0.000000,0.000000,1.000000
B,4.6000,R_ThumbMetacarpal,-0.031720,-0.011786,0.032058,-0.106299,-0.470108,0.517715,0.706874
B,4.6000,R_ThumbProximal,0.000000,0.000000,0.032161,0.164426,0.055553,-0.082428,0.981368
B,4.6000,R_ThumbDistal,0.000000,0.000000,0.033427,-0.049519,-0.064324,0.083344,0.993209
B,4.6000,R_ThumbTip,0.000663,0.001016,0.024325,0.000000,0.000000,0.000000,1.000000
B,4.6667,R_Wrist,-0.001412,1.486294,0.584983,-0.491586,-0.292581,-0.221461,0.789744
B,4.6667,R_IndexMetacarpal,-0.020519,-0.007341,0.035020,0.000000,0.000000,0.000000,1.000000
B,4.6667,R_IndexProximal,-0.002777,0.000103,0.059937,-0.023183,-0.001154,0.028369,0.999328
B,4.6667,R_IndexIntermediate,0.000000,0.000000,0.037517,0.148891,0.003273,-0.026319,0.988498
B,4.6667,R_IndexDistal,0.000000,0.000000,0.024041,0.020364,0.025691,-0.016548,0.999326
B,4.6667,R_IndexTip,0.000292,0.001014,0.022121,0.000000,0.000000,0.000000,1.000000
B,4.6667,R_LittleMetacarpal,0.022750,-0.009318,0.033705,0.018312,0.140343,-0.207036,0.968042
B,4.6667,R_LittleProximal,-0.000002,-0.000001,0.045157,-0.107869,0.027957,0.101423,0.988583
B,4.6667,R_LittleIntermediate,0.000000,0.000000,0.030388,0.233501,0.032152,-0.058195,0.970081
B,4.6667,R_LittleDistal,0.000000,0.000000,0.020092,0.050806,-0.049067,0.000902,0.997502
B,4.6667,R_LittleTip,-0.000244,0.001203,0.021685,0.000000,0.000000,0.000000,1.000000
B,4.6667,R_MiddleMetacarpal,-0.004485,-0.006534,0.032881,0.000000,0.000000,0.000000,1.000000
B,4.6667,R_MiddleProximal,0.002778,0.004018,0.061730,0.019328,0.075637,-0.006953,0.996924
B,4.6667,R_MiddleIntermediate,0.000000,0.000000,0.042463,0.144012,0.002692,-0.012051,0.989499
B,4.6667,R_MiddleDistal,0.000000,0.000000,0.027251,-0.001329,0.000611,-0.043495,0.999053
B,4.6667,R_MiddleTip,0.000305,0.001125,0.024695,0.000000,0.000000,0.000000,1.000000
B,4.6667,R_Palm,-0.003096,-0.004525,0.063747,0.000000,0.000000,0.000000,1.000000
B,4.6667,R_RingMetacarpal,0.014830,-0.005951,0.034399,0.000000,0.000000,0.000000,1.000000
B,4.6667,R_RingProximal,0.002446,-0.000508,0.053335,-0.034654,0.106710,-0.045171,0.992659
B,4.6667,R_RingIntermediate,0.000000,0.000000,0.038574,0.168161,-0.002698,-0.037261,0.985052
B,4.6667,R_RingDistal,0.000000,0.000000,0.026286,0.069814,-0.029558,-0.007917,0.997091
B,4.6667,R_RingTip,0.000255,0.001591,0.024063,0.000000,0.000000,0.000000,1.000000
B,4.6667,R_ThumbMetacarpal,-0.031720,-0.011786,0.032058,-0.106299,-0.470108,0.517716,0.706874
B,4.6667,R_ThumbProximal,0.000000,0.000000,0.032161,0.164426,0.055554,-0.082428,0.981368
B,4.6667,R_ThumbDistal,0.000000,0.000000,0.033427,-0.049519,-0.064324,0.083344,0.993209
B,4.6667,R_ThumbTip,0.000663,0.001016,0.024325,0.000000,0.000000,0.000000,1.000000
B,4.7333,R_Wrist,-0.001412,1.486294,0.584983,-0.491585,-0.292581,-0.221461,0.789744
B,4.7333,R_IndexMetacarpal,-0.020519,-0.007341,0.035020,0.000000,0.000000,0.000000,1.000000
B,4.7333,R_IndexProximal,-0.002777,0.000103,0.059937,-0.023183,-0.001154,0.028368,0.999328
B,4.7333,R_IndexIntermediate,0.000000,0.000000,0.037517,0.148891,0.003273,-0.026319,0.988498
B,4.7333,R_IndexDistal,0.000000,0.000000,0.024041,0.020364,0.025691,-0.016548,0.999326
B,4.7333,R_IndexTip,0.000292,0.001014,0.022121,0.000000,0.000000,0.000000,1.000000
B,4.7333,R_LittleMetacarpal,0.022750,-0.009318,0.033705,0.018312,0.140343,-0.207036,0.968042
B,4.7333,R_LittleProximal,-0.000002,-0.000001,0.045157,-0.107869,0.027957,0.101423,0.988583
B,4.7333,R_LittleIntermediate,0.000000,0.000000,0.030388,0.233501,0.032152,-0.058195,0.970081
B,4.7333,R_LittleDistal,0.000000,0.000000,0.020092,0.050806,-0.049067,0.000902,0.997502
B,4.7333,R_LittleTip,-0.000244,0.001203,0.021685,0.000000,0.000000,0.000000,1.000000
B,4.7333,R_MiddleMetacarpal,-0.004485,-0.006534,0.032881,0.000000,0.000000,0.000000,1.000000
B,4.7333,R_MiddleProximal,0.002778,0.004018,0.061730,0.019328,0.075637,-0.006953,0.996924
B,4.7333,R_MiddleIntermediate,0.000000,0.000000,0.042463,0.144012,0.002692,-0.012051,0.989499
B,4.7333,R_MiddleDistal,0.000000,0.000000,0.027252,-0.001329,0.000611,-0.043495,0.999053
B,4.7333,R_MiddleTip,0.000305,0.001125,0.024695,0.000000,0.000000,0.000000,1.000000
B,4.7333,R_Palm,-0.003096,-0.004525,0.063747,0.000000,0.000000,0.000000,1.000000
B,4.7333,R_RingMetacarpal,0.014830,-0.005951,0.034399,0.000000,0.000000,0.000000,1.000000
B,4.7333,R_RingProximal,0.002446,-0.000508,0.053335,-0.034654,0.106710,-0.045171,0.992659
B,4.7333,R_RingIntermediate,0.000000,0.000000,0.038574,0.168161,-0.002698,-0.037261,0.985052
B,4.7333,R_RingDistal,0.000000,0.000000,0.026286,0.069814,-0.029558,-0.007917,0.997091
B,4.7333,R_RingTip,0.000255,0.001591,0.024063,0.000000,0.000000,0.000000,1.000000
B,4.7333,R_ThumbMetacarpal,-0.031720,-0.011786,0.032058,-0.106299,-0.470108,0.517716,0.706874
B,4.7333,R_ThumbProximal,0.000000,0.000000,0.032161,0.164426,0.055554,-0.082428,0.981368
B,4.7333,R_ThumbDistal,0.000000,0.000000,0.033427,-0.049519,-0.064324,0.083344,0.993209
B,4.7333,R_ThumbTip,0.000663,0.001016,0.024325,0.000000,0.000000,0.000000,1.000000
B,4.8000,R_Wrist,-0.001412,1.486294,0.584983,-0.491585,-0.292581,-0.221461,0.789744
B,4.8000,R_IndexMetacarpal,-0.020519,-0.007341,0.035021,0.000000,0.000000,0.000000,1.000000
B,4.8000,R_IndexProximal,-0.002777,0.000103,0.059937,-0.023183,-0.001154,0.028369,0.999328
B,4.8000,R_IndexIntermediate,0.000000,0.000000,0.037517,0.148891,0.003273,-0.026319,0.988498
B,4.8000,R_IndexDistal,0.000000,0.000000,0.024041,0.020364,0.025691,-0.016548,0.999326
B,4.8000,R_IndexTip,0.000292,0.001014,0.022121,0.000000,0.000000,0.000000,1.000000
B,4.8000,R_LittleMetacarpal,0.022750,-0.009318,0.033705,0.018312,0.140343,-0.207036,0.968042
B,4.8000,R_LittleProximal,-0.000002,-0.000001,0.045157,-0.107869,0.027957,0.101423,0.988583
B,4.8000,R_LittleIntermediate,0.000000,0.000000,0.030388,0.233501,0.032152,-0.058195,0.970081
B,4.8000,R_LittleDistal,0.000000,0.000000,0.020092,0.050806,-0.049067,0.000902,0.997502
B,4.8000,R_LittleTip,-0.000244,0.001203,0.021685,0.000000,0.000000,0.000000,1.000000
B,4.8000,R_MiddleMetacarpal,-0.004485,-0.006534,0.032881,0.000000,0.000000,0.000000,1.000000
B,4.8000,R_MiddleProximal,0.002778,0.004018,0.061730,0.019328,0.075637,-0.006953,0.996924
B,4.8000,R_MiddleIntermediate,0.000000,0.000000,0.042463,0.144012,0.002692,-0.012051,0.989499
B,4.8000,R_MiddleDistal,0.000000,0.000000,0.027252,-0.001329,0.000611,-0.043495,0.999053
B,4.8000,R_MiddleTip,0.000305,0.001125,0.024695,0.000000,0.000000,0.000000,1.000000
B,4.8000,R_Palm,-0.003096,-0.004525,0.063747,0.000000,0.000000,0.000000,1.000000
B,4.8000,R_RingMetacarpal,0.014830,-0.005951,0.034399,0.000000,0.000000,0.000000,1.000000
B,4.8000,R_RingProximal,0.002446,-0.000508,0.053335,-0.034654,0.106710,-0.045171,0.992659
B,4.8000,R_RingIntermediate,0.000000,0.000000,0.038574,0.168161,-0.002698,-0.037261,0.985051
B,4.8000,R_RingDistal,0.000000,0.000000,0.026286,0.069814,-0.029558,-0.007917,0.997091
B,4.8000,R_RingTip,0.000255,0.001591,0.024063,0.000000,0.000000,0.000000,1.000000
B,4.8000,R_ThumbMetacarpal,-0.031720,-0.011786,0.032058,-0.106299,-0.470108,0.517716,0.706874
B,4.8000,R_ThumbProximal,0.000000,0.000000,0.032161,0.164426,0.055553,-0.082428,0.981368
B,4.8000,R_ThumbDistal,0.000000,0.000000,0.033427,-0.049519,-0.064324,0.083344,0.993209
B,4.8000,R_ThumbTip,0.000663,0.001016,0.024325,0.000000,0.000000,0.000000,1.000000
B,4.8667,R_Wrist,-0.001412,1.486293,0.584983,-0.491585,-0.292581,-0.221461,0.789744
B,4.8667,R_IndexMetacarpal,-0.020519,-0.007341,0.035021,0.000000,0.000000,0.000000,1.000000
B,4.8667,R_IndexProximal,-0.002777,0.000103,0.059937,-0.023183,-0.001154,0.028369,0.999328
B,4.8667,R_IndexIntermediate,0.000000,0.000000,0.037517,0.148891,0.003273,-0.026319,0.988498
B,4.8667,R_IndexDistal,0.000000,0.000000,0.024041,0.020364,0.025691,-0.016548,0.999326
B,4.8667,R_IndexTip,0.000292,0.001014,0.022121,0.000000,0.000000,0.000000,1.000000
B,4.8667,R_LittleMetacarpal,0.022750,-0.009318,0.033705,0.018312,0.140343,-0.207036,0.968042
B,4.8667,R_LittleProximal,-0.000002,-0.000001,0.045157,-0.107869,0.027957,0.101423,0.988583
B,4.8667,R_LittleIntermediate,0.000000,0.000000,0.030388,0.233501,0.032152,-0.058195,0.970081
B,4.8667,R_LittleDistal,0.000000,0.000000,0.020092,0.050806,-0.049067,0.000902,0.997502
B,4.8667,R_LittleTip,-0.000244,0.001203,0.021685,0.000000,0.000000,0.000000,1.000000
B,4.8667,R_MiddleMetacarpal,-0.004485,-0.006534,0.032881,0.000000,0.000000,0.000000,1.000000
B,4.8667,R_MiddleProximal,0.002778,0.004018,0.061730,0.019328,0.075637,-0.006953,0.996924
B,4.8667,R_MiddleIntermediate,0.000000,0.000000,0.042463,0.144012,0.002692,-0.012051,0.989499
B,4.8667,R_MiddleDistal,0.000000,0.000000,0.027252,-0.001329,0.000611,-0.043495,0.999053
B,4.8667,R_MiddleTip,0.000305,0.001125,0.024695,0.000000,0.000000,0.000000,1.000000
B,4.8667,R_Palm,-0.003096,-0.004525,0.063747,0.000000,0.000000,0.000000,1.000000
B,4.8667,R_RingMetacarpal,0.014830,-0.005951,0.034399,0.000000,0.000000,0.000000,1.000000
B,4.8667,R_RingProximal,0.002446,-0.000508,0.053335,-0.034654,0.106710,-0.045171,0.992659
B,4.8667,R_RingIntermediate,0.000000,0.000000,0.038574,0.168161,-0.002698,-0.037261,0.985052
B,4.8667,R_RingDistal,0.000000,0.000000,0.026286,0.069814,-0.029558,-0.007917,0.997091
B,4.8667,R_RingTip,0.000255,0.001591,0.024063,0.000000,0.000000,0.000000,1.000000
B,4.8667,R_ThumbMetacarpal,-0.031720,-0.011786,0.032058,-0.106299,-0.470108,0.517716,0.706874
B,4.8667,R_ThumbProximal,0.000000,0.000000,0.032161,0.164426,0.055554,-0.082428,0.981368
B,4.8667,R_ThumbDistal,0.000000,0.000000,0.033428,-0.049519,-0.064324,0.083344,0.993209
B,4.8667,R_ThumbTip,0.000663,0.001016,0.024325,0.000000,0.000000,0.000000,1.000000
B,4.9333,R_Wrist,-0.001412,1.486293,0.584984,-0.491585,-0.292581,-0.221461,0.789744
B,4.9333,R_IndexMetacarpal,-0.020519,-0.007341,0.035021,0.000000,0.000000,0.000000,1.000000
B,4.9333,R_IndexProximal,-0.002777,0.000103,0.059937,-0.023183,-0.001154,0.028369,0.999328
B,4.9333,R_IndexIntermediate,0.000000,0.000000,0.037517,0.148891,0.003273,-0.026319,0.988498
B,4.9333,R_IndexDistal,0.000000,0.000000,0.024041,0.020364,0.025691,-0.016548,0.999326
B,4.9333,R_IndexTip,0.000292,0.001014,0.022122,0.000000,0.000000,0.000000,1.000000
B,4.9333,R_LittleMetacarpal,0.022750,-0.009318,0.033705,0.018312,0.140343,-0.207036,0.968042
B,4.9333,R_LittleProximal,-0.000002,-0.000001,0.045157,-0.107869,0.027957,0.101423,0.988583
B,4.9333,R_LittleIntermediate,0.000000,0.000000,0.030388,0.233501,0.032152,-0.058195,0.970081
B,4.9333,R_LittleDistal,0.000000,0.000000,0.020092,0.050806,-0.049067,0.000902,0.997502
B,4.9333,R_LittleTip,-0.000244,0.001203,0.021685,0.000000,0.000000,0.000000,1.000000
B,4.9333,R_MiddleMetacarpal,-0.004485,-0.006534,0.032881,0.000000,0.000000,0.000000,1.000000
B,4.9333,R_MiddleProximal,0.002778,0.004018,0.061731,0.019328,0.075637,-0.006953,0.996924
B,4.9333,R_MiddleIntermediate,0.000000,0.000000,0.042463,0.144012,0.002692,-0.012051,0.989499
B,4.9333,R_MiddleDistal,0.000000,0.000000,0.027252,-0.001329,0.000611,-0.043495,0.999053
B,4.9333,R_MiddleTip,0.000305,0.001125,0.024695,0.000000,0.000000,0.000000,1.000000
B,4.9333,R_Palm,-0.003096,-0.004525,0.063747,0.000000,0.000000,0.000000,1.000000
B,4.9333,R_RingMetacarpal,0.014830,-0.005951,0.034399,0.000000,0.000000,0.000000,1.000000
B,4.9333,R_RingProximal,0.002446,-0.000508,0.053335,-0.034654,0.106710,-0.045171,0.992659
B,4.9333,R_RingIntermediate,0.000000,0.000000,0.038574,0.168161,-0.002698,-0.037261,0.985052
B,4.9333,R_RingDistal,0.000000,0.000000,0.026286,0.069814,-0.029558,-0.007917,0.997091
B,4.9333,R_RingTip,0.000255,0.001591,0.024063,0.000000,0.000000,0.000000,1.000000
B,4.9333,R_ThumbMetacarpal,-0.031720,-0.011786,0.032058,-0.106299,-0.470108,0.517716,0.706874
B,4.9333,R_ThumbProximal,0.000000,0.000000,0.032161,0.164426,0.055553,-0.082428,0.981368
B,4.9333,R_ThumbDistal,0.000000,0.000000,0.033427,-0.049519,-0.064324,0.083344,0.993209
B,4.9333,R_ThumbTip,0.000663,0.001016,0.024325,0.000000,0.000000,0.000000,1.000000
B,5.0000,R_Wrist,-0.001412,1.486293,0.584984,-0.491585,-0.292581,-0.221461,0.789744
B,5.0000,R_IndexMetacarpal,-0.020519,-0.007341,0.035021,0.000000,0.000000,0.000000,1.000000
B,5.0000,R_IndexProximal,-0.002777,0.000103,0.059937,-0.023183,-0.001154,0.028369,0.999328
B,5.0000,R_IndexIntermediate,0.000000,0.000000,0.037517,0.148891,0.003273,-0.026319,0.988498
B,5.0000,R_IndexDistal,0.000000,0.000000,0.024041,0.020364,0.025691,-0.016548,0.999326
B,5.0000,R_IndexTip,0.000292,0.001014,0.022121,0.000000,0.000000,0.000000,1.000000
B,5.0000,R_LittleMetacarpal,0.022750,-0.009318,0.033705,0.018312,0.140343,-0.207036,0.968042
B,5.0000,R_LittleProximal,-0.000002,-0.000001,0.045157,-0.107869,0.027957,0.101423,0.988583
B,5.0000,R_LittleIntermediate,0.000000,0.000000,0.030388,0.233501,0.032152,-0.058195,0.970081
B,5.0000,R_LittleDistal,0.000000,0.000000,0.020092,0.050806,-0.049067,0.000902,0.997502
B,5.0000,R_LittleTip,-0.000244,0.001203,0.021685,0.000000,0.000000,0.000000,1.000000
B,5.0000,R_MiddleMetacarpal,-0.004485,-0.006534,0.032881,0.000000,0.000000,0.000000,1.000000
B,5.0000,R_MiddleProximal,0.002778,0.004018,0.061731,0.019328,0.075637,-0.006953,0.996924
B,5.0000,R_MiddleIntermediate,0.000000,0.000000,0.042463,0.144012,0.002692,-0.012051,0.989499
B,5.0000,R_MiddleDistal,0.000000,0.000000,0.027252,-0.001329,0.000611,-0.043495,0.999053
B,5.0000,R_MiddleTip,0.000305,0.001125,0.024695,0.000000,0.000000,0.000000,1.000000
B,5.0000,R_Palm,-0.003096,-0.004525,0.063747,0.000000,0.000000,0.000000,1.000000
B,5.0000,R_RingMetacarpal,0.014830,-0.005951,0.034399,0.000000,0.000000,0.000000,1.000000
B,5.0000,R_RingProximal,0.002446,-0.000508,0.053335,-0.034654,0.106710,-0.045171,0.992659
B,5.0000,R_RingIntermediate,0.000000,0.000000,0.038574,0.168161,-0.002698,-0.037261,0.985052
B,5.0000,R_RingDistal,0.000000,0.000000,0.026286,0.069814,-0.029558,-0.007917,0.997091
B,5.0000,R_RingTip,0.000255,0.001591,0.024063,0.000000,0.000000,0.000000,1.000000
B,5.0000,R_ThumbMetacarpal,-0.031720,-0.011786,0.032058,-0.106299,-0.470108,0.517716,0.706874
B,5.0000,R_ThumbProximal,0.000000,0.000000,0.032161,0.164426,0.055554,-0.082428,0.981368
B,5.0000,R_ThumbDistal,0.000000,0.000000,0.033427,-0.049519,-0.064324,0.083344,0.993209
B,5.0000,R_ThumbTip,0.000663,0.001016,0.024325,0.000000,0.000000,0.000000,1.000000
B,5.0667,R_Wrist,-0.001412,1.486292,0.584984,-0.491585,-0.292581,-0.221461,0.789744
B,5.0667,R_IndexMetacarpal,-0.020519,-0.007341,0.035021,0.000000,0.000000,0.000000,1.000000
B,5.0667,R_IndexProximal,-0.002777,0.000103,0.059937,-0.023183,-0.001154,0.028368,0.999328
B,5.0667,R_IndexIntermediate,0.000000,0.000000,0.037517,0.148891,0.003273,-0.026319,0.988498
B,5.0667,R_IndexDistal,0.000000,0.000000,0.024041,0.020364,0.025691,-0.016548,0.999326
B,5.0667,R_IndexTip,0.000292,0.001014,0.022121,0.000000,0.000000,0.000000,1.000000
B,5.0667,R_LittleMetacarpal,0.022750,-0.009318,0.033705,0.018312,0.140343,-0.207036,0.968042
B,5.0667,R_LittleProximal,-0.000002,-0.000001,0.045157,-0.107869,0.027957,0.101423,0.988583
B,5.0667,R_LittleIntermediate,0.000000,0.000000,0.030388,0.233501,0.032152,-0.058195,0.970081
B,5.0667,R_LittleDistal,0.000000,0.000000,0.020092,0.050806,-0.049067,0.000902,0.997502
B,5.0667,R_LittleTip,-0.000244,0.001203,0.021685,0.000000,0.000000,0.000000,1.000000
B,5.0667,R_MiddleMetacarpal,-0.004485,-0.006534,0.032882,0.000000,0.000000,0.000000,1.000000
B,5.0667,R_MiddleProximal,0.002778,0.004018,0.061731,0.019328,0.075637,-0.006953,0.996924
B,5.0667,R_MiddleIntermediate,0.000000,0.000000,0.042463,0.144011,0.002692,-0.012051,0.989499
B,5.0667,R_MiddleDistal,0.000000,0.000000,0.027252,-0.001329,0.000611,-0.043495,0.999053
B,5.0667,R_MiddleTip,0.000305,0.001125,0.024695,0.000000,0.000000,0.000000,1.000000
B,5.0667,R_Palm,-0.003096,-0.004525,0.063747,0.000000,0.000000,0.000000,1.000000
B,5.0667,R_RingMetacarpal,0.014830,-0.005951,0.034399,0.000000,0.000000,0.000000,1.000000
B,5.0667,R_RingProximal,0.002446,-0.000508,0.053335,-0.034654,0.106710,-0.045171,0.992659
B,5.0667,R_RingIntermediate,0.000000,0.000000,0.038575,0.168161,-0.002698,-0.037261,0.985052
B,5.0667,R_RingDistal,0.000000,0.000000,0.026286,0.069814,-0.029558,-0.007917,0.997091
B,5.0667,R_RingTip,0.000255,0.001591,0.024063,0.000000,0.000000,0.000000,1.000000
B,5.0667,R_ThumbMetacarpal,-0.031720,-0.011786,0.032058,-0.106299,-0.470108,0.517716,0.706874
B,5.0667,R_ThumbProximal,0.000000,0.000000,0.032161,0.164426,0.055554,-0.082428,0.981368
B,5.0667,R_ThumbDistal,0.000000,0.000000,0.033428,-0.049519,-0.064324,0.083344,0.993209
B,5.0667,R_ThumbTip,0.000663,0.001016,0.024325,0.000000,0.000000,0.000000,1.000000
B,5.1333,R_Wrist,-0.001412,1.486292,0.584985,-0.491585,-0.292581,-0.221461,0.789744
B,5.1333,R_IndexMetacarpal,-0.020519,-0.007341,0.035021,0.000000,0.000000,0.000000,1.000000
B,5.1333,R_IndexProximal,-0.002777,0.000103,0.059937,-0.023183,-0.001154,0.028368,0.999328
B,5.1333,R_IndexIntermediate,0.000000,0.000000,0.037517,0.148891,0.003273,-0.026319,0.988498
B,5.1333,R_IndexDistal,0.000000,0.000000,0.024041,0.020364,0.025691,-0.016548,0.999326
B,5.1333,R_IndexTip,0.000292,0.001014,0.022121,0.000000,0.000000,0.000000,1.000000
B,5.1333,R_LittleMetacarpal,0.022750,-0.009318,0.033705,0.018312,0.140343,-0.207036,0.968042
B,5.1333,R_LittleProximal,-0.000002,-0.000001,0.045157,-0.107869,0.027957,0.101423,0.988583
B,5.1333,R_LittleIntermediate,0.000000,0.000000,0.030388,0.233501,0.032152,-0.058195,0.970081
B,5.1333,R_LittleDistal,0.000000,0.000000,0.020092,0.050806,-0.049067,0.000902,0.997502
B,5.1333,R_LittleTip,-0.000244,0.001203,0.021685,0.000000,0.000000,0.000000,1.000000
B,5.1333,R_MiddleMetacarpal,-0.004485,-0.006534,0.032882,0.000000,0.000000,0.000000,1.000000
B,5.1333,R_MiddleProximal,0.002778,0.004018,0.061731,0.019328,0.075637,-0.006953,0.996924
B,5.1333,R_MiddleIntermediate,0.000000,0.000000,0.042463,0.144012,0.002692,-0.012051,0.989499
B,5.1333,R_MiddleDistal,0.000000,0.000000,0.027252,-0.001329,0.000611,-0.043495,0.999053
B,5.1333,R_MiddleTip,0.000305,0.001125,0.024695,0.000000,0.000000,0.000000,1.000000
B,5.1333,R_Palm,-0.003096,-0.004525,0.063747,0.000000,0.000000,0.000000,1.000000
B,5.1333,R_RingMetacarpal,0.014830,-0.005951,0.034399,0.000000,0.000000,0.000000,1.000000
B,5.1333,R_RingProximal,0.002446,-0.000508,0.053335,-0.034654,0.106710,-0.045171,0.992659
B,5.1333,R_RingIntermediate,0.000000,0.000000,0.038575,0.168161,-0.002698,-0.037261,0.985052
B,5.1333,R_RingDistal,0.000000,0.000000,0.026286,0.069814,-0.029558,-0.007917,0.997091
B,5.1333,R_RingTip,0.000255,0.001591,0.024063,0.000000,0.000000,0.000000,1.000000
B,5.1333,R_ThumbMetacarpal,-0.031720,-0.011786,0.032058,-0.106299,-0.470108,0.517716,0.706874
B,5.1333,R_ThumbProximal,0.000000,0.000000,0.032161,0.164426,0.055553,-0.082428,0.981368
B,5.1333,R_ThumbDistal,0.000000,0.000000,0.033428,-0.049519,-0.064324,0.083344,0.993209
B,5.1333,R_ThumbTip,0.000663,0.001016,0.024325,0.000000,0.000000,0.000000,1.000000
B,5.2000,R_Wrist,-0.001412,1.486292,0.584985,-0.491585,-0.292581,-0.221461,0.789744
B,5.2000,R_IndexMetacarpal,-0.020519,-0.007341,0.035021,0.000000,0.000000,0.000000,1.000000
B,5.2000,R_IndexProximal,-0.002777,0.000103,0.059937,-0.023183,-0.001154,0.028368,0.999328
B,5.2000,R_IndexIntermediate,0.000000,0.000000,0.037517,0.148891,0.003273,-0.026319,0.988498
B,5.2000,R_IndexDistal,0.000000,0.000000,0.024041,0.020364,0.025691,-0.016548,0.999326
B,5.2000,R_IndexTip,0.000292,0.001014,0.022121,0.000000,0.000000,0.000000,1.000000
B,5.2000,R_LittleMetacarpal,0.022750,-0.009318,0.033705,0.018312,0.140343,-0.207036,0.968042
B,5.2000,R_LittleProximal,-0.000002,-0.000001,0.045157,-0.107869,0.027957,0.101423,0.988583
B,5.2000,R_LittleIntermediate,0.000000,0.000000,0.030388,0.233501,0.032152,-0.058195,0.970081
B,5.2000,R_LittleDistal,0.000000,0.000000,0.020092,0.050806,-0.049067,0.000902,0.997502
B,5.2000,R_LittleTip,-0.000244,0.001203,0.021685,0.000000,0.000000,0.000000,1.000000
B,5.2000,R_MiddleMetacarpal,-0.004485,-0.006534,0.032882,0.000000,0.000000,0.000000,1.000000
B,5.2000,R_MiddleProximal,0.002778,0.004018,0.061731,0.019328,0.075637,-0.006953,0.996924
B,5.2000,R_MiddleIntermediate,0.000000,0.000000,0.042463,0.144012,0.002692,-0.012051,0.989499
B,5.2000,R_MiddleDistal,0.000000,0.000000,0.027252,-0.001329,0.000611,-0.043495,0.999053
B,5.2000,R_MiddleTip,0.000305,0.001125,0.024695,0.000000,0.000000,0.000000,1.000000
B,5.2000,R_Palm,-0.003096,-0.004525,0.063747,0.000000,0.000000,0.000000,1.000000
B,5.2000,R_RingMetacarpal,0.014830,-0.005951,0.034399,0.000000,0.000000,0.000000,1.000000
B,5.2000,R_RingProximal,0.002446,-0.000508,0.053335,-0.034654,0.106710,-0.045171,0.992659
B,5.2000,R_RingIntermediate,0.000000,0.000000,0.038575,0.168161,-0.002698,-0.037261,0.985052
B,5.2000,R_RingDistal,0.000000,0.000000,0.026286,0.069814,-0.029558,-0.007917,0.997091
B,5.2000,R_RingTip,0.000255,0.001591,0.024063,0.000000,0.000000,0.000000,1.000000
B,5.2000,R_ThumbMetacarpal,-0.031720,-0.011786,0.032058,-0.106299,-0.470108,0.517716,0.706874
B,5.2000,R_ThumbProximal,0.000000,0.000000,0.032161,0.164426,0.055553,-0.082428,0.981368
B,5.2000,R_ThumbDistal,0.000000,0.000000,0.033428,-0.049519,-0.064324,0.083344,0.993209
B,5.2000,R_ThumbTip,0.000663,0.001016,0.024325,0.000000,0.000000,0.000000,1.000000
B,5.2667,R_Wrist,-0.001412,1.486291,0.584985,-0.491585,-0.292581,-0.221461,0.789744
B,5.2667,R_IndexMetacarpal,-0.020519,-0.007341,0.035021,0.000000,0.000000,0.000000,1.000000
B,5.2667,R_IndexProximal,-0.002777,0.000103,0.059938,-0.023183,-0.001154,0.028368,0.999328
B,5.2667,R_IndexIntermediate,0.000000,0.000000,0.037517,0.148891,0.003273,-0.026319,0.988498
B,5.2667,R_IndexDistal,0.000000,0.000000,0.024041,0.020364,0.025691,-0.016548,0.999326
B,5.2667,R_IndexTip,0.000292,0.001014,0.022121,0.000000,0.000000,0.000000,1.000000
B,5.2667,R_LittleMetacarpal,0.022750,-0.009318,0.033705,0.018312,0.140343,-0.207036,0.968042
B,5.2667,R_LittleProximal,-0.000002,-0.000001,0.045157,-0.107869,0.027957,0.101423,0.988583
B,5.2667,R_LittleIntermediate,0.000000,0.000000,0.030388,0.233501,0.032152,-0.058195,0.970081
B,5.2667,R_LittleDistal,0.000000,0.000000,0.020092,0.050806,-0.049067,0.000902,0.997502
B,5.2667,R_LittleTip,-0.000244,0.001203,0.021685,0.000000,0.000000,0.000000,1.000000
B,5.2667,R_MiddleMetacarpal,-0.004485,-0.006534,0.032882,0.000000,0.000000,0.000000,1.000000
B,5.2667,R_MiddleProximal,0.002778,0.004018,0.061731,0.019328,0.075637,-0.006953,0.996924
B,5.2667,R_MiddleIntermediate,0.000000,0.000000,0.042463,0.144012,0.002692,-0.012051,0.989499
B,5.2667,R_MiddleDistal,0.000000,0.000000,0.027252,-0.001329,0.000611,-0.043495,0.999053
B,5.2667,R_MiddleTip,0.000305,0.001125,0.024695,0.000000,0.000000,0.000000,1.000000
B,5.2667,R_Palm,-0.003096,-0.004525,0.063747,0.000000,0.000000,0.000000,1.000000
B,5.2667,R_RingMetacarpal,0.014830,-0.005951,0.034399,0.000000,0.000000,0.000000,1.000000
B,5.2667,R_RingProximal,0.002446,-0.000508,0.053335,-0.034654,0.106710,-0.045171,0.992659
B,5.2667,R_RingIntermediate,0.000000,0.000000,0.038575,0.168161,-0.002698,-0.037261,0.985052
B,5.2667,R_RingDistal,0.000000,0.000000,0.026286,0.069814,-0.029558,-0.007917,0.997091
B,5.2667,R_RingTip,0.000255,0.001591,0.024063,0.000000,0.000000,0.000000,1.000000
B,5.2667,R_ThumbMetacarpal,-0.031720,-0.011786,0.032058,-0.106299,-0.470108,0.517716,0.706874
B,5.2667,R_ThumbProximal,0.000000,0.000000,0.032161,0.164426,0.055553,-0.082428,0.981368
B,5.2667,R_ThumbDistal,0.000000,0.000000,0.033428,-0.049519,-0.064324,0.083344,0.993209
B,5.2667,R_ThumbTip,0.000663,0.001016,0.024325,0.000000,0.000000,0.000000,1.000000
B,5.3333,R_Wrist,-0.001412,1.486291,0.584986,-0.491585,-0.292581,-0.221461,0.789744
B,5.3333,R_IndexMetacarpal,-0.020519,-0.007341,0.035021,0.000000,0.000000,0.000000,1.000000
B,5.3333,R_IndexProximal,-0.002777,0.000103,0.059938,-0.023183,-0.001154,0.028369,0.999328
B,5.3333,R_IndexIntermediate,0.000000,0.000000,0.037517,0.148891,0.003273,-0.026319,0.988498
B,5.3333,R_IndexDistal,0.000000,0.000000,0.024041,0.020364,0.025691,-0.016548,0.999326
B,5.3333,R_IndexTip,0.000292,0.001014,0.022122,0.000000,0.000000,0.000000,1.000000
B,5.3333,R_LittleMetacarpal,0.022750,-0.009318,0.033705,0.018312,0.140343,-0.207036,0.968042
B,5.3333,R_LittleProximal,-0.000002,-0.000001,0.045157,-0.107869,0.027957,0.101423,0.988583
B,5.3333,R_LittleIntermediate,0.000000,0.000000,0.030388,0.233501,0.032152,-0.058195,0.970081
B,5.3333,R_LittleDistal,0.000000,0.000000,0.020092,0.050806,-0.049067,0.000902,0.997502
B,5.3333,R_LittleTip,-0.000244,0.001203,0.021685,0.000000,0.000000,0.000000,1.000000
B,5.3333,R_MiddleMetacarpal,-0.004485,-0.006534,0.032882,0.000000,0.000000,0.000000,1.000000
B,5.3333,R_MiddleProximal,0.002778,0.004018,0.061731,0.019328,0.075637,-0.006953,0.996924
B,5.3333,R_MiddleIntermediate,0.000000,0.000000,0.042463,0.144012,0.002692,-0.012051,0.989499
B,5.3333,R_MiddleDistal,0.000000,0.000000,0.027252,-0.001329,0.000611,-0.043495,0.999053
B,5.3333,R_MiddleTip,0.000305,0.001125,0.024695,0.000000,0.000000,0.000000,1.000000
B,5.3333,R_Palm,-0.003096,-0.004525,0.063747,0.000000,0.000000,0.000000,1.000000
B,5.3333,R_RingMetacarpal,0.014830,-0.005951,0.034399,0.000000,0.000000,0.000000,1.000000
B,5.3333,R_RingProximal,0.002446,-0.000508,0.053335,-0.034654,0.106710,-0.045171,0.992659
B,5.3333,R_RingIntermediate,0.000000,0.000000,0.038575,0.168161,-0.002698,-0.037261,0.985052
B,5.3333,R_RingDistal,0.000000,0.000000,0.026286,0.069815,-0.029558,-0.007917,0.997091
B,5.3333,R_RingTip,0.000255,0.001591,0.024063,0.000000,0.000000,0.000000,1.000000
B,5.3333,R_ThumbMetacarpal,-0.031720,-0.011786,0.032058,-0.106299,-0.470108,0.517716,0.706874
B,5.3333,R_ThumbProximal,0.000000,0.000000,0.032161,0.164426,0.055554,-0.082428,0.981368
B,5.3333,R_ThumbDistal,0.000000,0.000000,0.033428,-0.049519,-0.064324,0.083344,0.993209
B,5.3333,R_ThumbTip,0.000663,0.001016,0.024325,0.000000,0.000000,0.000000,1.000000
B,5.4000,R_Wrist,-0.001412,1.486291,0.584986,-0.491585,-0.292581,-0.221461,0.789744
B,5.4000,R_IndexMetacarpal,-0.020519,-0.007341,0.035021,0.000000,0.000000,0.000000,1.000000
B,5.4000,R_IndexProximal,-0.002777,0.000103,0.059938,-0.023183,-0.001154,0.028369,0.999328
B,5.4000,R_IndexIntermediate,0.000000,0.000000,0.037517,0.148891,0.003273,-0.026319,0.988498
B,5.4000,R_IndexDistal,0.000000,0.000000,0.024041,0.020364,0.025691,-0.016548,0.999326
B,5.4000,R_IndexTip,0.000292,0.001014,0.022122,0.000000,0.000000,0.000000,1.000000
B,5.4000,R_LittleMetacarpal,0.022750,-0.009318,0.033705,0.018312,0.140343,-0.207036,0.968042
B,5.4000,R_LittleProximal,-0.000002,-0.000001,0.045157,-0.107869,0.027957,0.101423,0.988583
B,5.4000,R_LittleIntermediate,0.000000,0.000000,0.030388,0.233501,0.032152,-0.058195,0.970081
B,5.4000,R_LittleDistal,0.000000,0.000000,0.020092,0.050806,-0.049067,0.000902,0.997502
B,5.4000,R_LittleTip,-0.000244,0.001203,0.021685,0.000000,0.000000,0.000000,1.000000
B,5.4000,R_MiddleMetacarpal,-0.004485,-0.006534,0.032882,0.000000,0.000000,0.000000,1.000000
B,5.4000,R_MiddleProximal,0.002778,0.004018,0.061731,0.019328,0.075637,-0.006953,0.996924
B,5.4000,R_MiddleIntermediate,0.000000,0.000000,0.042463,0.144012,0.002692,-0.012051,0.989499
B,5.4000,R_MiddleDistal,0.000000,0.000000,0.027252,-0.001329,0.000611,-0.043495,0.999053
B,5.4000,R_MiddleTip,0.000305,0.001125,0.024695,0.000000,0.000000,0.000000,1.000000
B,5.4000,R_Palm,-0.003096,-0.004525,0.063747,0.000000,0.000000,0.000000,1.000000
B,5.4000,R_RingMetacarpal,0.014830,-0.005951,0.034400,0.000000,0.000000,0.000000,1.000000
B,5.4000,R_RingProximal,0.002446,-0.000508,0.053335,-0.034654,0.106710,-0.045171,0.992659
B,5.4000,R_RingIntermediate,0.000000,0.000000,0.038575,0.168161,-0.002698,-0.037261,0.985052
B,5.4000,R_RingDistal,0.000000,0.000000,0.026286,0.069814,-0.029558,-0.007917,0.997091
B,5.4000,R_RingTip,0.000255,0.001591,0.024063,0.000000,0.000000,0.000000,1.000000
B,5.4000,R_ThumbMetacarpal,-0.031720,-0.011787,0.032058,-0.106299,-0.470108,0.517716,0.706874
B,5.4000,R_ThumbProximal,0.000000,0.000000,0.032161,0.164426,0.055554,-0.082428,0.981368
B,5.4000,R_ThumbDistal,0.000000,0.000000,0.033428,-0.049519,-0.064324,0.083344,0.993209
B,5.4000,R_ThumbTip,0.000663,0.001016,0.024325,0.000000,0.000000,0.000000,1.000000
B,5.4667,R_Wrist,-0.001412,1.486290,0.584986,-0.491585,-0.292581,-0.221461,0.789744
B,5.4667,R_IndexMetacarpal,-0.020519,-0.007341,0.035021,0.000000,0.000000,0.000000,1.000000
B,5.4667,R_IndexProximal,-0.002777,0.000103,0.059938,-0.023183,-0.001154,0.028368,0.999328
B,5.4667,R_IndexIntermediate,0.000000,0.000000,0.037517,0.148891,0.003273,-0.026319,0.988498
B,5.4667,R_IndexDistal,0.000000,0.000000,0.024041,0.020364,0.025691,-0.016548,0.999326
B,5.4667,R_IndexTip,0.000292,0.001014,0.022122,0.000000,0.000000,0.000000,1.000000
B,5.4667,R_LittleMetacarpal,0.022750,-0.009318,0.033705,0.018312,0.140343,-0.207036,0.968042
B,5.4667,R_LittleProximal,-0.000002,-0.000001,0.045157,-0.107869,0.027957,0.101423,0.988583
B,5.4667,R_LittleIntermediate,0.000000,0.000000,0.030388,0.233501,0.032152,-0.058195,0.970081
B,5.4667,R_LittleDistal,0.000000,0.000000,0.020092,0.050806,-0.049067,0.000902,0.997502
B,5.4667,R_LittleTip,-0.000244,0.001203,0.021685,0.000000,0.000000,0.000000,1.000000
B,5.4667,R_MiddleMetacarpal,-0.004485,-0.006534,0.032882,0.000000,0.000000,0.000000,1.000000
B,5.4667,R_MiddleProximal,0.002778,0.004018,0.061731,0.019328,0.075637,-0.006953,0.996924
B,5.4667,R_MiddleIntermediate,0.000000,0.000000,0.042463,0.144012,0.002692,-0.012051,0.989499
B,5.4667,R_MiddleDistal,0.000000,0.000000,0.027252,-0.001329,0.000611,-0.043495,0.999053
B,5.4667,R_MiddleTip,0.000305,0.001125,0.024695,0.000000,0.000000,0.000000,1.000000
B,5.4667,R_Palm,-0.003096,-0.004525,0.063747,0.000000,0.000000,0.000000,1.000000
B,5.4667,R_RingMetacarpal,0.014830,-0.005951,0.034400,0.000000,0.000000,0.000000,1.000000
B,5.4667,R_RingProximal,0.002446,-0.000508,0.053335,-0.034654,0.106710,-0.045171,0.992659
B,5.4667,R_RingIntermediate,0.000000,0.000000,0.038575,0.168161,-0.002698,-0.037261,0.985052
B,5.4667,R_RingDistal,0.000000,0.000000,0.026286,0.069814,-0.029558,-0.007917,0.997091
B,5.4667,R_RingTip,0.000255,0.001591,0.024063,0.000000,0.000000,0.000000,1.000000
B,5.4667,R_ThumbMetacarpal,-0.031720,-0.011787,0.032058,-0.106299,-0.470108,0.517716,0.706874
B,5.4667,R_ThumbProximal,0.000000,0.000000,0.032161,0.164426,0.055554,-0.082428,0.981368
B,5.4667,R_ThumbDistal,0.000000,0.000000,0.033428,-0.049519,-0.064324,0.083344,0.993209
B,5.4667,R_ThumbTip,0.000663,0.001016,0.024325,0.000000,0.000000,0.000000,1.000000
B,5.5333,R_Wrist,-0.001412,1.486290,0.584987,-0.491585,-0.292581,-0.221461,0.789744
B,5.5333,R_IndexMetacarpal,-0.020519,-0.007341,0.035021,0.000000,0.000000,0.000000,1.000000
B,5.5333,R_IndexProximal,-0.002777,0.000103,0.059938,-0.023183,-0.001154,0.028369,0.999328
B,5.5333,R_IndexIntermediate,0.000000,0.000000,0.037517,0.148891,0.003273,-0.026319,0.988498
B,5.5333,R_IndexDistal,0.000000,0.000000,0.024041,0.020364,0.025691,-0.016548,0.999326
B,5.5333,R_IndexTip,0.000292,0.001014,0.022122,0.000000,0.000000,0.000000,1.000000
B,5.5333,R_LittleMetacarpal,0.022750,-0.009318,0.033705,0.018312,0.140343,-0.207036,0.968042
B,5.5333,R_LittleProximal,-0.000002,-0.000001,0.045157,-0.107869,0.027957,0.101423,0.988583
B,5.5333,R_LittleIntermediate,0.000000,0.000000,0.030388,0.233501,0.032152,-0.058195,0.970081
B,5.5333,R_LittleDistal,0.000000,0.000000,0.020092,0.050806,-0.049067,0.000902,0.997502
B,5.5333,R_LittleTip,-0.000244,0.001203,0.021685,0.000000,0.000000,0.000000,1.000000
B,5.5333,R_MiddleMetacarpal,-0.004485,-0.006534,0.032882,0.000000,0.000000,0.000000,1.000000
B,5.5333,R_MiddleProximal,0.002778,0.004018,0.061731,0.019328,0.075637,-0.006953,0.996924
B,5.5333,R_MiddleIntermediate,0.000000,0.000000,0.042463,0.144012,0.002692,-0.012051,0.989499
B,5.5333,R_MiddleDistal,0.000000,0.000000,0.027252,-0.001329,0.000611,-0.043495,0.999053
B,5.5333,R_MiddleTip,0.000305,0.001125,0.024695,0.000000,0.000000,0.000000,1.000000
B,5.5333,R_Palm,-0.003096,-0.004525,0.063747,0.000000,0.000000,0.000000,1.000000
B,5.5333,R_RingMetacarpal,0.014830,-0.005951,0.034399,0.000000,0.000000,0.000000,1.000000
B,5.5333,R_RingProximal,0.002446,-0.000508,0.053335,-0.034654,0.106710,-0.045171,0.992659
B,5.5333,R_RingIntermediate,0.000000,0.000000,0.038575,0.168161,-0.002698,-0.037261,0.985052
B,5.5333,R_RingDistal,0.000000,0.000000,0.026286,0.069814,-0.029558,-0.007917,0.997091
B,5.5333,R_RingTip,0.000255,0.001591,0.024063,0.000000,0.000000,0.000000,1.000000
B,5.5333,R_ThumbMetacarpal,-0.031720,-0.011787,0.032058,-0.106299,-0.470108,0.517716,0.706874
B,5.5333,R_ThumbProximal,0.000000,0.000000,0.032161,0.164426,0.055553,-0.082428,0.981368
B,5.5333,R_ThumbDistal,0.000000,0.000000,0.033428,-0.049519,-0.064324,0.083344,0.993209
B,5.5333,R_ThumbTip,0.000663,0.001016,0.024325,0.000000,0.000000,0.000000,1.000000
B,5.6000,R_Wrist,-0.001411,1.486290,0.584987,-0.491585,-0.292581,-0.221461,0.789744
B,5.6000,R_IndexMetacarpal,-0.020519,-0.007341,0.035021,0.000000,0.000000,0.000000,1.000000
B,5.6000,R_IndexProximal,-0.002777,0.000103,0.059938,-0.023183,-0.001154,0.028369,0.999328
B,5.6000,R_IndexIntermediate,0.000000,0.000000,0.037517,0.148891,0.003273,-0.026319,0.988498
B,5.6000,R_IndexDistal,0.000000,0.000000,0.024041,0.020364,0.025691,-0.016548,0.999326
B,5.6000,R_IndexTip,0.000292,0.001014,0.022122,0.000000,0.000000,0.000000,1.000000
B,5.6000,R_LittleMetacarpal,0.022750,-0.009318,0.033705,0.018312,0.140343,-0.207036,0.968042
B,5.6000,R_LittleProximal,-0.000002,-0.000001,0.045157,-0.107869,0.027957,0.101423,0.988583
B,5.6000,R_LittleIntermediate,0.000000,0.000000,0.030388,0.233501,0.032152,-0.058195,0.970081
B,5.6000,R_LittleDistal,0.000000,0.000000,0.020092,0.050806,-0.049067,0.000902,0.997502
B,5.6000,R_LittleTip,-0.000244,0.001203,0.021685,0.000000,0.000000,0.000000,1.000000
B,5.6000,R_MiddleMetacarpal,-0.004485,-0.006534,0.032882,0.000000,0.000000,0.000000,1.000000
B,5.6000,R_MiddleProximal,0.002778,0.004018,0.061731,0.019328,0.075637,-0.006953,0.996924
B,5.6000,R_MiddleIntermediate,0.000000,0.000000,0.042463,0.144012,0.002692,-0.012051,0.989499
B,5.6000,R_MiddleDistal,0.000000,0.000000,0.027252,-0.001329,0.000611,-0.043495,0.999053
B,5.6000,R_MiddleTip,0.000305,0.001125,0.024695,0.000000,0.000000,0.000000,1.000000
B,5.6000,R_Palm,-0.003096,-0.004525,0.063747,0.000000,0.000000,0.000000,1.000000
B,5.6000,R_RingMetacarpal,0.014830,-0.005951,0.034400,0.000000,0.000000,0.000000,1.000000
B,5.6000,R_RingProximal,0.002446,-0.000508,0.053335,-0.034654,0.106710,-0.045171,0.992659
B,5.6000,R_RingIntermediate,0.000000,0.000000,0.038575,0.168161,-0.002698,-0.037261,0.985052
B,5.6000,R_RingDistal,0.000000,0.000000,0.026286,0.069814,-0.029558,-0.007917,0.997091
B,5.6000,R_RingTip,0.000255,0.001591,0.024063,0.000000,0.000000,0.000000,1.000000
B,5.6000,R_ThumbMetacarpal,-0.031720,-0.011786,0.032058,-0.106299,-0.470108,0.517716,0.706874
B,5.6000,R_ThumbProximal,0.000000,0.000000,0.032161,0.164426,0.055553,-0.082428,0.981368
B,5.6000,R_ThumbDistal,0.000000,0.000000,0.033428,-0.049519,-0.064324,0.083344,0.993209
B,5.6000,R_ThumbTip,0.000663,0.001016,0.024325,0.000000,0.000000,0.000000,1.000000
B,5.6667,R_Wrist,-0.001411,1.486289,0.584987,-0.491585,-0.292581,-0.221462,0.789744
B,5.6667,R_IndexMetacarpal,-0.020519,-0.007341,0.035021,0.000000,0.000000,0.000000,1.000000
B,5.6667,R_IndexProximal,-0.002777,0.000103,0.059938,-0.023183,-0.001154,0.028369,0.999328
B,5.6667,R_IndexIntermediate,0.000000,0.000000,0.037517,0.148891,0.003273,-0.026319,0.988498
B,5.6667,R_IndexDistal,0.000000,0.000000,0.024041,0.020364,0.025691,-0.016548,0.999326
B,5.6667,R_IndexTip,0.000292,0.001014,0.022122,0.000000,0.000000,0.000000,1.000000
B,5.6667,R_LittleMetacarpal,0.022750,-0.009318,0.033705,0.018312,0.140343,-0.207036,0.968042
B,5.6667,R_LittleProximal,-0.000002,-0.000001,0.045157,-0.107869,0.027957,0.101423,0.988583
B,5.6667,R_LittleIntermediate,0.000000,0.000000,0.030388,0.233501,0.032152,-0.058195,0.970081
B,5.6667,R_LittleDistal,0.000000,0.000000,0.020092,0.050806,-0.049067,0.000902,0.997502
B,5.6667,R_LittleTip,-0.000244,0.001203,0.021685,0.000000,0.000000,0.000000,1.000000
B,5.6667,R_MiddleMetacarpal,-0.004485,-0.006534,0.032882,0.000000,0.000000,0.000000,1.000000
B,5.6667,R_MiddleProximal,0.002778,0.004018,0.061731,0.019328,0.075637,-0.006953,0.996924
B,5.6667,R_MiddleIntermediate,0.000000,0.000000,0.042463,0.144012,0.002692,-0.012051,0.989499
B,5.6667,R_MiddleDistal,0.000000,0.000000,0.027252,-0.001329,0.000611,-0.043495,0.999053
B,5.6667,R_MiddleTip,0.000305,0.001125,0.024695,0.000000,0.000000,0.000000,1.000000
B,5.6667,R_Palm,-0.003096,-0.004525,0.063747,0.000000,0.000000,0.000000,1.000000
B,5.6667,R_RingMetacarpal,0.014830,-0.005951,0.034400,0.000000,0.000000,0.000000,1.000000
B,5.6667,R_RingProximal,0.002446,-0.000508,0.053335,-0.034654,0.106710,-0.045171,0.992659
B,5.6667,R_RingIntermediate,0.000000,0.000000,0.038575,0.168161,-0.002698,-0.037261,0.985052
B,5.6667,R_RingDistal,0.000000,0.000000,0.026286,0.069815,-0.029558,-0.007917,0.997091
B,5.6667,R_RingTip,0.000255,0.001591,0.024063,0.000000,0.000000,0.000000,1.000000
B,5.6667,R_ThumbMetacarpal,-0.031720,-0.011786,0.032058,-0.106299,-0.470108,0.517716,0.706874
B,5.6667,R_ThumbProximal,0.000000,0.000000,0.032162,0.164426,0.055554,-0.082428,0.981368
B,5.6667,R_ThumbDistal,0.000000,0.000000,0.033428,-0.049519,-0.064324,0.083344,0.993209
B,5.6667,R_ThumbTip,0.000663,0.001016,0.024325,0.000000,0.000000,0.000000,1.000000
B,5.7333,R_Wrist,-0.001411,1.486289,0.584988,-0.491585,-0.292581,-0.221462,0.789744
B,5.7333,R_IndexMetacarpal,-0.020519,-0.007341,0.035021,0.000000,0.000000,0.000000,1.000000
B,5.7333,R_IndexProximal,-0.002777,0.000103,0.059938,-0.023183,-0.001154,0.028368,0.999328
B,5.7333,R_IndexIntermediate,0.000000,0.000000,0.037517,0.148891,0.003273,-0.026319,0.988498
B,5.7333,R_IndexDistal,0.000000,0.000000,0.024041,0.020364,0.025691,-0.016548,0.999326
B,5.7333,R_IndexTip,0.000292,0.001014,0.022122,0.000000,0.000000,0.000000,1.000000
B,5.7333,R_LittleMetacarpal,0.022750,-0.009318,0.033705,0.018312,0.140343,-0.207036,0.968042
B,5.7333,R_LittleProximal,-0.000002,-0.000001,0.045157,-0.107869,0.027957,0.101423,0.988583
B,5.7333,R_LittleIntermediate,0.000000,0.000000,0.030388,0.233501,0.032152,-0.058195,0.970081
B,5.7333,R_LittleDistal,0.000000,0.000000,0.020092,0.050806,-0.049067,0.000902,0.997502
B,5.7333,R_LittleTip,-0.000244,0.001203,0.021685,0.000000,0.000000,0.000000,1.000000
B,5.7333,R_MiddleMetacarpal,-0.004485,-0.006534,0.032882,0.000000,0.000000,0.000000,1.000000
B,5.7333,R_MiddleProximal,0.002778,0.004018,0.061731,0.019328,0.075637,-0.006953,0.996924
B,5.7333,R_MiddleIntermediate,0.000000,0.000000,0.042463,0.144012,0.002692,-0.012051,0.989499
B,5.7333,R_MiddleDistal,0.000000,0.000000,0.027252,-0.001329,0.000611,-0.043495,0.999053
B,5.7333,R_MiddleTip,0.000305,0.001125,0.024695,0.000000,0.000000,0.000000,1.000000
B,5.7333,R_Palm,-0.003096,-0.004525,0.063747,0.000000,0.000000,0.000000,1.000000
B,5.7333,R_RingMetacarpal,0.014830,-0.005951,0.034400,0.000000,0.000000,0.000000,1.000000
B,5.7333,R_RingProximal,0.002446,-0.000508,0.053336,-0.034654,0.106710,-0.045171,0.992659
B,5.7333,R_RingIntermediate,0.000000,0.000000,0.038575,0.168161,-0.002698,-0.037261,0.985052
B,5.7333,R_RingDistal,0.000000,0.000000,0.026286,0.069814,-0.029558,-0.007917,0.997091
B,5.7333,R_RingTip,0.000255,0.001591,0.024063,0.000000,0.000000,0.000000,1.000000
B,5.7333,R_ThumbMetacarpal,-0.031720,-0.011786,0.032058,-0.106299,-0.470108,0.517716,0.706874
B,5.7333,R_ThumbProximal,0.000000,0.000000,0.032162,0.164426,0.055554,-0.082428,0.981368
B,5.7333,R_ThumbDistal,0.000000,0.000000,0.033428,-0.049519,-0.064324,0.083344,0.993209
B,5.7333,R_ThumbTip,0.000663,0.001016,0.024325,0.000000,0.000000,0.000000,1.000000
B,5.8000,R_Wrist,-0.001411,1.486289,0.584988,-0.491585,-0.292581,-0.221462,0.789744
B,5.8000,R_IndexMetacarpal,-0.020519,-0.007341,0.035021,0.000000,0.000000,0.000000,1.000000
B,5.8000,R_IndexProximal,-0.002777,0.000103,0.059938,-0.023183,-0.001154,0.028368,0.999328
B,5.8000,R_IndexIntermediate,0.000000,0.000000,0.037517,0.148891,0.003273,-0.026319,0.988498
B,5.8000,R_IndexDistal,0.000000,0.000000,0.024041,0.020364,0.025691,-0.016548,0.999326
B,5.8000,R_IndexTip,0.000292,0.001014,0.022122,0.000000,0.000000,0.000000,1.000000
B,5.8000,R_LittleMetacarpal,0.022750,-0.009318,0.033705,0.018312,0.140343,-0.207036,0.968042
B,5.8000,R_LittleProximal,-0.000002,-0.000001,0.045157,-0.107869,0.027957,0.101423,0.988583
B,5.8000,R_LittleIntermediate,0.000000,0.000000,0.030388,0.233501,0.032152,-0.058195,0.970081
B,5.8000,R_LittleDistal,0.000000,0.000000,0.020092,0.050806,-0.049067,0.000902,0.997502
B,5.8000,R_LittleTip,-0.000244,0.001203,0.021685,0.000000,0.000000,0.000000,1.000000
B,5.8000,R_MiddleMetacarpal,-0.004485,-0.006534,0.032882,0.000000,0.000000,0.000000,1.000000
B,5.8000,R_MiddleProximal,0.002778,0.004018,0.061731,0.019328,0.075637,-0.006953,0.996924
B,5.8000,R_MiddleIntermediate,0.000000,0.000000,0.042463,0.144012,0.002692,-0.012051,0.989499
B,5.8000,R_MiddleDistal,0.000000,0.000000,0.027252,-0.001329,0.000611,-0.043495,0.999053
B,5.8000,R_MiddleTip,0.000305,0.001125,0.024695,0.000000,0.000000,0.000000,1.000000
B,5.8000,R_Palm,-0.003096,-0.004525,0.063747,0.000000,0.000000,0.000000,1.000000
B,5.8000,R_RingMetacarpal,0.014830,-0.005951,0.034400,0.000000,0.000000,0.000000,1.000000
B,5.8000,R_RingProximal,0.002446,-0.000508,0.053336,-0.034654,0.106710,-0.045171,0.992659
B,5.8000,R_RingIntermediate,0.000000,0.000000,0.038575,0.168161,-0.002698,-0.037261,0.985052
B,5.8000,R_RingDistal,0.000000,0.000000,0.026286,0.069814,-0.029558,-0.007917,0.997091
B,5.8000,R_RingTip,0.000255,0.001591,0.024063,0.000000,0.000000,0.000000,1.000000
B,5.8000,R_ThumbMetacarpal,-0.031720,-0.011787,0.032058,-0.106299,-0.470108,0.517716,0.706874
B,5.8000,R_ThumbProximal,0.000000,0.000000,0.032162,0.164426,0.055554,-0.082428,0.981368
B,5.8000,R_ThumbDistal,0.000000,0.000000,0.033428,-0.049519,-0.064324,0.083344,0.993209
B,5.8000,R_ThumbTip,0.000663,0.001016,0.024325,0.000000,0.000000,0.000000,1.000000
B,5.8667,R_Wrist,-0.001411,1.486288,0.584988,-0.491585,-0.292581,-0.221462,0.789744
B,5.8667,R_IndexMetacarpal,-0.020519,-0.007341,0.035021,0.000000,0.000000,0.000000,1.000000
B,5.8667,R_IndexProximal,-0.002777,0.000103,0.059938,-0.023183,-0.001154,0.028368,0.999328
B,5.8667,R_IndexIntermediate,0.000000,0.000000,0.037517,0.148891,0.003273,-0.026319,0.988498
B,5.8667,R_IndexDistal,0.000000,0.000000,0.024041,0.020364,0.025691,-0.016548,0.999326
B,5.8667,R_IndexTip,0.000292,0.001014,0.022122,0.000000,0.000000,0.000000,1.000000
B,5.8667,R_LittleMetacarpal,0.022750,-0.009318,0.033705,0.018312,0.140343,-0.207036,0.968042
B,5.8667,R_LittleProximal,-0.000002,-0.000001,0.045157,-0.107869,0.027957,0.101423,0.988583
B,5.8667,R_LittleIntermediate,0.000000,0.000000,0.030388,0.233501,0.032152,-0.058195,0.970081
B,5.8667,R_LittleDistal,0.000000,0.000000,0.020092,0.050806,-0.049067,0.000902,0.997502
B,5.8667,R_LittleTip,-0.000244,0.001203,0.021685,0.000000,0.000000,0.000000,1.000000
B,5.8667,R_MiddleMetacarpal,-0.004485,-0.006534,0.032882,0.000000,0.000000,0.000000,1.000000
B,5.8667,R_MiddleProximal,0.002778,0.004018,0.061731,0.019328,0.075637,-0.006953,0.996924
B,5.8667,R_MiddleIntermediate,0.000000,0.000000,0.042463,0.144012,0.002692,-0.012051,0.989499
B,5.8667,R_MiddleDistal,0.000000,0.000000,0.027252,-0.001329,0.000611,-0.043495,0.999053
B,5.8667,R_MiddleTip,0.000305,0.001125,0.024695,0.000000,0.000000,0.000000,1.000000
B,5.8667,R_Palm,-0.003096,-0.004525,0.063747,0.000000,0.000000,0.000000,1.000000
B,5.8667,R_RingMetacarpal,0.014830,-0.005951,0.034400,0.000000,0.000000,0.000000,1.000000
B,5.8667,R_RingProximal,0.002446,-0.000508,0.053336,-0.034654,0.106710,-0.045171,0.992659
B,5.8667,R_RingIntermediate,0.000000,0.000000,0.038575,0.168161,-0.002698,-0.037261,0.985052
B,5.8667,R_RingDistal,0.000000,0.000000,0.026286,0.069814,-0.029558,-0.007917,0.997091
B,5.8667,R_RingTip,0.000255,0.001591,0.024063,0.000000,0.000000,0.000000,1.000000
B,5.8667,R_ThumbMetacarpal,-0.031720,-0.011787,0.032058,-0.106299,-0.470108,0.517716,0.706874
B,5.8667,R_ThumbProximal,0.000000,0.000000,0.032162,0.164426,0.055554,-0.082428,0.981368
B,5.8667,R_ThumbDistal,0.000000,0.000000,0.033428,-0.049519,-0.064324,0.083344,0.993209
B,5.8667,R_ThumbTip,0.000663,0.001016,0.024325,0.000000,0.000000,0.000000,1.000000
B,5.9333,R_Wrist,-0.001411,1.486288,0.584989,-0.491585,-0.292581,-0.221462,0.789744
B,5.9333,R_IndexMetacarpal,-0.020519,-0.007341,0.035021,0.000000,0.000000,0.000000,1.000000
B,5.9333,R_IndexProximal,-0.002777,0.000103,0.059938,-0.023183,-0.001154,0.028368,0.999328
B,5.9333,R_IndexIntermediate,0.000000,0.000000,0.037517,0.148891,0.003273,-0.026319,0.988498
B,5.9333,R_IndexDistal,0.000000,0.000000,0.024041,0.020364,0.025691,-0.016548,0.999326
B,5.9333,R_IndexTip,0.000292,0.001014,0.022122,0.000000,0.000000,0.000000,1.000000
B,5.9333,R_LittleMetacarpal,0.022750,-0.009318,0.033705,0.018312,0.140343,-0.207036,0.968042
B,5.9333,R_LittleProximal,-0.000002,-0.000001,0.045157,-0.107869,0.027957,0.101423,0.988583
B,5.9333,R_LittleIntermediate,0.000000,0.000000,0.030388,0.233501,0.032152,-0.058195,0.970081
B,5.9333,R_LittleDistal,0.000000,0.000000,0.020092,0.050806,-0.049067,0.000902,0.997502
B,5.9333,R_LittleTip,-0.000244,0.001203,0.021685,0.000000,0.000000,0.000000,1.000000
B,5.9333,R_MiddleMetacarpal,-0.004485,-0.006534,0.032882,0.000000,0.000000,0.000000,1.000000
B,5.9333,R_MiddleProximal,0.002778,0.004018,0.061731,0.019328,0.075637,-0.006953,0.996924
B,5.9333,R_MiddleIntermediate,0.000000,0.000000,0.042463,0.144011,0.002692,-0.012051,0.989499
B,5.9333,R_MiddleDistal,0.000000,0.000000,0.027252,-0.001329,0.000611,-0.043495,0.999053
B,5.9333,R_MiddleTip,0.000305,0.001125,0.024695,0.000000,0.000000,0.000000,1.000000
B,5.9333,R_Palm,-0.003096,-0.004525,0.063747,0.000000,0.000000,0.000000,1.000000
B,5.9333,R_RingMetacarpal,0.014830,-0.005951,0.034400,0.000000,0.000000,0.000000,1.000000
B,5.9333,R_RingProximal,0.002446,-0.000508,0.053336,-0.034654,0.106710,-0.045171,0.992659
B,5.9333,R_RingIntermediate,0.000000,0.000000,0.038575,0.168161,-0.002698,-0.037261,0.985052
B,5.9333,R_RingDistal,0.000000,0.000000,0.026286,0.069814,-0.029558,-0.007917,0.997091
B,5.9333,R_RingTip,0.000255,0.001591,0.024063,0.000000,0.000000,0.000000,1.000000
B,5.9333,R_ThumbMetacarpal,-0.031720,-0.011787,0.032058,-0.106299,-0.470108,0.517716,0.706874
B,5.9333,R_ThumbProximal,0.000000,0.000000,0.032162,0.164426,0.055554,-0.082428,0.981368
B,5.9333,R_ThumbDistal,0.000000,0.000000,0.033428,-0.049519,-0.064324,0.083344,0.993209
B,5.9333,R_ThumbTip,0.000663,0.001016,0.024325,0.000000,0.000000,0.000000,1.000000
B,6.0000,R_Wrist,-0.001411,1.486288,0.584989,-0.491585,-0.292581,-0.221462,0.789744
B,6.0000,R_IndexMetacarpal,-0.020519,-0.007341,0.035021,0.000000,0.000000,0.000000,1.000000
B,6.0000,R_IndexProximal,-0.002777,0.000103,0.059938,-0.023183,-0.001154,0.028368,0.999328
B,6.0000,R_IndexIntermediate,0.000000,0.000000,0.037517,0.148891,0.003273,-0.026319,0.988498
B,6.0000,R_IndexDistal,0.000000,0.000000,0.024041,0.020364,0.025691,-0.016548,0.999326
B,6.0000,R_IndexTip,0.000292,0.001014,0.022122,0.000000,0.000000,0.000000,1.000000
B,6.0000,R_LittleMetacarpal,0.022750,-0.009318,0.033705,0.018312,0.140343,-0.207036,0.968042
B,6.0000,R_LittleProximal,-0.000002,-0.000001,0.045157,-0.107869,0.027957,0.101423,0.988583
B,6.0000,R_LittleIntermediate,0.000000,0.000000,0.030388,0.233501,0.032152,-0.058195,0.970081
B,6.0000,R_LittleDistal,0.000000,0.000000,0.020092,0.050806,-0.049067,0.000902,0.997502
B,6.0000,R_LittleTip,-0.000244,0.001203,0.021685,0.000000,0.000000,0.000000,1.000000
B,6.0000,R_MiddleMetacarpal,-0.004485,-0.006534,0.032882,0.000000,0.000000,0.000000,1.000000
B,6.0000,R_MiddleProximal,0.002778,0.004018,0.061731,0.019328,0.075637,-0.006953,0.996924
B,6.0000,R_MiddleIntermediate,0.000000,0.000000,0.042463,0.144012,0.002692,-0.012051,0.989499
B,6.0000,R_MiddleDistal,0.000000,0.000000,0.027252,-0.001329,0.000611,-0.043495,0.999053
B,6.0000,R_MiddleTip,0.000305,0.001125,0.024695,0.000000,0.000000,0.000000,1.000000
B,6.0000,R_Palm,-0.003096,-0.004525,0.063747,0.000000,0.000000,0.000000,1.000000
B,6.0000,R_RingMetacarpal,0.014830,-0.005951,0.034400,0.000000,0.000000,0.000000,1.000000
B,6.0000,R_RingProximal,0.002446,-0.000508,0.053336,-0.034654,0.106710,-0.045171,0.992659
B,6.0000,R_RingIntermediate,0.000000,0.000000,0.038575,0.168161,-0.002698,-0.037261,0.985051
B,6.0000,R_RingDistal,0.000000,0.000000,0.026286,0.069814,-0.029558,-0.007917,0.997091
B,6.0000,R_RingTip,0.000255,0.001591,0.024063,0.000000,0.000000,0.000000,1.000000
B,6.0000,R_ThumbMetacarpal,-0.031720,-0.011787,0.032058,-0.106299,-0.470108,0.517716,0.706874
B,6.0000,R_ThumbProximal,0.000000,0.000000,0.032162,0.164426,0.055554,-0.082428,0.981368
B,6.0000,R_ThumbDistal,0.000000,0.000000,0.033428,-0.049519,-0.064324,0.083344,0.993209
B,6.0000,R_ThumbTip,0.000663,0.001016,0.024325,0.000000,0.000000,0.000000,1.000000
B,6.0667,R_Wrist,-0.001411,1.486288,0.584989,-0.491585,-0.292581,-0.221462,0.789744
B,6.0667,R_IndexMetacarpal,-0.020519,-0.007341,0.035021,0.000000,0.000000,0.000000,1.000000
B,6.0667,R_IndexProximal,-0.002777,0.000103,0.059938,-0.023183,-0.001154,0.028369,0.999328
B,6.0667,R_IndexIntermediate,0.000000,0.000000,0.037518,0.148891,0.003273,-0.026319,0.988498
B,6.0667,R_IndexDistal,0.000000,0.000000,0.024041,0.020364,0.025691,-0.016548,0.999326
B,6.0667,R_IndexTip,0.000292,0.001014,0.022122,0.000000,0.000000,0.000000,1.000000
B,6.0667,R_LittleMetacarpal,0.022750,-0.009318,0.033705,0.018312,0.140343,-0.207036,0.968042
B,6.0667,R_LittleProximal,-0.000002,-0.000001,0.045157,-0.107869,0.027957,0.101423,0.988583
B,6.0667,R_LittleIntermediate,0.000000,0.000000,0.030389,0.233501,0.032152,-0.058195,0.970081
B,6.0667,R_LittleDistal,0.000000,0.000000,0.020092,0.050806,-0.049067,0.000902,0.997502
B,6.0667,R_LittleTip,-0.000244,0.001203,0.021686,0.000000,0.000000,0.000000,1.000000
B,6.0667,R_MiddleMetacarpal,-0.004485,-0.006534,0.032882,0.000000,0.000000,0.000000,1.000000
B,6.0667,R_MiddleProximal,0.002778,0.004018,0.061731,0.019328,0.075637,-0.006953,0.996924
B,6.0667,R_MiddleIntermediate,0.000000,0.000000,0.042463,0.144012,0.002692,-0.012051,0.989499
B,6.0667,R_MiddleDistal,0.000000,0.000000,0.027252,-0.001329,0.000611,-0.043495,0.999053
B,6.0667,R_MiddleTip,0.000305,0.001125,0.024695,0.000000,0.000000,0.000000,1.000000
B,6.0667,R_Palm,-0.003096,-0.004525,0.063747,0.000000,0.000000,0.000000,1.000000
B,6.0667,R_RingMetacarpal,0.014830,-0.005951,0.034400,0.000000,0.000000,0.000000,1.000000
B,6.0667,R_RingProximal,0.002446,-0.000508,0.053336,-0.034654,0.106710,-0.045171,0.992659
B,6.0667,R_RingIntermediate,0.000000,0.000000,0.038575,0.168161,-0.002698,-0.037261,0.985051
B,6.0667,R_RingDistal,0.000000,0.000000,0.026286,0.069814,-0.029558,-0.007917,0.997091
B,6.0667,R_RingTip,0.000255,0.001591,0.024063,0.000000,0.000000,0.000000,1.000000
B,6.0667,R_ThumbMetacarpal,-0.031720,-0.011787,0.032058,-0.106299,-0.470108,0.517716,0.706874
B,6.0667,R_ThumbProximal,0.000000,0.000000,0.032162,0.164426,0.055554,-0.082428,0.981368
B,6.0667,R_ThumbDistal,0.000000,0.000000,0.033428,-0.049519,-0.064324,0.083344,0.993209
B,6.0667,R_ThumbTip,0.000663,0.001016,0.024325,0.000000,0.000000,0.000000,1.000000
B,6.1333,R_Wrist,-0.001411,1.486287,0.584990,-0.491585,-0.292581,-0.221462,0.789744
B,6.1333,R_IndexMetacarpal,-0.020519,-0.007341,0.035021,0.000000,0.000000,0.000000,1.000000
B,6.1333,R_IndexProximal,-0.002777,0.000103,0.059938,-0.023183,-0.001154,0.028368,0.999328
B,6.1333,R_IndexIntermediate,0.000000,0.000000,0.037518,0.148891,0.003273,-0.026319,0.988498
B,6.1333,R_IndexDistal,0.000000,0.000000,0.024041,0.020364,0.025691,-0.016548,0.999326
B,6.1333,R_IndexTip,0.000292,0.001014,0.022122,0.000000,0.000000,0.000000,1.000000
B,6.1333,R_LittleMetacarpal,0.022750,-0.009318,0.033705,0.018312,0.140343,-0.207036,0.968042
B,6.1333,R_LittleProximal,-0.000002,-0.000001,0.045157,-0.107869,0.027957,0.101423,0.988583
B,6.1333,R_LittleIntermediate,0.000000,0.000000,0.030389,0.233501,0.032152,-0.058195,0.970081
B,6.1333,R_LittleDistal,0.000000,0.000000,0.020092,0.050806,-0.049067,0.000902,0.997502
B,6.1333,R_LittleTip,-0.000244,0.001203,0.021686,0.000000,0.000000,0.000000,1.000000
B,6.1333,R_MiddleMetacarpal,-0.004485,-0.006534,0.032882,0.000000,0.000000,0.000000,1.000000
B,6.1333,R_MiddleProximal,0.002778,0.004018,0.061731,0.019328,0.075637,-0.006953,0.996924
B,6.1333,R_MiddleIntermediate,0.000000,0.000000,0.042463,0.144012,0.002692,-0.012051,0.989499
B,6.1333,R_MiddleDistal,0.000000,0.000000,0.027252,-0.001329,0.000611,-0.043495,0.999053
B,6.1333,R_MiddleTip,0.000305,0.001125,0.024695,0.000000,0.000000,0.000000,1.000000
B,6.1333,R_Palm,-0.003096,-0.004525,0.063748,0.000000,0.000000,0.000000,1.000000
B,6.1333,R_RingMetacarpal,0.014830,-0.005951,0.034400,0.000000,0.000000,0.000000,1.000000
B,6.1333,R_RingProximal,0.002446,-0.000508,0.053336,-0.034654,0.106710,-0.045171,0.992659
B,6.1333,R_RingIntermediate,0.000000,0.000000,0.038575,0.168161,-0.002698,-0.037261,0.985052
B,6.1333,R_RingDistal,0.000000,0.000000,0.026286,0.069815,-0.029558,-0.007917,0.997091
B,6.1333,R_RingTip,0.000255,0.001591,0.024063,0.000000,0.000000,0.000000,1.000000
B,6.1333,R_ThumbMetacarpal,-0.031720,-0.011787,0.032058,-0.106299,-0.470108,0.517716,0.706874
B,6.1333,R_ThumbProximal,0.000000,0.000000,0.032162,0.164426,0.055553,-0.082428,0.981368
B,6.1333,R_ThumbDistal,0.000000,0.000000,0.033428,-0.049519,-0.064324,0.083344,0.993209
B,6.1333,R_ThumbTip,0.000663,0.001016,0.024325,0.000000,0.000000,0.000000,1.000000
B,6.2000,R_Wrist,-0.001411,1.486287,0.584990,-0.491585,-0.292581,-0.221462,0.789744
B,6.2000,R_IndexMetacarpal,-0.020519,-0.007341,0.035021,0.000000,0.000000,0.000000,1.000000
B,6.2000,R_IndexProximal,-0.002777,0.000103,0.059938,-0.023183,-0.001154,0.028369,0.999328
B,6.2000,R_IndexIntermediate,0.000000,0.000000,0.037518,0.148891,0.003273,-0.026319,0.988498
B,6.2000,R_IndexDistal,0.000000,0.000000,0.024041,0.020364,0.025691,-0.016548,0.999326
B,6.2000,R_IndexTip,0.000292,0.001014,0.022122,0.000000,0.000000,0.000000,1.000000
B,6.2000,R_LittleMetacarpal,0.022750,-0.009318,0.033705,0.018312,0.140343,-0.207036,0.968042
B,6.2000,R_LittleProximal,-0.000002,-0.000001,0.045157,-0.107869,0.027957,0.101423,0.988583
B,6.2000,R_LittleIntermediate,0.000000,0.000000,0.030389,0.233501,0.032152,-0.058195,0.970081
B,6.2000,R_LittleDistal,0.000000,0.000000,0.020092,0.050806,-0.049067,0.000902,0.997502
B,6.2000,R_LittleTip,-0.000244,0.001203,0.021686,0.000000,0.000000,0.000000,1.000000
B,6.2000,R_MiddleMetacarpal,-0.004485,-0.006534,0.032882,0.000000,0.000000,0.000000,1.000000
B,6.2000,R_MiddleProximal,0.002778,0.004018,0.061731,0.019328,0.075637,-0.006953,0.996924
B,6.2000,R_MiddleIntermediate,0.000000,0.000000,0.042463,0.144012,0.002692,-0.012051,0.989499
B,6.2000,R_MiddleDistal,0.000000,0.000000,0.027252,-0.001329,0.000611,-0.043495,0.999053
B,6.2000,R_MiddleTip,0.000305,0.001125,0.024695,0.000000,0.000000,0.000000,1.000000
B,6.2000,R_Palm,-0.003096,-0.004525,0.063748,0.000000,0.000000,0.000000,1.000000
B,6.2000,R_RingMetacarpal,0.014830,-0.005951,0.034400,0.000000,0.000000,0.000000,1.000000
B,6.2000,R_RingProximal,0.002446,-0.000508,0.053336,-0.034654,0.106710,-0.045171,0.992659
B,6.2000,R_RingIntermediate,0.000000,0.000000,0.038575,0.168161,-0.002698,-0.037261,0.985052
B,6.2000,R_RingDistal,0.000000,0.000000,0.026286,0.069814,-0.029558,-0.007917,0.997091
B,6.2000,R_RingTip,0.000255,0.001591,0.024063,0.000000,0.000000,0.000000,1.000000
B,6.2000,R_ThumbMetacarpal,-0.031720,-0.011787,0.032058,-0.106299,-0.470108,0.517716,0.706874
B,6.2000,R_ThumbProximal,0.000000,0.000000,0.032162,0.164426,0.055553,-0.082428,0.981368
B,6.2000,R_ThumbDistal,0.000000,0.000000,0.033428,-0.049519,-0.064324,0.083344,0.993209
B,6.2000,R_ThumbTip,0.000663,0.001016,0.024325,0.000000,0.000000,0.000000,1.000000
B,6.2667,R_Wrist,-0.001411,1.486286,0.584990,-0.491585,-0.292581,-0.221462,0.789744
B,6.2667,R_IndexMetacarpal,-0.020519,-0.007341,0.035021,0.000000,0.000000,0.000000,1.000000
B,6.2667,R_IndexProximal,-0.002777,0.000103,0.059938,-0.023183,-0.001154,0.028369,0.999328
B,6.2667,R_IndexIntermediate,0.000000,0.000000,0.037518,0.148891,0.003273,-0.026319,0.988498
B,6.2667,R_IndexDistal,0.000000,0.000000,0.024041,0.020364,0.025691,-0.016548,0.999326
B,6.2667,R_IndexTip,0.000292,0.001014,0.022122,0.000000,0.000000,0.000000,1.000000
B,6.2667,R_LittleMetacarpal,0.022750,-0.009318,0.033705,0.018312,0.140343,-0.207036,0.968042
B,6.2667,R_LittleProximal,-0.000002,-0.000001,0.045157,-0.107869,0.027957,0.101423,0.988583
B,6.2667,R_LittleIntermediate,0.000000,0.000000,0.030389,0.233501,0.032152,-0.058195,0.970081
B,6.2667,R_LittleDistal,0.000000,0.000000,0.020092,0.050806,-0.049067,0.000902,0.997502
B,6.2667,R_LittleTip,-0.000244,0.001203,0.021686,0.000000,0.000000,0.000000,1.000000
B,6.2667,R_MiddleMetacarpal,-0.004485,-0.006534,0.032882,0.000000,0.000000,0.000000,1.000000
B,6.2667,R_MiddleProximal,0.002778,0.004018,0.061731,0.019328,0.075637,-0.006953,0.996924
B,6.2667,R_MiddleIntermediate,0.000000,0.000000,0.042463,0.144011,0.002692,-0.012051,0.989499
B,6.2667,R_MiddleDistal,0.000000,0.000000,0.027252,-0.001329,0.000611,-0.043495,0.999053
B,6.2667,R_MiddleTip,0.000305,0.001125,0.024695,0.000000,0.000000,0.000000,1.000000
B,6.2667,R_Palm,-0.003096,-0.004525,0.063748,0.000000,0.000000,0.000000,1.000000
B,6.2667,R_RingMetacarpal,0.014830,-0.005951,0.034400,0.000000,0.000000,0.000000,1.000000
B,6.2667,R_RingProximal,0.002446,-0.000508,0.053336,-0.034654,0.106710,-0.045171,0.992659
B,6.2667,R_RingIntermediate,0.000000,0.000000,0.038575,0.168161,-0.002698,-0.037261,0.985052
B,6.2667,R_RingDistal,0.000000,0.000000,0.026286,0.069814,-0.029558,-0.007917,0.997091
B,6.2667,R_RingTip,0.000255,0.001591,0.024063,0.000000,0.000000,0.000000,1.000000
B,6.2667,R_ThumbMetacarpal,-0.031720,-0.011787,0.032058,-0.106299,-0.470108,0.517716,0.706874
B,6.2667,R_ThumbProximal,0.000000,0.000000,0.032162,0.164426,0.055553,-0.082428,0.981368
B,6.2667,R_ThumbDistal,0.000000,0.000000,0.033428,-0.049519,-0.064324,0.083344,0.993209
B,6.2667,R_ThumbTip,0.000663,0.001016,0.024325,0.000000,0.000000,0.000000,1.000000
B,6.3333,R_Wrist,-0.001411,1.486286,0.584990,-0.491585,-0.292581,-0.221462,0.789744
B,6.3333,R_IndexMetacarpal,-0.020519,-0.007341,0.035021,0.000000,0.000000,0.000000,1.000000
B,6.3333,R_IndexProximal,-0.002777,0.000103,0.059938,-0.023183,-0.001154,0.028369,0.999328
B,6.3333,R_IndexIntermediate,0.000000,0.000000,0.037518,0.148891,0.003273,-0.026319,0.988498
B,6.3333,R_IndexDistal,0.000000,0.000000,0.024041,0.020364,0.025691,-0.016548,0.999326
B,6.3333,R_IndexTip,0.000292,0.001014,0.022122,0.000000,0.000000,0.000000,1.000000
B,6.3333,R_LittleMetacarpal,0.022750,-0.009318,0.033705,0.018312,0.140343,-0.207036,0.968042
B,6.3333,R_LittleProximal,-0.000002,-0.000001,0.045157,-0.107869,0.027957,0.101423,0.988583
B,6.3333,R_LittleIntermediate,0.000000,0.000000,0.030389,0.233501,0.032152,-0.058195,0.970081
B,6.3333,R_LittleDistal,0.000000,0.000000,0.020092,0.050806,-0.049067,0.000902,0.997502
B,6.3333,R_LittleTip,-0.000244,0.001203,0.021686,0.000000,0.000000,0.000000,1.000000
B,6.3333,R_MiddleMetacarpal,-0.004485,-0.006534,0.032882,0.000000,0.000000,0.000000,1.000000
B,6.3333,R_MiddleProximal,0.002778,0.004018,0.061731,0.019328,0.075637,-0.006953,0.996924
B,6.3333,R_MiddleIntermediate,0.000000,0.000000,0.042463,0.144012,0.002692,-0.012051,0.989499
B,6.3333,R_MiddleDistal,0.000000,0.000000,0.027252,-0.001329,0.000611,-0.043495,0.999053
B,6.3333,R_MiddleTip,0.000305,0.001125,0.024695,0.000000,0.000000,0.000000,1.000000
B,6.3333,R_Palm,-0.003096,-0.004525,0.063748,0.000000,0.000000,0.000000,1.000000
B,6.3333,R_RingMetacarpal,0.014830,-0.005951,0.034400,0.000000,0.000000,0.000000,1.000000
B,6.3333,R_RingProximal,0.002446,-0.000508,0.053336,-0.034654,0.106710,-0.045171,0.992659
B,6.3333,R_RingIntermediate,0.000000,0.000000,0.038575,0.168161,-0.002698,-0.037261,0.985052
B,6.3333,R_RingDistal,0.000000,0.000000,0.026286,0.069814,-0.029558,-0.007917,0.997091
B,6.3333,R_RingTip,0.000255,0.001591,0.024063,0.000000,0.000000,0.000000,1.000000
B,6.3333,R_ThumbMetacarpal,-0.031720,-0.011787,0.032058,-0.106299,-0.470108,0.517716,0.706874
B,6.3333,R_ThumbProximal,0.000000,0.000000,0.032162,0.164426,0.055554,-0.082428,0.981368
B,6.3333,R_ThumbDistal,0.000000,0.000000,0.033428,-0.049519,-0.064324,0.083344,0.993209
B,6.3333,R_ThumbTip,0.000663,0.001016,0.024325,0.000000,0.000000,0.000000,1.000000
B,6.4000,R_Wrist,-0.001411,1.486286,0.584991,-0.491585,-0.292581,-0.221462,0.789744
B,6.4000,R_IndexMetacarpal,-0.020519,-0.007341,0.035021,0.000000,0.000000,0.000000,1.000000
B,6.4000,R_IndexProximal,-0.002777,0.000103,0.059938,-0.023183,-0.001154,0.028369,0.999328
B,6.4000,R_IndexIntermediate,0.000000,0.000000,0.037518,0.148891,0.003273,-0.026319,0.988498
B,6.4000,R_IndexDistal,0.000000,0.000000,0.024041,0.020364,0.025691,-0.016548,0.999326
B,6.4000,R_IndexTip,0.000292,0.001014,0.022122,0.000000,0.000000,0.000000,1.000000
B,6.4000,R_LittleMetacarpal,0.022750,-0.009318,0.033706,0.018312,0.140343,-0.207036,0.968042
B,6.4000,R_LittleProximal,-0.000002,-0.000001,0.045157,-0.107869,0.027957,0.101423,0.988583
B,6.4000,R_LittleIntermediate,0.000000,0.000000,0.030389,0.233501,0.032152,-0.058195,0.970081
B,6.4000,R_LittleDistal,0.000000,0.000000,0.020092,0.050806,-0.049067,0.000902,0.997502
B,6.4000,R_LittleTip,-0.000244,0.001203,0.021686,0.000000,0.000000,0.000000,1.000000
B,6.4000,R_MiddleMetacarpal,-0.004485,-0.006534,0.032882,0.000000,0.000000,0.000000,1.000000
B,6.4000,R_MiddleProximal,0.002778,0.004018,0.061732,0.019328,0.075637,-0.006953,0.996924
B,6.4000,R_MiddleIntermediate,0.000000,0.000000,0.042463,0.144011,0.002692,-0.012051,0.989499
B,6.4000,R_MiddleDistal,0.000000,0.000000,0.027252,-0.001329,0.000611,-0.043495,0.999053
B,6.4000,R_MiddleTip,0.000305,0.001125,0.024695,0.000000,0.000000,0.000000,1.000000
B,6.4000,R_Palm,-0.003096,-0.004525,0.063748,0.000000,0.000000,0.000000,1.000000
B,6.4000,R_RingMetacarpal,0.014830,-0.005951,0.034400,0.000000,0.000000,0.000000,1.000000
B,6.4000,R_RingProximal,0.002446,-0.000508,0.053336,-0.034654,0.106710,-0.045171,0.992659
B,6.4000,R_RingIntermediate,0.000000,0.000000,0.038575,0.168161,-0.002698,-0.037261,0.985052
B,6.4000,R_RingDistal,0.000000,0.000000,0.026286,0.069815,-0.029558,-0.007917,0.997091
B,6.4000,R_RingTip,0.000255,0.001591,0.024063,0.000000,0.000000,0.000000,1.000000
B,6.4000,R_ThumbMetacarpal,-0.031720,-0.011787,0.032058,-0.106299,-0.470108,0.517716,0.706874
B,6.4000,R_ThumbProximal,0.000000,0.000000,0.032162,0.164426,0.055553,-0.082428,0.981368
B,6.4000,R_ThumbDistal,0.000000,0.000000,0.033428,-0.049519,-0.064324,0.083344,0.993209
B,6.4000,R_ThumbTip,0.000663,0.001016,0.024325,0.000000,0.000000,0.000000,1.000000
B,6.4667,R_Wrist,-0.001411,1.486286,0.584991,-0.491585,-0.292581,-0.221462,0.789744
B,6.4667,R_IndexMetacarpal,-0.020519,-0.007341,0.035021,0.000000,0.000000,0.000000,1.000000
B,6.4667,R_IndexProximal,-0.002777,0.000103,0.059938,-0.023183,-0.001154,0.028369,0.999328
B,6.4667,R_IndexIntermediate,0.000000,0.000000,0.037518,0.148891,0.003273,-0.026319,0.988498
B,6.4667,R_IndexDistal,0.000000,0.000000,0.024041,0.020364,0.025691,-0.016548,0.999326
B,6.4667,R_IndexTip,0.000292,0.001014,0.022122,0.000000,0.000000,0.000000,1.000000
B,6.4667,R_LittleMetacarpal,0.022750,-0.009318,0.033706,0.018312,0.140343,-0.207036,0.968042
B,6.4667,R_LittleProximal,-0.000002,-0.000001,0.045157,-0.107869,0.027957,0.101423,0.988583
B,6.4667,R_LittleIntermediate,0.000000,0.000000,0.030389,0.233501,0.032152,-0.058195,0.970081
B,6.4667,R_LittleDistal,0.000000,0.000000,0.020092,0.050806,-0.049067,0.000902,0.997502
B,6.4667,R_LittleTip,-0.000244,0.001203,0.021686,0.000000,0.000000,0.000000,1.000000
B,6.4667,R_MiddleMetacarpal,-0.004485,-0.006534,0.032882,0.000000,0.000000,0.000000,1.000000
B,6.4667,R_MiddleProximal,0.002778,0.004018,0.061731,0.019328,0.075637,-0.006953,0.996924
B,6.4667,R_MiddleIntermediate,0.000000,0.000000,0.042463,0.144012,0.002692,-0.012051,0.989499
B,6.4667,R_MiddleDistal,0.000000,0.000000,0.027252,-0.001329,0.000611,-0.043495,0.999053
B,6.4667,R_MiddleTip,0.000305,0.001125,0.024695,0.000000,0.000000,0.000000,1.000000
B,6.4667,R_Palm,-0.003096,-0.004525,0.063748,0.000000,0.000000,0.000000,1.000000
B,6.4667,R_RingMetacarpal,0.014830,-0.005951,0.034400,0.000000,0.000000,0.000000,1.000000
B,6.4667,R_RingProximal,0.002446,-0.000508,0.053336,-0.034654,0.106710,-0.045171,0.992659
B,6.4667,R_RingIntermediate,0.000000,0.000000,0.038575,0.168161,-0.002698,-0.037261,0.985052
B,6.4667,R_RingDistal,0.000000,0.000000,0.026286,0.069814,-0.029558,-0.007917,0.997091
B,6.4667,R_RingTip,0.000255,0.001591,0.024063,0.000000,0.000000,0.000000,1.000000
B,6.4667,R_ThumbMetacarpal,-0.031720,-0.011787,0.032058,-0.106299,-0.470108,0.517716,0.706874
B,6.4667,R_ThumbProximal,0.000000,0.000000,0.032162,0.164426,0.055553,-0.082428,0.981368
B,6.4667,R_ThumbDistal,0.000000,0.000000,0.033428,-0.049519,-0.064324,0.083344,0.993209
B,6.4667,R_ThumbTip,0.000663,0.001016,0.024325,0.000000,0.000000,0.000000,1.000000
B,6.5333,R_Wrist,-0.001411,1.486285,0.584991,-0.491585,-0.292581,-0.221462,0.789744
B,6.5333,R_IndexMetacarpal,-0.020519,-0.007341,0.035021,0.000000,0.000000,0.000000,1.000000
B,6.5333,R_IndexProximal,-0.002777,0.000103,0.059938,-0.023183,-0.001154,0.028369,0.999328
B,6.5333,R_IndexIntermediate,0.000000,0.000000,0.037518,0.148891,0.003273,-0.026319,0.988498
B,6.5333,R_IndexDistal,0.000000,0.000000,0.024041,0.020364,0.025691,-0.016548,0.999326
B,6.5333,R_IndexTip,0.000292,0.001014,0.022122,0.000000,0.000000,0.000000,1.000000
B,6.5333,R_LittleMetacarpal,0.022750,-0.009318,0.033706,0.018312,0.140343,-0.207036,0.968042
B,6.5333,R_LittleProximal,-0.000002,-0.000001,0.045157,-0.107869,0.027957,0.101423,0.988583
B,6.5333,R_LittleIntermediate,0.000000,0.000000,0.030389,0.233501,0.032152,-0.058195,0.970081
B,6.5333,R_LittleDistal,0.000000,0.000000,0.020092,0.050806,-0.049067,0.000902,0.997502
B,6.5333,R_LittleTip,-0.000244,0.001203,0.021686,0.000000,0.000000,0.000000,1.000000
B,6.5333,R_MiddleMetacarpal,-0.004485,-0.006534,0.032882,0.000000,0.000000,0.000000,1.000000
B,6.5333,R_MiddleProximal,0.002778,0.004018,0.061731,0.019328,0.075637,-0.006953,0.996924
B,6.5333,R_MiddleIntermediate,0.000000,0.000000,0.042463,0.144011,0.002692,-0.012051,0.989499
B,6.5333,R_MiddleDistal,0.000000,0.000000,0.027252,-0.001329,0.000611,-0.043495,0.999053
B,6.5333,R_MiddleTip,0.000305,0.001125,0.024695,0.000000,0.000000,0.000000,1.000000
B,6.5333,R_Palm,-0.003096,-0.004525,0.063748,0.000000,0.000000,0.000000,1.000000
B,6.5333,R_RingMetacarpal,0.014830,-0.005951,0.034400,0.000000,0.000000,0.000000,1.000000
B,6.5333,R_RingProximal,0.002446,-0.000508,0.053336,-0.034654,0.106710,-0.045171,0.992659
B,6.5333,R_RingIntermediate,0.000000,0.000000,0.038575,0.168161,-0.002698,-0.037262,0.985052
B,6.5333,R_RingDistal,0.000000,0.000000,0.026286,0.069814,-0.029558,-0.007917,0.997091
B,6.5333,R_RingTip,0.000255,0.001591,0.024063,0.000000,0.000000,0.000000,1.000000
B,6.5333,R_ThumbMetacarpal,-0.031720,-0.011787,0.032058,-0.106299,-0.470108,0.517716,0.706874
B,6.5333,R_ThumbProximal,0.000000,0.000000,0.032162,0.164426,0.055554,-0.082428,0.981368
B,6.5333,R_ThumbDistal,0.000000,0.000000,0.033428,-0.049519,-0.064324,0.083344,0.993209
B,6.5333,R_ThumbTip,0.000663,0.001016,0.024325,0.000000,0.000000,0.000000,1.000000
B,6.6000,R_Wrist,-0.001411,1.486285,0.584992,-0.491585,-0.292581,-0.221462,0.789744
B,6.6000,R_IndexMetacarpal,-0.020519,-0.007341,0.035021,0.000000,0.000000,0.000000,1.000000
B,6.6000,R_IndexProximal,-0.002777,0.000103,0.059938,-0.023183,-0.001154,0.028369,0.999328
B,6.6000,R_IndexIntermediate,0.000000,0.000000,0.037518,0.148891,0.003273,-0.026319,0.988498
B,6.6000,R_IndexDistal,0.000000,0.000000,0.024041,0.020364,0.025691,-0.016548,0.999326
B,6.6000,R_IndexTip,0.000292,0.001014,0.022122,0.000000,0.000000,0.000000,1.000000
B,6.6000,R_LittleMetacarpal,0.022750,-0.009318,0.033706,0.018312,0.140343,-0.207036,0.968042
B,6.6000,R_LittleProximal,-0.000002,-0.000001,0.045158,-0.107869,0.027957,0.101423,0.988583
B,6.6000,R_LittleIntermediate,0.000000,0.000000,0.030389,0.233501,0.032152,-0.058195,0.970081
B,6.6000,R_LittleDistal,0.000000,0.000000,0.020092,0.050806,-0.049067,0.000902,0.997502
B,6.6000,R_LittleTip,-0.000244,0.001203,0.021686,0.000000,0.000000,0.000000,1.000000
B,6.6000,R_MiddleMetacarpal,-0.004485,-0.006534,0.032882,0.000000,0.000000,0.000000,1.000000
B,6.6000,R_MiddleProximal,0.002778,0.004018,0.061731,0.019328,0.075637,-0.006953,0.996924
B,6.6000,R_MiddleIntermediate,0.000000,0.000000,0.042463,0.144011,0.002692,-0.012051,0.989499
B,6.6000,R_MiddleDistal,0.000000,0.000000,0.027252,-0.001329,0.000611,-0.043495,0.999053
B,6.6000,R_MiddleTip,0.000305,0.001125,0.024695,0.000000,0.000000,0.000000,1.000000
B,6.6000,R_Palm,-0.003096,-0.004525,0.063748,0.000000,0.000000,0.000000,1.000000
B,6.6000,R_RingMetacarpal,0.014830,-0.005951,0.034400,0.000000,0.000000,0.000000,1.000000
B,6.6000,R_RingProximal,0.002446,-0.000508,0.053336,-0.034654,0.106710,-0.045171,0.992659
B,6.6000,R_RingIntermediate,0.000000,0.000000,0.038575,0.168161,-0.002698,-0.037261,0.985052
B,6.6000,R_RingDistal,0.000000,0.000000,0.026286,0.069814,-0.029558,-0.007917,0.997091
B,6.6000,R_RingTip,0.000255,0.001591,0.024063,0.000000,0.000000,0.000000,1.000000
B,6.6000,R_ThumbMetacarpal,-0.031720,-0.011787,0.032058,-0.106299,-0.470108,0.517716,0.706874
B,6.6000,R_ThumbProximal,0.000000,0.000000,0.032162,0.164426,0.055554,-0.082428,0.981368
B,6.6000,R_ThumbDistal,0.000000,0.000000,0.033428,-0.049519,-0.064324,0.083344,0.993209
B,6.6000,R_ThumbTip,0.000663,0.001016,0.024325,0.000000,0.000000,0.000000,1.000000
B,6.6667,R_Wrist,-0.001411,1.486285,0.584992,-0.491585,-0.292581,-0.221462,0.789744
B,6.6667,R_IndexMetacarpal,-0.020519,-0.007341,0.035021,0.000000,0.000000,0.000000,1.000000
B,6.6667,R_IndexProximal,-0.002777,0.000103,0.059938,-0.023183,-0.001154,0.028369,0.999328
B,6.6667,R_IndexIntermediate,0.000000,0.000000,0.037518,0.148891,0.003273,-0.026319,0.988498
B,6.6667,R_IndexDistal,0.000000,0.000000,0.024041,0.020364,0.025691,-0.016548,0.999326
B,6.6667,R_IndexTip,0.000292,0.001014,0.022122,0.000000,0.000000,0.000000,1.000000
B,6.6667,R_LittleMetacarpal,0.022750,-0.009318,0.033706,0.018312,0.140343,-0.207036,0.968042
B,6.6667,R_LittleProximal,-0.000002,-0.000001,0.045157,-0.107869,0.027957,0.101423,0.988583
B,6.6667,R_LittleIntermediate,0.000000,0.000000,0.030389,0.233501,0.032152,-0.058195,0.970081
B,6.6667,R_LittleDistal,0.000000,0.000000,0.020092,0.050806,-0.049067,0.000902,0.997502
B,6.6667,R_LittleTip,-0.000244,0.001203,0.021686,0.000000,0.000000,0.000000,1.000000
B,6.6667,R_MiddleMetacarpal,-0.004485,-0.006534,0.032882,0.000000,0.000000,0.000000,1.000000
B,6.6667,R_MiddleProximal,0.002778,0.004018,0.061732,0.019328,0.075637,-0.006953,0.996924
B,6.6667,R_MiddleIntermediate,0.000000,0.000000,0.042463,0.144012,0.002692,-0.012051,0.989499
B,6.6667,R_MiddleDistal,0.000000,0.000000,0.027252,-0.001329,0.000611,-0.043495,0.999053
B,6.6667,R_MiddleTip,0.000305,0.001125,0.024695,0.000000,0.000000,0.000000,1.000000
B,6.6667,R_Palm,-0.003096,-0.004525,0.063748,0.000000,0.000000,0.000000,1.000000
B,6.6667,R_RingMetacarpal,0.014830,-0.005951,0.034400,0.000000,0.000000,0.000000,1.000000
B,6.6667,R_RingProximal,0.002446,-0.000508,0.053336,-0.034654,0.106710,-0.045171,0.992659
B,6.6667,R_RingIntermediate,0.000000,0.000000,0.038575,0.168161,-0.002698,-0.037261,0.985052
B,6.6667,R_RingDistal,0.000000,0.000000,0.026286,0.069814,-0.029558,-0.007917,0.997091
B,6.6667,R_RingTip,0.000255,0.001591,0.024063,0.000000,0.000000,0.000000,1.000000
B,6.6667,R_ThumbMetacarpal,-0.031720,-0.011787,0.032059,-0.106299,-0.470108,0.517716,0.706874
B,6.6667,R_ThumbProximal,0.000000,0.000000,0.032162,0.164426,0.055553,-0.082428,0.981368
B,6.6667,R_ThumbDistal,0.000000,0.000000,0.033428,-0.049519,-0.064324,0.083344,0.993209
B,6.6667,R_ThumbTip,0.000663,0.001016,0.024325,0.000000,0.000000,0.000000,1.000000
B,6.7333,R_Wrist,-0.001411,1.486284,0.584992,-0.491585,-0.292581,-0.221462,0.789744
B,6.7333,R_IndexMetacarpal,-0.020519,-0.007341,0.035021,0.000000,0.000000,0.000000,1.000000
B,6.7333,R_IndexProximal,-0.002777,0.000103,0.059938,-0.023183,-0.001154,0.028368,0.999328
B,6.7333,R_IndexIntermediate,0.000000,0.000000,0.037518,0.148891,0.003273,-0.026319,0.988498
B,6.7333,R_IndexDistal,0.000000,0.000000,0.024041,0.020364,0.025691,-0.016548,0.999326
B,6.7333,R_IndexTip,0.000292,0.001014,0.022122,0.000000,0.000000,0.000000,1.000000
B,6.7333,R_LittleMetacarpal,0.022750,-0.009318,0.033706,0.018312,0.140343,-0.207036,0.968042
B,6.7333,R_LittleProximal,-0.000002,-0.000001,0.045158,-0.107869,0.027957,0.101423,0.988583
B,6.7333,R_LittleIntermediate,0.000000,0.000000,0.030389,0.233501,0.032152,-0.058195,0.970081
B,6.7333,R_LittleDistal,0.000000,0.000000,0.020092,0.050806,-0.049067,0.000902,0.997502
B,6.7333,R_LittleTip,-0.000244,0.001203,0.021686,0.000000,0.000000,0.000000,1.000000
B,6.7333,R_MiddleMetacarpal,-0.004485,-0.006534,0.032882,0.000000,0.000000,0.000000,1.000000
B,6.7333,R_MiddleProximal,0.002778,0.004018,0.061732,0.019328,0.075637,-0.006953,0.996924
B,6.7333,R_MiddleIntermediate,0.000000,0.000000,0.042463,0.144012,0.002692,-0.012051,0.989499
B,6.7333,R_MiddleDistal,0.000000,0.000000,0.027252,-0.001329,0.000611,-0.043495,0.999053
B,6.7333,R_MiddleTip,0.000305,0.001125,0.024695,0.000000,0.000000,0.000000,1.000000
B,6.7333,R_Palm,-0.003096,-0.004525,0.063748,0.000000,0.000000,0.000000,1.000000
B,6.7333,R_RingMetacarpal,0.014830,-0.005951,0.034400,0.000000,0.000000,0.000000,1.000000
B,6.7333,R_RingProximal,0.002446,-0.000508,0.053336,-0.034654,0.106710,-0.045171,0.992659
B,6.7333,R_RingIntermediate,0.000000,0.000000,0.038575,0.168161,-0.002698,-0.037261,0.985052
B,6.7333,R_RingDistal,0.000000,0.000000,0.026286,0.069814,-0.029558,-0.007917,0.997091
B,6.7333,R_RingTip,0.000255,0.001591,0.024063,0.000000,0.000000,0.000000,1.000000
B,6.7333,R_ThumbMetacarpal,-0.031720,-0.011787,0.032059,-0.106299,-0.470108,0.517716,0.706874
B,6.7333,R_ThumbProximal,0.000000,0.000000,0.032162,0.164426,0.055553,-0.082428,0.981368
B,6.7333,R_ThumbDistal,0.000000,0.000000,0.033428,-0.049519,-0.064324,0.083344,0.993209
B,6.7333,R_ThumbTip,0.000663,0.001016,0.024325,0.000000,0.000000,0.000000,1.000000
B,6.8000,R_Wrist,-0.001411,1.486284,0.584993,-0.491585,-0.292581,-0.221462,0.789744
B,6.8000,R_IndexMetacarpal,-0.020519,-0.007341,0.035021,0.000000,0.000000,0.000000,1.000000
B,6.8000,R_IndexProximal,-0.002777,0.000103,0.059938,-0.023183,-0.001154,0.028369,0.999328
B,6.8000,R_IndexIntermediate,0.000000,0.000000,0.037518,0.148891,0.003273,-0.026319,0.988498
B,6.8000,R_IndexDistal,0.000000,0.000000,0.024041,0.020364,0.025691,-0.016548,0.999326
B,6.8000,R_IndexTip,0.000292,0.001014,0.022122,0.000000,0.000000,0.000000,1.000000
B,6.8000,R_LittleMetacarpal,0.022750,-0.009318,0.033706,0.018312,0.140343,-0.207036,0.968042
B,6.8000,R_LittleProximal,-0.000002,-0.000001,0.045158,-0.107869,0.027957,0.101423,0.988583
B,6.8000,R_LittleIntermediate,0.000000,0.000000,0.030389,0.233501,0.032152,-0.058195,0.970081
B,6.8000,R_LittleDistal,0.000000,0.000000,0.020092,0.050806,-0.049067,0.000902,0.997502
B,6.8000,R_LittleTip,-0.000244,0.001203,0.021686,0.000000,0.000000,0.000000,1.000000
B,6.8000,R_MiddleMetacarpal,-0.004485,-0.006534,0.032882,0.000000,0.000000,0.000000,1.000000
B,6.8000,R_MiddleProximal,0.002778,0.004018,0.061732,0.019328,0.075637,-0.006953,0.996924
B,6.8000,R_MiddleIntermediate,0.000000,0.000000,0.042463,0.144012,0.002692,-0.012051,0.989499
B,6.8000,R_MiddleDistal,0.000000,0.000000,0.027252,-0.001329,0.000611,-0.043495,0.999053
B,6.8000,R_MiddleTip,0.000305,0.001125,0.024695,0.000000,0.000000,0.000000,1.000000
B,6.8000,R_Palm,-0.003096,-0.004525,0.063748,0.000000,0.000000,0.000000,1.000000
B,6.8000,R_RingMetacarpal,0.014830,-0.005951,0.034400,0.000000,0.000000,0.000000,1.000000
B,6.8000,R_RingProximal,0.002446,-0.000508,0.053336,-0.034654,0.106710,-0.045171,0.992659
B,6.8000,R_RingIntermediate,0.000000,0.000000,0.038575,0.168161,-0.002698,-0.037261,0.985052
B,6.8000,R_RingDistal,0.000000,0.000000,0.026286,0.069814,-0.029558,-0.007917,0.997091
B,6.8000,R_RingTip,0.000255,0.001591,0.024063,0.000000,0.000000,0.000000,1.000000
B,6.8000,R_ThumbMetacarpal,-0.031720,-0.011787,0.032059,-0.106299,-0.470108,0.517716,0.706874
B,6.8000,R_ThumbProximal,0.000000,0.000000,0.032162,0.164426,0.055554,-0.082428,0.981368
B,6.8000,R_ThumbDistal,0.000000,0.000000,0.033428,-0.049519,-0.064324,0.083344,0.993209
B,6.8000,R_ThumbTip,0.000663,0.001016,0.024325,0.000000,0.000000,0.000000,1.000000
B,6.8667,R_Wrist,-0.001411,1.486284,0.584993,-0.491585,-0.292581,-0.221462,0.789744
B,6.8667,R_IndexMetacarpal,-0.020519,-0.007341,0.035021,0.000000,0.000000,0.000000,1.000000
B,6.8667,R_IndexProximal,-0.002777,0.000103,0.059938,-0.023183,-0.001154,0.028369,0.999328
B,6.8667,R_IndexIntermediate,0.000000,0.000000,0.037518,0.148891,0.003273,-0.026319,0.988498
B,6.8667,R_IndexDistal,0.000000,0.000000,0.024041,0.020364,0.025691,-0.016548,0.999326
B,6.8667,R_IndexTip,0.000292,0.001014,0.022122,0.000000,0.000000,0.000000,1.000000
B,6.8667,R_LittleMetacarpal,0.022750,-0.009318,0.033706,0.018312,0.140343,-0.207036,0.968042
B,6.8667,R_LittleProximal,-0.000002,-0.000001,0.045158,-0.107869,0.027957,0.101423,0.988583
B,6.8667,R_LittleIntermediate,0.000000,0.000000,0.030389,0.233501,0.032152,-0.058195,0.970081
B,6.8667,R_LittleDistal,0.000000,0.000000,0.020092,0.050806,-0.049067,0.000902,0.997502
B,6.8667,R_LittleTip,-0.000244,0.001203,0.021686,0.000000,0.000000,0.000000,1.000000
B,6.8667,R_MiddleMetacarpal,-0.004485,-0.006534,0.032882,0.000000,0.000000,0.000000,1.000000
B,6.8667,R_MiddleProximal,0.002778,0.004018,0.061732,0.019328,0.075637,-0.006953,0.996924
B,6.8667,R_MiddleIntermediate,0.000000,0.000000,0.042463,0.144012,0.002692,-0.012051,0.989499
B,6.8667,R_MiddleDistal,0.000000,0.000000,0.027252,-0.001329,0.000611,-0.043495,0.999053
B,6.8667,R_MiddleTip,0.000305,0.001125,0.024695,0.000000,0.000000,0.000000,1.000000
B,6.8667,R_Palm,-0.003096,-0.004525,0.063748,0.000000,0.000000,0.000000,1.000000
B,6.8667,R_RingMetacarpal,0.014830,-0.005951,0.034400,0.000000,0.000000,0.000000,1.000000
B,6.8667,R_RingProximal,0.002446,-0.000508,0.053336,-0.034654,0.106710,-0.045171,0.992659
B,6.8667,R_RingIntermediate,0.000000,0.000000,0.038575,0.168161,-0.002698,-0.037261,0.985052
B,6.8667,R_RingDistal,0.000000,0.000000,0.026286,0.069814,-0.029558,-0.007917,0.997091
B,6.8667,R_RingTip,0.000255,0.001591,0.024063,0.000000,0.000000,0.000000,1.000000
B,6.8667,R_ThumbMetacarpal,-0.031720,-0.011787,0.032059,-0.106299,-0.470108,0.517716,0.706874
B,6.8667,R_ThumbProximal,0.000000,0.000000,0.032162,0.164426,0.055554,-0.082428,0.981368
B,6.8667,R_ThumbDistal,0.000000,0.000000,0.033428,-0.049519,-0.064324,0.083344,0.993209
B,6.8667,R_ThumbTip,0.000663,0.001016,0.024325,0.000000,0.000000,0.000000,1.000000
B,6.9333,R_Wrist,-0.001156,1.484545,0.584359,-0.490115,-0.292544,-0.221418,0.790683
B,6.9333,R_IndexMetacarpal,-0.020519,-0.007341,0.035021,0.000000,0.000000,0.000000,1.000000
B,6.9333,R_IndexProximal,-0.002777,0.000103,0.059938,-0.023183,-0.001154,0.028369,0.999328
B,6.9333,R_IndexIntermediate,0.000000,0.000000,0.037518,0.148891,0.003273,-0.026319,0.988498
B,6.9333,R_IndexDistal,0.000000,0.000000,0.024041,0.020364,0.025691,-0.016548,0.999326
B,6.9333,R_IndexTip,0.000292,0.001014,0.022122,0.000000,0.000000,0.000000,1.000000
B,6.9333,R_LittleMetacarpal,0.022750,-0.009318,0.033706,0.018312,0.140343,-0.207036,0.968042
B,6.9333,R_LittleProximal,-0.000002,-0.000001,0.045158,-0.107869,0.027957,0.101423,0.988583
B,6.9333,R_LittleIntermediate,0.000000,0.000000,0.030389,0.233501,0.032152,-0.058195,0.970081
B,6.9333,R_LittleDistal,0.000000,0.000000,0.020092,0.050806,-0.049067,0.000902,0.997502
B,6.9333,R_LittleTip,-0.000244,0.001203,0.021686,0.000000,0.000000,0.000000,1.000000
B,6.9333,R_MiddleMetacarpal,-0.004485,-0.006534,0.032882,0.000000,0.000000,0.000000,1.000000
B,6.9333,R_MiddleProximal,0.002778,0.004018,0.061732,0.019328,0.075637,-0.006953,0.996924
B,6.9333,R_MiddleIntermediate,0.000000,0.000000,0.042463,0.144012,0.002692,-0.012051,0.989499
B,6.9333,R_MiddleDistal,0.000000,0.000000,0.027252,-0.001329,0.000611,-0.043495,0.999053
B,6.9333,R_MiddleTip,0.000305,0.001125,0.024695,0.000000,0.000000,0.000000,1.000000
B,6.9333,R_Palm,-0.003096,-0.004525,0.063748,0.000000,0.000000,0.000000,1.000000
B,6.9333,R_RingMetacarpal,0.014830,-0.005951,0.034400,0.000000,0.000000,0.000000,1.000000
B,6.9333,R_RingProximal,0.002446,-0.000508,0.053336,-0.034654,0.106710,-0.045171,0.992659
B,6.9333,R_RingIntermediate,0.000000,0.000000,0.038575,0.168161,-0.002698,-0.037261,0.985052
B,6.9333,R_RingDistal,0.000000,0.000000,0.026286,0.069814,-0.029558,-0.007917,0.997091
B,6.9333,R_RingTip,0.000255,0.001591,0.024064,0.000000,0.000000,0.000000,1.000000
B,6.9333,R_ThumbMetacarpal,-0.031720,-0.011787,0.032059,-0.106299,-0.470108,0.517716,0.706874
B,6.9333,R_ThumbProximal,0.000000,0.000000,0.032162,0.164426,0.055554,-0.082428,0.981368
B,6.9333,R_ThumbDistal,0.000000,0.000000,0.033428,-0.049519,-0.064324,0.083344,0.993209
B,6.9333,R_ThumbTip,0.000663,0.001016,0.024325,0.000000,0.000000,0.000000,1.000000
B,7.0000,R_Wrist,0.004285,1.476846,0.580911,-0.484989,-0.289611,-0.219547,0.795431
B,7.0000,R_IndexMetacarpal,-0.020519,-0.007341,0.035021,0.000000,0.000000,0.000000,1.000000
B,7.0000,R_IndexProximal,-0.002777,0.000103,0.059939,-0.023183,-0.001154,0.028369,0.999328
B,7.0000,R_IndexIntermediate,0.000000,0.000000,0.037518,0.148891,0.003273,-0.026319,0.988498
B,7.0000,R_IndexDistal,0.000000,0.000000,0.024041,0.020364,0.025691,-0.016548,0.999326
B,7.0000,R_IndexTip,0.000292,0.001014,0.022122,0.000000,0.000000,0.000000,1.000000
B,7.0000,R_LittleMetacarpal,0.022750,-0.009318,0.033706,0.018312,0.140343,-0.207036,0.968042
B,7.0000,R_LittleProximal,-0.000002,-0.000001,0.045158,-0.107869,0.027957,0.101423,0.988583
B,7.0000,R_LittleIntermediate,0.000000,0.000000,0.030389,0.233501,0.032152,-0.058195,0.970081
B,7.0000,R_LittleDistal,0.000000,0.000000,0.020092,0.050806,-0.049067,0.000902,0.997502
B,7.0000,R_LittleTip,-0.000244,0.001203,0.021686,0.000000,0.000000,0.000000,1.000000
B,7.0000,R_MiddleMetacarpal,-0.004485,-0.006534,0.032882,0.000000,0.000000,0.000000,1.000000
B,7.0000,R_MiddleProximal,0.002778,0.004018,0.061732,0.019328,0.075637,-0.006953,0.996924
B,7.0000,R_MiddleIntermediate,0.000000,0.000000,0.042464,0.144012,0.002692,-0.012051,0.989499
B,7.0000,R_MiddleDistal,0.000000,0.000000,0.027252,-0.001329,0.000611,-0.043495,0.999053
B,7.0000,R_MiddleTip,0.000305,0.001125,0.024695,0.000000,0.000000,0.000000,1.000000
B,7.0000,R_Palm,-0.003096,-0.004525,0.063748,0.000000,0.000000,0.000000,1.000000
B,7.0000,R_RingMetacarpal,0.014830,-0.005951,0.034400,0.000000,0.000000,0.000000,1.000000
B,7.0000,R_RingProximal,0.002446,-0.000508,0.053336,-0.034654,0.106710,-0.045171,0.992659
B,7.0000,R_RingIntermediate,0.000000,0.000000,0.038575,0.168161,-0.002698,-0.037261,0.985052
B,7.0000,R_RingDistal,0.000000,0.000000,0.026286,0.069814,-0.029558,-0.007917,0.997091
B,7.0000,R_RingTip,0.000255,0.001591,0.024064,0.000000,0.000000,0.000000,1.000000
B,7.0000,R_ThumbMetacarpal,-0.031720,-0.011787,0.032059,-0.106299,-0.470108,0.517716,0.706874
B,7.0000,R_ThumbProximal,0.000000,0.000000,0.032162,0.164426,0.055553,-0.082428,0.981368
B,7.0000,R_ThumbDistal,0.000000,0.000000,0.033428,-0.049519,-0.064324,0.083344,0.993209
B,7.0000,R_ThumbTip,0.000663,0.001016,0.024325,0.000000,0.000000,0.000000,1.000000
B,7.0667,R_Wrist,0.024845,1.453098,0.568638,-0.468679,-0.277656,-0.212433,0.811246
B,7.0667,R_IndexMetacarpal,-0.020519,-0.007341,0.035021,0.000000,0.000000,0.000000,1.000000
B,7.0667,R_IndexProximal,-0.002777,0.000103,0.059939,-0.023183,-0.001154,0.028369,0.999328
B,7.0667,R_IndexIntermediate,0.000000,0.000000,0.037518,0.148891,0.003273,-0.026319,0.988498
B,7.0667,R_IndexDistal,0.000000,0.000000,0.024041,0.020364,0.025691,-0.016548,0.999326
B,7.0667,R_IndexTip,0.000292,0.001014,0.022122,0.000000,0.000000,0.000000,1.000000
B,7.0667,R_LittleMetacarpal,0.022750,-0.009318,0.033706,0.018312,0.140343,-0.207036,0.968042
B,7.0667,R_LittleProximal,-0.000002,-0.000001,0.045158,-0.107869,0.027957,0.101423,0.988583
B,7.0667,R_LittleIntermediate,0.000000,0.000000,0.030389,0.233501,0.032152,-0.058195,0.970081
B,7.0667,R_LittleDistal,0.000000,0.000000,0.020092,0.050806,-0.049067,0.000902,0.997502
B,7.0667,R_LittleTip,-0.000244,0.001203,0.021686,0.000000,0.000000,0.000000,1.000000
B,7.0667,R_MiddleMetacarpal,-0.004485,-0.006534,0.032882,0.000000,0.000000,0.000000,1.000000
B,7.0667,R_MiddleProximal,0.002778,0.004018,0.061732,0.019328,0.075637,-0.006953,0.996924
B,7.0667,R_MiddleIntermediate,0.000000,0.000000,0.042464,0.144012,0.002692,-0.012051,0.989499
B,7.0667,R_MiddleDistal,0.000000,0.000000,0.027252,-0.001329,0.000611,-0.043495,0.999053
B,7.0667,R_MiddleTip,0.000305,0.001125,0.024695,0.000000,0.000000,0.000000,1.000000
B,7.0667,R_Palm,-0.003096,-0.004525,0.063748,0.000000,0.000000,0.000000,1.000000
B,7.0667,R_RingMetacarpal,0.014831,-0.005951,0.034400,0.000000,0.000000,0.000000,1.000000
B,7.0667,R_RingProximal,0.002446,-0.000508,0.053336,-0.034654,0.106710,-0.045171,0.992659
B,7.0667,R_RingIntermediate,0.000000,0.000000,0.038575,0.168161,-0.002698,-0.037261,0.985052
B,7.0667,R_RingDistal,0.000000,0.000000,0.026286,0.069814,-0.029558,-0.007917,0.997091
B,7.0667,R_RingTip,0.000255,0.001591,0.024064,0.000000,0.000000,0.000000,1.000000
B,7.0667,R_ThumbMetacarpal,-0.031720,-0.011787,0.032059,-0.106299,-0.470108,0.517716,0.706874
B,7.0667,R_ThumbProximal,0.000000,0.000000,0.032162,0.164426,0.055553,-0.082428,0.981368
B,7.0667,R_ThumbDistal,0.000000,0.000000,0.033428,-0.049519,-0.064324,0.083344,0.993209
B,7.0667,R_ThumbTip,0.000663,0.001016,0.024325,0.000000,0.000000,0.000000,1.000000
B,7.1333,R_Wrist,0.028149,1.432976,0.559486,-0.452135,-0.276850,-0.212077,0.820946
B,7.1333,R_IndexMetacarpal,-0.020519,-0.007341,0.035021,0.000000,0.000000,0.000000,1.000000
B,7.1333,R_IndexProximal,-0.002777,0.000103,0.059939,-0.023183,-0.001154,0.028369,0.999328
B,7.1333,R_IndexIntermediate,0.000000,0.000000,0.037518,0.148891,0.003273,-0.026319,0.988498
B,7.1333,R_IndexDistal,0.000000,0.000000,0.024041,0.020364,0.025691,-0.016548,0.999326
B,7.1333,R_IndexTip,0.000292,0.001014,0.022122,0.000000,0.000000,0.000000,1.000000
B,7.1333,R_LittleMetacarpal,0.022750,-0.009318,0.033706,0.018312,0.140343,-0.207036,0.968042
B,7.1333,R_LittleProximal,-0.000002,-0.000001,0.045158,-0.107869,0.027957,0.101423,0.988583
B,7.1333,R_LittleIntermediate,0.000000,0.000000,0.030389,0.233501,0.032152,-0.058195,0.970081
B,7.1333,R_LittleDistal,0.000000,0.000000,0.020092,0.050806,-0.049067,0.000902,0.997502
B,7.1333,R_LittleTip,-0.000244,0.001203,0.021686,0.000000,0.000000,0.000000,1.000000
B,7.1333,R_MiddleMetacarpal,-0.004485,-0.006534,0.032882,0.000000,0.000000,0.000000,1.000000
B,7.1333,R_MiddleProximal,0.002778,0.004018,0.061732,0.019328,0.075637,-0.006953,0.996924
B,7.1333,R_MiddleIntermediate,0.000000,0.000000,0.042464,0.144012,0.002692,-0.012051,0.989499
B,7.1333,R_MiddleDistal,0.000000,0.000000,0.027252,-0.001329,0.000611,-0.043495,0.999053
B,7.1333,R_MiddleTip,0.000305,0.001125,0.024695,0.000000,0.000000,0.000000,1.000000
B,7.1333,R_Palm,-0.003096,-0.004525,0.063748,0.000000,0.000000,0.000000,1.000000
B,7.1333,R_RingMetacarpal,0.014830,-0.005951,0.034400,0.000000,0.000000,0.000000,1.000000
B,7.1333,R_RingProximal,0.002446,-0.000508,0.053336,-0.034654,0.106710,-0.045171,0.992659
B,7.1333,R_RingIntermediate,0.000000,0.000000,0.038575,0.168161,-0.002698,-0.037261,0.985052
B,7.1333,R_RingDistal,0.000000,0.000000,0.026286,0.069814,-0.029558,-0.007917,0.997091
B,7.1333,R_RingTip,0.000255,0.001591,0.024064,0.000000,0.000000,0.000000,1.000000
B,7.1333,R_ThumbMetacarpal,-0.031720,-0.011787,0.032059,-0.106299,-0.470108,0.517716,0.706874
B,7.1333,R_ThumbProximal,0.000000,0.000000,0.032162,0.164426,0.055553,-0.082428,0.981368
B,7.1333,R_ThumbDistal,0.000000,0.000000,0.033428,-0.049519,-0.064324,0.083344,0.993209
B,7.1333,R_ThumbTip,0.000663,0.001016,0.024325,0.000000,0.000000,0.000000,1.000000
B,7.2000,R_Wrist,0.030990,1.418164,0.551887,-0.439997,-0.276199,-0.211768,0.827811
B,7.2000,R_IndexMetacarpal,-0.020519,-0.007341,0.035021,0.000000,0.000000,0.000000,1.000000
B,7.2000,R_IndexProximal,-0.002777,0.000103,0.059939,-0.023183,-0.001154,0.028369,0.999328
B,7.2000,R_IndexIntermediate,0.000000,0.000000,0.037518,0.148891,0.003273,-0.026319,0.988498
B,7.2000,R_IndexDistal,0.000000,0.000000,0.024041,0.020364,0.025691,-0.016548,0.999326
B,7.2000,R_IndexTip,0.000292,0.001014,0.022122,0.000000,0.000000,0.000000,1.000000
B,7.2000,R_LittleMetacarpal,0.022750,-0.009318,0.033706,0.018312,0.140343,-0.207036,0.968042
B,7.2000,R_LittleProximal,-0.000002,-0.000001,0.045158,-0.107869,0.027957,0.101423,0.988583
B,7.2000,R_LittleIntermediate,0.000000,0.000000,0.030389,0.233501,0.032152,-0.058195,0.970081
B,7.2000,R_LittleDistal,0.000000,0.000000,0.020092,0.050806,-0.049067,0.000902,0.997502
B,7.2000,R_LittleTip,-0.000244,0.001203,0.021686,0.000000,0.000000,0.000000,1.000000
B,7.2000,R_MiddleMetacarpal,-0.004485,-0.006534,0.032882,0.000000,0.000000,0.000000,1.000000
B,7.2000,R_MiddleProximal,0.002778,0.004018,0.061732,0.019328,0.075637,-0.006953,0.996924
B,7.2000,R_MiddleIntermediate,0.000000,0.000000,0.042464,0.144012,0.002692,-0.012051,0.989499
B,7.2000,R_MiddleDistal,0.000000,0.000000,0.027252,-0.001329,0.000611,-0.043495,0.999053
B,7.2000,R_MiddleTip,0.000305,0.001125,0.024695,0.000000,0.000000,0.000000,1.000000
B,7.2000,R_Palm,-0.003096,-0.004525,0.063748,0.000000,0.000000,0.000000,1.000000
B,7.2000,R_RingMetacarpal,0.014830,-0.005951,0.034400,0.000000,0.000000,0.000000,1.000000
B,7.2000,R_RingProximal,0.002446,-0.000508,0.053336,-0.034654,0.106710,-0.045171,0.992659
B,7.2000,R_RingIntermediate,0.000000,0.000000,0.038575,0.168161,-0.002698,-0.037261,0.985052
B,7.2000,R_RingDistal,0.000000,0.000000,0.026286,0.069814,-0.029558,-0.007917,0.997091
B,7.2000,R_RingTip,0.000255,0.001591,0.024064,0.000000,0.000000,0.000000,1.000000
B,7.2000,R_ThumbMetacarpal,-0.031720,-0.011787,0.032059,-0.106299,-0.470108,0.517716,0.706874
B,7.2000,R_ThumbProximal,0.000000,0.000000,0.032162,0.164426,0.055553,-0.082428,0.981368
B,7.2000,R_ThumbDistal,0.000000,0.000000,0.033428,-0.049519,-0.064324,0.083344,0.993209
B,7.2000,R_ThumbTip,0.000663,0.001016,0.024325,0.000000,0.000000,0.000000,1.000000
B,7.2667,R_Wrist,0.032563,1.409591,0.547438,-0.432368,-0.275765,-0.211554,0.832019
B,7.2667,R_IndexMetacarpal,-0.020519,-0.007341,0.035021,0.000000,0.000000,0.000000,1.000000
B,7.2667,R_IndexProximal,-0.002777,0.000103,0.059939,-0.023183,-0.001154,0.028369,0.999328
B,7.2667,R_IndexIntermediate,0.000000,0.000000,0.037518,0.148891,0.003273,-0.026319,0.988498
B,7.2667,R_IndexDistal,0.000000,0.000000,0.024041,0.020364,0.025691,-0.016548,0.999326
B,7.2667,R_IndexTip,0.000292,0.001014,0.022122,0.000000,0.000000,0.000000,1.000000
B,7.2667,R_LittleMetacarpal,0.022750,-0.009318,0.033706,0.018312,0.140343,-0.207036,0.968042
B,7.2667,R_LittleProximal,-0.000002,-0.000001,0.045158,-0.107869,0.027957,0.101423,0.988583
B,7.2667,R_LittleIntermediate,0.000000,0.000000,0.030389,0.233501,0.032152,-0.058195,0.970081
B,7.2667,R_LittleDistal,0.000000,0.000000,0.020092,0.050806,-0.049067,0.000902,0.997502
B,7.2667,R_LittleTip,-0.000244,0.001203,0.021686,0.000000,0.000000,0.000000,1.000000
B,7.2667,R_MiddleMetacarpal,-0.004485,-0.006534,0.032882,0.000000,0.000000,0.000000,1.000000
B,7.2667,R_MiddleProximal,0.002778,0.004018,0.061732,0.019328,0.075637,-0.006953,0.996924
B,7.2667,R_MiddleIntermediate,0.000000,0.000000,0.042464,0.144012,0.002692,-0.012051,0.989499
B,7.2667,R_MiddleDistal,0.000000,0.000000,0.027252,-0.001329,0.000611,-0.043495,0.999053
B,7.2667,R_MiddleTip,0.000305,0.001125,0.024695,0.000000,0.000000,0.000000,1.000000
B,7.2667,R_Palm,-0.003096,-0.004525,0.063748,0.000000,0.000000,0.000000,1.000000
B,7.2667,R_RingMetacarpal,0.014830,-0.005951,0.034400,0.000000,0.000000,0.000000,1.000000
B,7.2667,R_RingProximal,0.002446,-0.000508,0.053336,-0.034654,0.106710,-0.045171,0.992659
B,7.2667,R_RingIntermediate,0.000000,0.000000,0.038575,0.168161,-0.002698,-0.037261,0.985052
B,7.2667,R_RingDistal,0.000000,0.000000,0.026286,0.069814,-0.029558,-0.007917,0.997091
B,7.2667,R_RingTip,0.000255,0.001591,0.024064,0.000000,0.000000,0.000000,1.000000
B,7.2667,R_ThumbMetacarpal,-0.031720,-0.011787,0.032059,-0.106299,-0.470108,0.517716,0.706874
B,7.2667,R_ThumbProximal,0.000000,0.000000,0.032162,0.164426,0.055554,-0.082428,0.981368
B,7.2667,R_ThumbDistal,0.000000,0.000000,0.033428,-0.049519,-0.064324,0.083344,0.993209
B,7.2667,R_ThumbTip,0.000663,0.001016,0.024325,0.000000,0.000000,0.000000,1.000000
B,7.3333,R_Wrist,0.033333,1.406030,0.545429,-0.429307,-0.275586,-0.211464,0.833685
B,7.3333,R_IndexMetacarpal,-0.020520,-0.007341,0.035021,0.000000,0.000000,0.000000,1.000000
B,7.3333,R_IndexProximal,-0.002777,0.000103,0.059939,-0.023183,-0.001154,0.028369,0.999328
B,7.3333,R_IndexIntermediate,0.000000,0.000000,0.037518,0.148891,0.003273,-0.026319,0.988498
B,7.3333,R_IndexDistal,0.000000,0.000000,0.024041,0.020364,0.025691,-0.016548,0.999326
B,7.3333,R_IndexTip,0.000292,0.001014,0.022122,0.000000,0.000000,0.000000,1.000000
B,7.3333,R_LittleMetacarpal,0.022750,-0.009318,0.033706,0.018312,0.140343,-0.207036,0.968042
B,7.3333,R_LittleProximal,-0.000002,-0.000001,0.045158,-0.107869,0.027957,0.101423,0.988583
B,7.3333,R_LittleIntermediate,0.000000,0.000000,0.030389,0.233501,0.032152,-0.058195,0.970081
B,7.3333,R_LittleDistal,0.000000,0.000000,0.020092,0.050806,-0.049067,0.000902,0.997502
B,7.3333,R_LittleTip,-0.000244,0.001203,0.021686,0.000000,0.000000,0.000000,1.000000
B,7.3333,R_MiddleMetacarpal,-0.004485,-0.006534,0.032882,0.000000,0.000000,0.000000,1.000000
B,7.3333,R_MiddleProximal,0.002778,0.004018,0.061732,0.019328,0.075637,-0.006953,0.996924
B,7.3333,R_MiddleIntermediate,0.000000,0.000000,0.042464,0.144012,0.002692,-0.012051,0.989499
B,7.3333,R_MiddleDistal,0.000000,0.000000,0.027252,-0.001329,0.000611,-0.043495,0.999053
B,7.3333,R_MiddleTip,0.000305,0.001125,0.024695,0.000000,0.000000,0.000000,1.000000
B,7.3333,R_Palm,-0.003096,-0.004525,0.063748,0.000000,0.000000,0.000000,1.000000
B,7.3333,R_RingMetacarpal,0.014831,-0.005951,0.034400,0.000000,0.000000,0.000000,1.000000
B,7.3333,R_RingProximal,0.002446,-0.000508,0.053336,-0.034654,0.106710,-0.045171,0.992659
B,7.3333,R_RingIntermediate,0.000000,0.000000,0.038575,0.168161,-0.002698,-0.037262,0.985052
B,7.3333,R_RingDistal,0.000000,0.000000,0.026286,0.069814,-0.029558,-0.007917,0.997091
B,7.3333,R_RingTip,0.000255,0.001591,0.024064,0.000000,0.000000,0.000000,1.000000
B,7.3333,R_ThumbMetacarpal,-0.031720,-0.011787,0.032059,-0.106299,-0.470108,0.517716,0.706874
B,7.3333,R_ThumbProximal,0.000000,0.000000,0.032162,0.164426,0.055553,-0.082428,0.981368
B,7.3333,R_ThumbDistal,0.000000,0.000000,0.033428,-0.049519,-0.064324,0.083344,0.993209
B,7.3333,R_ThumbTip,0.000663,0.001016,0.024325,0.000000,0.000000,0.000000,1.000000
B,7.4000,R_Wrist,0.034752,1.399009,0.541522,-0.423169,-0.275217,-0.211276,0.836986
B,7.4000,R_IndexMetacarpal,-0.020520,-0.007341,0.035021,0.000000,0.000000,0.000000,1.000000
B,7.4000,R_IndexProximal,-0.002777,0.000103,0.059939,-0.023183,-0.001154,0.028368,0.999328
B,7.4000,R_IndexIntermediate,0.000000,0.000000,0.037518,0.148891,0.003273,-0.026319,0.988498
B,7.4000,R_IndexDistal,0.000000,0.000000,0.024041,0.020364,0.025691,-0.016548,0.999326
B,7.4000,R_IndexTip,0.000292,0.001014,0.022122,0.000000,0.000000,0.000000,1.000000
B,7.4000,R_LittleMetacarpal,0.022750,-0.009318,0.033706,0.018312,0.140343,-0.207036,0.968042
B,7.4000,R_LittleProximal,-0.000002,-0.000001,0.045158,-0.107869,0.027957,0.101423,0.988583
B,7.4000,R_LittleIntermediate,0.000000,0.000000,0.030389,0.233501,0.032152,-0.058195,0.970081
B,7.4000,R_LittleDistal,0.000000,0.000000,0.020092,0.050806,-0.049067,0.000902,0.997502
B,7.4000,R_LittleTip,-0.000244,0.001203,0.021686,0.000000,0.000000,0.000000,1.000000
B,7.4000,R_MiddleMetacarpal,-0.004485,-0.006534,0.032882,0.000000,0.000000,0.000000,1.000000
B,7.4000,R_MiddleProximal,0.002778,0.004018,0.061732,0.019328,0.075637,-0.006953,0.996924
B,7.4000,R_MiddleIntermediate,0.000000,0.000000,0.042464,0.144011,0.002692,-0.012051,0.989499
B,7.4000,R_MiddleDistal,0.000000,0.000000,0.027252,-0.001329,0.000611,-0.043495,0.999053
B,7.4000,R_MiddleTip,0.000305,0.001125,0.024695,0.000000,0.000000,0.000000,1.000000
B,7.4000,R_Palm,-0.003096,-0.004525,0.063748,0.000000,0.000000,0.000000,1.000000
B,7.4000,R_RingMetacarpal,0.014831,-0.005951,0.034400,0.000000,0.000000,0.000000,1.000000
B,7.4000,R_RingProximal,0.002446,-0.000508,0.053336,-0.034654,0.106710,-0.045171,0.992659
B,7.4000,R_RingIntermediate,0.000000,0.000000,0.038575,0.168161,-0.002698,-0.037261,0.985052
B,7.4000,R_RingDistal,0.000000,0.000000,0.026286,0.069814,-0.029558,-0.007917,0.997091
B,7.4000,R_RingTip,0.000255,0.001591,0.024064,0.000000,0.000000,0.000000,1.000000
B,7.4000,R_ThumbMetacarpal,-0.031720,-0.011787,0.032059,-0.106299,-0.470108,0.517716,0.706874
B,7.4000,R_ThumbProximal,0.000000,0.000000,0.032162,0.164426,0.055554,-0.082428,0.981368
B,7.4000,R_ThumbDistal,0.000000,0.000000,0.033428,-0.049519,-0.064324,0.083344,0.993209
B,7.4000,R_ThumbTip,0.000663,0.001016,0.024325,0.000000,0.000000,0.000000,1.000000
B,7.4667,R_Wrist,0.031564,1.395287,0.540147,-0.419353,-0.277953,-0.212643,0.837656
B,7.4667,R_IndexMetacarpal,-0.020519,-0.007341,0.035021,0.000000,0.000000,0.000000,1.000000
B,7.4667,R_IndexProximal,-0.002777,0.000103,0.059939,-0.023183,-0.001154,0.028368,0.999328
B,7.4667,R_IndexIntermediate,0.000000,0.000000,0.037518,0.148891,0.003273,-0.026319,0.988498
B,7.4667,R_IndexDistal,0.000000,0.000000,0.024042,0.020364,0.025691,-0.016548,0.999326
B,7.4667,R_IndexTip,0.000292,0.001014,0.022122,0.000000,0.000000,0.000000,1.000000
B,7.4667,R_LittleMetacarpal,0.022750,-0.009318,0.033706,0.018312,0.140343,-0.207036,0.968042
B,7.4667,R_LittleProximal,-0.000002,-0.000001,0.045158,-0.107869,0.027957,0.101423,0.988583
B,7.4667,R_LittleIntermediate,0.000000,0.000000,0.030389,0.233501,0.032152,-0.058195,0.970081
B,7.4667,R_LittleDistal,0.000000,0.000000,0.020092,0.050806,-0.049067,0.000902,0.997502
B,7.4667,R_LittleTip,-0.000244,0.001203,0.021686,0.000000,0.000000,0.000000,1.000000
B,7.4667,R_MiddleMetacarpal,-0.004485,-0.006534,0.032882,0.000000,0.000000,0.000000,1.000000
B,7.4667,R_MiddleProximal,0.002778,0.004018,0.061732,0.019328,0.075637,-0.006953,0.996924
B,7.4667,R_MiddleIntermediate,0.000000,0.000000,0.042464,0.144012,0.002692,-0.012051,0.989499
B,7.4667,R_MiddleDistal,0.000000,0.000000,0.027252,-0.001329,0.000611,-0.043495,0.999053
B,7.4667,R_MiddleTip,0.000305,0.001125,0.024695,0.000000,0.000000,0.000000,1.000000
B,7.4667,R_Palm,-0.003096,-0.004525,0.063748,0.000000,0.000000,0.000000,1.000000
B,7.4667,R_RingMetacarpal,0.014831,-0.005951,0.034400,0.000000,0.000000,0.000000,1.000000
B,7.4667,R_RingProximal,0.002446,-0.000508,0.053336,-0.034654,0.106710,-0.045171,0.992659
B,7.4667,R_RingIntermediate,0.000000,0.000000,0.038575,0.168161,-0.002698,-0.037261,0.985052
B,7.4667,R_RingDistal,0.000000,0.000000,0.026287,0.069814,-0.029558,-0.007917,0.997091
B,7.4667,R_RingTip,0.000255,0.001591,0.024064,0.000000,0.000000,0.000000,1.000000
B,7.4667,R_ThumbMetacarpal,-0.031720,-0.011787,0.032059,-0.106299,-0.470108,0.517716,0.706874
B,7.4667,R_ThumbProximal,0.000000,0.000000,0.032162,0.164426,0.055554,-0.082428,0.981368
B,7.4667,R_ThumbDistal,0.000000,0.000000,0.033428,-0.049519,-0.064324,0.083344,0.993209
B,7.4667,R_ThumbTip,0.000663,0.001016,0.024325,0.000000,0.000000,0.000000,1.000000
B,7.5333,R_Wrist,0.031933,1.393552,0.539148,-0.417813,-0.277860,-0.212588,0.838470
B,7.5333,R_IndexMetacarpal,-0.020520,-0.007341,0.035021,0.000000,0.000000,0.000000,1.000000
B,7.5333,R_IndexProximal,-0.002777,0.000103,0.059939,-0.023183,-0.001154,0.028369,0.999328
B,7.5333,R_IndexIntermediate,0.000000,0.000000,0.037518,0.148891,0.003273,-0.026319,0.988498
B,7.5333,R_IndexDistal,0.000000,0.000000,0.024041,0.020364,0.025691,-0.016548,0.999326
B,7.5333,R_IndexTip,0.000292,0.001014,0.022122,0.000000,0.000000,0.000000,1.000000
B,7.5333,R_LittleMetacarpal,0.022750,-0.009318,0.033706,0.018312,0.140343,-0.207036,0.968042
B,7.5333,R_LittleProximal,-0.000002,-0.000001,0.045158,-0.107869,0.027957,0.101423,0.988583
B,7.5333,R_LittleIntermediate,0.000000,0.000000,0.030389,0.233501,0.032152,-0.058195,0.970081
B,7.5333,R_LittleDistal,0.000000,0.000000,0.020092,0.050806,-0.049067,0.000902,0.997502
B,7.5333,R_LittleTip,-0.000244,0.001203,0.021686,0.000000,0.000000,0.000000,1.000000
B,7.5333,R_MiddleMetacarpal,-0.004485,-0.006534,0.032882,0.000000,0.000000,0.000000,1.000000
B,7.5333,R_MiddleProximal,0.002778,0.004018,0.061732,0.019328,0.075637,-0.006953,0.996924
B,7.5333,R_MiddleIntermediate,0.000000,0.000000,0.042464,0.144011,0.002692,-0.012051,0.989499
B,7.5333,R_MiddleDistal,0.000000,0.000000,0.027252,-0.001329,0.000611,-0.043495,0.999053
B,7.5333,R_MiddleTip,0.000305,0.001125,0.024695,0.000000,0.000000,0.000000,1.000000
B,7.5333,R_Palm,-0.003096,-0.004525,0.063748,0.000000,0.000000,0.000000,1.000000
B,7.5333,R_RingMetacarpal,0.014831,-0.005951,0.034400,0.000000,0.000000,0.000000,1.000000
B,7.5333,R_RingProximal,0.002446,-0.000508,0.053336,-0.034654,0.106710,-0.045171,0.992659
B,7.5333,R_RingIntermediate,0.000000,0.000000,0.038575,0.168161,-0.002698,-0.037261,0.985052
B,7.5333,R_RingDistal,0.000000,0.000000,0.026287,0.069814,-0.029558,-0.007917,0.997091
B,7.5333,R_RingTip,0.000255,0.001591,0.024064,0.000000,0.000000,0.000000,1.000000
B,7.5333,R_ThumbMetacarpal,-0.031720,-0.011787,0.032059,-0.106299,-0.470108,0.517716,0.706874
B,7.5333,R_ThumbProximal,0.000000,0.000000,0.032162,0.164426,0.055554,-0.082428,0.981368
B,7.5333,R_ThumbDistal,0.000000,0.000000,0.033428,-0.049519,-0.064324,0.083344,0.993209
B,7.5333,R_ThumbTip,0.000663,0.001016,0.024325,0.000000,0.000000,0.000000,1.000000
B,7.6000,R_Wrist,0.024256,1.376665,0.531185,-0.400102,-0.285731,-0.216202,0.843525
B,7.6000,R_IndexMetacarpal,-0.020520,-0.007341,0.035021,0.000000,0.000000,0.000000,1.000000
B,7.6000,R_IndexProximal,-0.002777,0.000103,0.059939,-0.023183,-0.001154,0.028368,0.999328
B,7.6000,R_IndexIntermediate,0.000000,0.000000,0.037518,0.148891,0.003273,-0.026319,0.988498
B,7.6000,R_IndexDistal,0.000000,0.000000,0.024041,0.020364,0.025691,-0.016548,0.999326
B,7.6000,R_IndexTip,0.000292,0.001014,0.022122,0.000000,0.000000,0.000000,1.000000
B,7.6000,R_LittleMetacarpal,0.022750,-0.009318,0.033706,0.018312,0.140343,-0.207036,0.968042
B,7.6000,R_LittleProximal,-0.000002,-0.000001,0.045158,-0.107869,0.027957,0.101423,0.988583
B,7.6000,R_LittleIntermediate,0.000000,0.000000,0.030389,0.233501,0.032152,-0.058195,0.970081
B,7.6000,R_LittleDistal,0.000000,0.000000,0.020092,0.050806,-0.049067,0.000902,0.997502
B,7.6000,R_LittleTip,-0.000244,0.001203,0.021686,0.000000,0.000000,0.000000,1.000000
B,7.6000,R_MiddleMetacarpal,-0.004485,-0.006534,0.032882,0.000000,0.000000,0.000000,1.000000
B,7.6000,R_MiddleProximal,0.002778,0.004018,0.061732,0.019328,0.075637,-0.006953,0.996924
B,7.6000,R_MiddleIntermediate,0.000000,0.000000,0.042464,0.144011,0.002692,-0.012051,0.989499
B,7.6000,R_MiddleDistal,0.000000,0.000000,0.027252,-0.001329,0.000611,-0.043495,0.999053
B,7.6000,R_MiddleTip,0.000305,0.001125,0.024695,0.000000,0.000000,0.000000,1.000000
B,7.6000,R_Palm,-0.003096,-0.004525,0.063748,0.000000,0.000000,0.000000,1.000000
B,7.6000,R_RingMetacarpal,0.014831,-0.005951,0.034400,0.000000,0.000000,0.000000,1.000000
B,7.6000,R_RingProximal,0.002446,-0.000508,0.053336,-0.034654,0.106710,-0.045171,0.992659
B,7.6000,R_RingIntermediate,0.000000,0.000000,0.038575,0.168161,-0.002698,-0.037261,0.985052
B,7.6000,R_RingDistal,0.000000,0.000000,0.026286,0.069814,-0.029558,-0.007917,0.997091
B,7.6000,R_RingTip,0.000255,0.001591,0.024064,0.000000,0.000000,0.000000,1.000000
B,7.6000,R_ThumbMetacarpal,-0.031720,-0.011787,0.032059,-0.106299,-0.470108,0.517716,0.706874
B,7.6000,R_ThumbProximal,0.000000,0.000000,0.032162,0.164426,0.055553,-0.082428,0.981368
B,7.6000,R_ThumbDistal,0.000000,0.000000,0.033428,-0.049519,-0.064324,0.083344,0.993209
B,7.6000,R_ThumbTip,0.000663,0.001016,0.024325,0.000000,0.000000,0.000000,1.000000
B,7.6667,R_Wrist,0.022245,1.367997,0.526453,-0.391569,-0.288207,-0.217170,0.846432
B,7.6667,R_IndexMetacarpal,-0.020520,-0.007341,0.035021,0.000000,0.000000,0.000000,1.000000
B,7.6667,R_IndexProximal,-0.002777,0.000103,0.059939,-0.023183,-0.001154,0.028369,0.999328
B,7.6667,R_IndexIntermediate,0.000000,0.000000,0.037518,0.148891,0.003273,-0.026319,0.988498
B,7.6667,R_IndexDistal,0.000000,0.000000,0.024041,0.020364,0.025691,-0.016548,0.999326
B,7.6667,R_IndexTip,0.000292,0.001014,0.022122,0.000000,0.000000,0.000000,1.000000
B,7.6667,R_LittleMetacarpal,0.022750,-0.009318,0.033706,0.018312,0.140343,-0.207036,0.968042
B,7.6667,R_LittleProximal,-0.000002,-0.000001,0.045158,-0.107869,0.027957,0.101423,0.988583
B,7.6667,R_LittleIntermediate,0.000000,0.000000,0.030389,0.233501,0.032152,-0.058195,0.970081
B,7.6667,R_LittleDistal,0.000000,0.000000,0.020092,0.050806,-0.049067,0.000902,0.997502
B,7.6667,R_LittleTip,-0.000244,0.001203,0.021686,0.000000,0.000000,0.000000,1.000000
B,7.6667,R_MiddleMetacarpal,-0.004485,-0.006534,0.032882,0.000000,0.000000,0.000000,1.000000
B,7.6667,R_MiddleProximal,0.002778,0.004018,0.061732,0.019328,0.075637,-0.006953,0.996924
B,7.6667,R_MiddleIntermediate,0.000000,0.000000,0.042464,0.144011,0.002692,-0.012051,0.989499
B,7.6667,R_MiddleDistal,0.000000,0.000000,0.027252,-0.001329,0.000611,-0.043495,0.999053
B,7.6667,R_MiddleTip,0.000305,0.001125,0.024695,0.000000,0.000000,0.000000,1.000000
B,7.6667,R_Palm,-0.003096,-0.004525,0.063748,0.000000,0.000000,0.000000,1.000000
B,7.6667,R_RingMetacarpal,0.014831,-0.005951,0.034400,0.000000,0.000000,0.000000,1.000000
B,7.6667,R_RingProximal,0.002446,-0.000508,0.053336,-0.034654,0.106710,-0.045171,0.992659
B,7.6667,R_RingIntermediate,0.000000,0.000000,0.038575,0.168161,-0.002698,-0.037261,0.985052
B,7.6667,R_RingDistal,0.000000,0.000000,0.026287,0.069814,-0.029558,-0.007917,0.997091
B,7.6667,R_RingTip,0.000255,0.001591,0.024064,0.000000,0.000000,0.000000,1.000000
B,7.6667,R_ThumbMetacarpal,-0.031720,-0.011787,0.032059,-0.106299,-0.470108,0.517716,0.706874
B,7.6667,R_ThumbProximal,0.000000,0.000000,0.032162,0.164426,0.055554,-0.082428,0.981368
B,7.6667,R_ThumbDistal,0.000000,0.000000,0.033428,-0.049519,-0.064324,0.083344,0.993209
B,7.6667,R_ThumbTip,0.000663,0.001016,0.024325,0.000000,0.000000,0.000000,1.000000
B,7.7333,R_Wrist,0.022964,1.358027,0.520261,-0.381820,-0.289104,-0.217303,0.850536
B,7.7333,R_IndexMetacarpal,-0.020520,-0.007341,0.035021,0.000000,0.000000,0.000000,1.000000
B,7.7333,R_IndexProximal,-0.002777,0.000103,0.059939,-0.023183,-0.001154,0.028369,0.999328
B,7.7333,R_IndexIntermediate,0.000000,0.000000,0.037518,0.148891,0.003273,-0.026319,0.988498
B,7.7333,R_IndexDistal,0.000000,0.000000,0.024042,0.020364,0.025691,-0.016548,0.999326
B,7.7333,R_IndexTip,0.000292,0.001014,0.022122,0.000000,0.000000,0.000000,1.000000
B,7.7333,R_LittleMetacarpal,0.022750,-0.009318,0.033706,0.018312,0.140343,-0.207036,0.968042
B,7.7333,R_LittleProximal,-0.000002,-0.000001,0.045158,-0.107869,0.027957,0.101423,0.988583
B,7.7333,R_LittleIntermediate,0.000000,0.000000,0.030389,0.233501,0.032152,-0.058195,0.970081
B,7.7333,R_LittleDistal,0.000000,0.000000,0.020092,0.050806,-0.049067,0.000902,0.997502
B,7.7333,R_LittleTip,-0.000244,0.001203,0.021686,0.000000,0.000000,0.000000,1.000000
B,7.7333,R_MiddleMetacarpal,-0.004485,-0.006534,0.032882,0.000000,0.000000,0.000000,1.000000
B,7.7333,R_MiddleProximal,0.002778,0.004018,0.061732,0.019328,0.075637,-0.006953,0.996924
B,7.7333,R_MiddleIntermediate,0.000000,0.000000,0.042464,0.144012,0.002692,-0.012051,0.989499
B,7.7333,R_MiddleDistal,0.000000,0.000000,0.027252,-0.001329,0.000611,-0.043495,0.999053
B,7.7333,R_MiddleTip,0.000305,0.001125,0.024696,0.000000,0.000000,0.000000,1.000000
B,7.7333,R_Palm,-0.003096,-0.004525,0.063748,0.000000,0.000000,0.000000,1.000000
B,7.7333,R_RingMetacarpal,0.014831,-0.005951,0.034400,0.000000,0.000000,0.000000,1.000000
B,7.7333,R_RingProximal,0.002446,-0.000508,0.053336,-0.034654,0.106710,-0.045171,0.992659
B,7.7333,R_RingIntermediate,0.000000,0.000000,0.038575,0.168161,-0.002698,-0.037261,0.985052
B,7.7333,R_RingDistal,0.000000,0.000000,0.026287,0.069814,-0.029558,-0.007917,0.997091
B,7.7333,R_RingTip,0.000255,0.001591,0.024064,0.000000,0.000000,0.000000,1.000000
B,7.7333,R_ThumbMetacarpal,-0.031720,-0.011787,0.032059,-0.106299,-0.470108,0.517715,0.706874
B,7.7333,R_ThumbProximal,0.000000,0.000000,0.032162,0.164426,0.055553,-0.082428,0.981368
B,7.7333,R_ThumbDistal,0.000000,0.000000,0.033428,-0.049519,-0.064324,0.083344,0.993209
B,7.7333,R_ThumbTip,0.000663,0.001016,0.024325,0.000000,0.000000,0.000000,1.000000
B,7.8000,R_Wrist,0.023870,1.354735,0.518039,-0.378687,-0.288904,-0.217114,0.852052
B,7.8000,R_IndexMetacarpal,-0.020520,-0.007341,0.035021,0.000000,0.000000,0.000000,1.000000
B,7.8000,R_IndexProximal,-0.002777,0.000103,0.059939,-0.023183,-0.001154,0.028369,0.999328
B,7.8000,R_IndexIntermediate,0.000000,0.000000,0.037518,0.148891,0.003273,-0.026319,0.988498
B,7.8000,R_IndexDistal,0.000000,0.000000,0.024042,0.020364,0.025691,-0.016548,0.999326
B,7.8000,R_IndexTip,0.000292,0.001014,0.022122,0.000000,0.000000,0.000000,1.000000
B,7.8000,R_LittleMetacarpal,0.022750,-0.009318,0.033706,0.018312,0.140343,-0.207036,0.968042
B,7.8000,R_LittleProximal,-0.000002,-0.000001,0.045158,-0.107869,0.027957,0.101423,0.988583
B,7.8000,R_LittleIntermediate,0.000000,0.000000,0.030389,0.233501,0.032152,-0.058195,0.970081
B,7.8000,R_LittleDistal,0.000000,0.000000,0.020092,0.050806,-0.049067,0.000902,0.997502
B,7.8000,R_LittleTip,-0.000244,0.001203,0.021686,0.000000,0.000000,0.000000,1.000000
B,7.8000,R_MiddleMetacarpal,-0.004485,-0.006534,0.032882,0.000000,0.000000,0.000000,1.000000
B,7.8000,R_MiddleProximal,0.002778,0.004018,0.061732,0.019328,0.075637,-0.006953,0.996924
B,7.8000,R_MiddleIntermediate,0.000000,0.000000,0.042464,0.144011,0.002692,-0.012051,0.989499
B,7.8000,R_MiddleDistal,0.000000,0.000000,0.027252,-0.001329,0.000611,-0.043495,0.999053
B,7.8000,R_MiddleTip,0.000305,0.001125,0.024695,0.000000,0.000000,0.000000,1.000000
B,7.8000,R_Palm,-0.003096,-0.004525,0.063748,0.000000,0.000000,0.000000,1.000000
B,7.8000,R_RingMetacarpal,0.014831,-0.005951,0.034400,0.000000,0.000000,0.000000,1.000000
B,7.8000,R_RingProximal,0.002446,-0.000508,0.053336,-0.034654,0.106710,-0.045171,0.992659
B,7.8000,R_RingIntermediate,0.000000,0.000000,0.038575,0.168161,-0.002698,-0.037261,0.985052
B,7.8000,R_RingDistal,0.000000,0.000000,0.026287,0.069814,-0.029558,-0.007917,0.997091
B,7.8000,R_RingTip,0.000255,0.001591,0.024064,0.000000,0.000000,0.000000,1.000000
B,7.8000,R_ThumbMetacarpal,-0.031720,-0.011787,0.032059,-0.106299,-0.470108,0.517716,0.706874
B,7.8000,R_ThumbProximal,0.000000,0.000000,0.032162,0.164426,0.055553,-0.082428,0.981368
B,7.8000,R_ThumbDistal,0.000000,0.000000,0.033428,-0.049519,-0.064324,0.083344,0.993209
B,7.8000,R_ThumbTip,0.000663,0.001016,0.024325,0.000000,0.000000,0.000000,1.000000
B,7.8667,R_Wrist,0.023871,1.354731,0.518038,-0.378687,-0.288904,-0.217114,0.852052
B,7.8667,R_IndexMetacarpal,-0.020520,-0.007341,0.035021,0.000000,0.000000,0.000000,1.000000
B,7.8667,R_IndexProximal,-0.002777,0.000103,0.059939,-0.023183,-0.001154,0.028369,0.999328
B,7.8667,R_IndexIntermediate,0.000000,0.000000,0.037518,0.148891,0.003273,-0.026319,0.988498
B,7.8667,R_IndexDistal,0.000000,0.000000,0.024041,0.020364,0.025691,-0.016548,0.999326
B,7.8667,R_IndexTip,0.000292,0.001014,0.022122,0.000000,0.000000,0.000000,1.000000
B,7.8667,R_LittleMetacarpal,0.022750,-0.009318,0.033706,0.018312,0.140343,-0.207036,0.968042
B,7.8667,R_LittleProximal,-0.000002,-0.000001,0.045158,-0.107869,0.027957,0.101423,0.988583
B,7.8667,R_LittleIntermediate,0.000000,0.000000,0.030389,0.233501,0.032152,-0.058195,0.970081
B,7.8667,R_LittleDistal,0.000000,0.000000,0.020092,0.050806,-0.049067,0.000902,0.997502
B,7.8667,R_LittleTip,-0.000244,0.001203,0.021686,0.000000,0.000000,0.000000,1.000000
B,7.8667,R_MiddleMetacarpal,-0.004485,-0.006534,0.032882,0.000000,0.000000,0.000000,1.000000
B,7.8667,R_MiddleProximal,0.002778,0.004018,0.061732,0.019328,0.075637,-0.006953,0.996924
B,7.8667,R_MiddleIntermediate,0.000000,0.000000,0.042464,0.144012,0.002692,-0.012051,0.989499
B,7.8667,R_MiddleDistal,0.000000,0.000000,0.027252,-0.001329,0.000611,-0.043495,0.999053
B,7.8667,R_MiddleTip,0.000305,0.001125,0.024696,0.000000,0.000000,0.000000,1.000000
B,7.8667,R_Palm,-0.003096,-0.004525,0.063748,0.000000,0.000000,0.000000,1.000000
B,7.8667,R_RingMetacarpal,0.014831,-0.005951,0.034400,0.000000,0.000000,0.000000,1.000000
B,7.8667,R_RingProximal,0.002446,-0.000508,0.053336,-0.034654,0.106710,-0.045171,0.992659
B,7.8667,R_RingIntermediate,0.000000,0.000000,0.038575,0.168161,-0.002698,-0.037261,0.985052
B,7.8667,R_RingDistal,0.000000,0.000000,0.026287,0.069814,-0.029558,-0.007917,0.997091
B,7.8667,R_RingTip,0.000255,0.001591,0.024064,0.000000,0.000000,0.000000,1.000000
B,7.8667,R_ThumbMetacarpal,-0.031720,-0.011787,0.032059,-0.106299,-0.470108,0.517716,0.706874
B,7.8667,R_ThumbProximal,0.000000,0.000000,0.032162,0.164426,0.055554,-0.082428,0.981368
B,7.8667,R_ThumbDistal,0.000000,0.000000,0.033428,-0.049519,-0.064324,0.083344,0.993209
B,7.8667,R_ThumbTip,0.000663,0.001016,0.024325,0.000000,0.000000,0.000000,1.000000
B,7.9333,R_Wrist,0.023871,1.354730,0.518038,-0.378687,-0.288904,-0.217114,0.852052
B,7.9333,R_IndexMetacarpal,-0.020520,-0.007341,0.035021,0.000000,0.000000,0.000000,1.000000
B,7.9333,R_IndexProximal,-0.002777,0.000103,0.059939,-0.023183,-0.001154,0.028368,0.999328
B,7.9333,R_IndexIntermediate,0.000000,0.000000,0.037518,0.148891,0.003273,-0.026319,0.988498
B,7.9333,R_IndexDistal,0.000000,0.000000,0.024042,0.020364,0.025691,-0.016548,0.999326
B,7.9333,R_IndexTip,0.000292,0.001014,0.022122,0.000000,0.000000,0.000000,1.000000
B,7.9333,R_LittleMetacarpal,0.022750,-0.009318,0.033706,0.018312,0.140343,-0.207036,0.968042
B,7.9333,R_LittleProximal,-0.000002,-0.000001,0.045158,-0.107869,0.027957,0.101423,0.988583
B,7.9333,R_LittleIntermediate,0.000000,0.000000,0.030389,0.233501,0.032152,-0.058195,0.970081
B,7.9333,R_LittleDistal,0.000000,0.000000,0.020092,0.050806,-0.049067,0.000902,0.997502
B,7.9333,R_LittleTip,-0.000244,0.001203,0.021686,0.000000,0.000000,0.000000,1.000000
B,7.9333,R_MiddleMetacarpal,-0.004485,-0.006534,0.032882,0.000000,0.000000,0.000000,1.000000
B,7.9333,R_MiddleProximal,0.002778,0.004018,0.061732,0.019328,0.075637,-0.006953,0.996924
B,7.9333,R_MiddleIntermediate,0.000000,0.000000,0.042464,0.144012,0.002692,-0.012051,0.989499
B,7.9333,R_MiddleDistal,0.000000,0.000000,0.027252,-0.001329,0.000611,-0.043495,0.999053
B,7.9333,R_MiddleTip,0.000305,0.001125,0.024696,0.000000,0.000000,0.000000,1.000000
B,7.9333,R_Palm,-0.003096,-0.004525,0.063749,0.000000,0.000000,0.000000,1.000000
B,7.9333,R_RingMetacarpal,0.014831,-0.005951,0.034400,0.000000,0.000000,0.000000,1.000000
B,7.9333,R_RingProximal,0.002446,-0.000508,0.053336,-0.034654,0.106710,-0.045171,0.992659
B,7.9333,R_RingIntermediate,0.000000,0.000000,0.038575,0.168161,-0.002698,-0.037261,0.985052
B,7.9333,R_RingDistal,0.000000,0.000000,0.026287,0.069814,-0.029558,-0.007917,0.997091
B,7.9333,R_RingTip,0.000255,0.001591,0.024064,0.000000,0.000000,0.000000,1.000000
B,7.9333,R_ThumbMetacarpal,-0.031720,-0.011787,0.032059,-0.106299,-0.470108,0.517716,0.706874
B,7.9333,R_ThumbProximal,0.000000,0.000000,0.032162,0.164426,0.055554,-0.082428,0.981368
B,7.9333,R_ThumbDistal,0.000000,0.000000,0.033428,-0.049519,-0.064324,0.083344,0.993209
B,7.9333,R_ThumbTip,0.000663,0.001016,0.024325,0.000000,0.000000,0.000000,1.000000
B,8.0000,R_Wrist,0.023871,1.354729,0.518039,-0.378687,-0.288904,-0.217114,0.852052
B,8.0000,R_IndexMetacarpal,-0.020520,-0.007341,0.035021,0.000000,0.000000,0.000000,1.000000
B,8.0000,R_IndexProximal,-0.002777,0.000103,0.059939,-0.023183,-0.001154,0.028369,0.999328
B,8.0000,R_IndexIntermediate,0.000000,0.000000,0.037518,0.148891,0.003273,-0.026319,0.988498
B,8.0000,R_IndexDistal,0.000000,0.000000,0.024042,0.020364,0.025691,-0.016548,0.999326
B,8.0000,R_IndexTip,0.000292,0.001014,0.022122,0.000000,0.000000,0.000000,1.000000
B,8.0000,R_LittleMetacarpal,0.022750,-0.009318,0.033706,0.018312,0.140343,-0.207036,0.968042
B,8.0000,R_LittleProximal,-0.000002,-0.000001,0.045158,-0.107869,0.027957,0.101423,0.988583
B,8.0000,R_LittleIntermediate,0.000000,0.000000,0.030389,0.233501,0.032152,-0.058195,0.970081
B,8.0000,R_LittleDistal,0.000000,0.000000,0.020092,0.050806,-0.049067,0.000902,0.997502
B,8.0000,R_LittleTip,-0.000244,0.001203,0.021686,0.000000,0.000000,0.000000,1.000000
B,8.0000,R_MiddleMetacarpal,-0.004485,-0.006534,0.032882,0.000000,0.000000,0.000000,1.000000
B,8.0000,R_MiddleProximal,0.002778,0.004018,0.061732,0.019328,0.075637,-0.006953,0.996924
B,8.0000,R_MiddleIntermediate,0.000000,0.000000,0.042464,0.144012,0.002692,-0.012051,0.989499
B,8.0000,R_MiddleDistal,0.000000,0.000000,0.027252,-0.001329,0.000611,-0.043495,0.999053
B,8.0000,R_MiddleTip,0.000305,0.001125,0.024696,0.000000,0.000000,0.000000,1.000000
B,8.0000,R_Palm,-0.003096,-0.004525,0.063749,0.000000,0.000000,0.000000,1.000000
B,8.0000,R_RingMetacarpal,0.014831,-0.005951,0.034400,0.000000,0.000000,0.000000,1.000000
B,8.0000,R_RingProximal,0.002446,-0.000508,0.053337,-0.034654,0.106710,-0.045171,0.992659
B,8.0000,R_RingIntermediate,0.000000,0.000000,0.038575,0.168161,-0.002698,-0.037261,0.985052
B,8.0000,R_RingDistal,0.000000,0.000000,0.026287,0.069814,-0.029558,-0.007917,0.997091
B,8.0000,R_RingTip,0.000255,0.001591,0.024064,0.000000,0.000000,0.000000,1.000000
B,8.0000,R_ThumbMetacarpal,-0.031721,-0.011787,0.032059,-0.106299,-0.470108,0.517716,0.706874
B,8.0000,R_ThumbProximal,0.000000,0.000000,0.032162,0.164426,0.055553,-0.082428,0.981368
B,8.0000,R_ThumbDistal,0.000000,0.000000,0.033428,-0.049519,-0.064324,0.083344,0.993209
B,8.0000,R_ThumbTip,0.000663,0.001016,0.024326,0.000000,0.000000,0.000000,1.000000
B,8.0667,R_Wrist,0.023871,1.354727,0.518039,-0.378687,-0.288904,-0.217114,0.852052
B,8.0667,R_IndexMetacarpal,-0.020520,-0.007341,0.035022,0.000000,0.000000,0.000000,1.000000
B,8.0667,R_IndexProximal,-0.002777,0.000103,0.059939,-0.023183,-0.001154,0.028368,0.999328
B,8.0667,R_IndexIntermediate,0.000000,0.000000,0.037518,0.148891,0.003273,-0.026319,0.988498
B,8.0667,R_IndexDistal,0.000000,0.000000,0.024042,0.020364,0.025691,-0.016548,0.999326
B,8.0667,R_IndexTip,0.000292,0.001014,0.022122,0.000000,0.000000,0.000000,1.000000
B,8.0667,R_LittleMetacarpal,0.022750,-0.009318,0.033706,0.018312,0.140343,-0.207036,0.968042
B,8.0667,R_LittleProximal,-0.000002,-0.000001,0.045158,-0.107869,0.027957,0.101423,0.988583
B,8.0667,R_LittleIntermediate,0.000000,0.000000,0.030389,0.233501,0.032152,-0.058195,0.970081
B,8.0667,R_LittleDistal,0.000000,0.000000,0.020092,0.050806,-0.049067,0.000902,0.997502
B,8.0667,R_LittleTip,-0.000244,0.001203,0.021686,0.000000,0.000000,0.000000,1.000000
B,8.0667,R_MiddleMetacarpal,-0.004485,-0.006534,0.032882,0.000000,0.000000,0.000000,1.000000
B,8.0667,R_MiddleProximal,0.002778,0.004018,0.061732,0.019328,0.075637,-0.006953,0.996924
B,8.0667,R_MiddleIntermediate,0.000000,0.000000,0.042464,0.144011,0.002692,-0.012051,0.989499
B,8.0667,R_MiddleDistal,0.000000,0.000000,0.027252,-0.001329,0.000611,-0.043495,0.999053
B,8.0667,R_MiddleTip,0.000305,0.001125,0.024696,0.000000,0.000000,0.000000,1.000000
B,8.0667,R_Palm,-0.003096,-0.004525,0.063749,0.000000,0.000000,0.000000,1.000000
B,8.0667,R_RingMetacarpal,0.014831,-0.005951,0.034400,0.000000,0.000000,0.000000,1.000000
B,8.0667,R_RingProximal,0.002446,-0.000508,0.053337,-0.034654,0.106710,-0.045171,0.992659
B,8.0667,R_RingIntermediate,0.000000,0.000000,0.038575,0.168161,-0.002698,-0.037261,0.985052
B,8.0667,R_RingDistal,0.000000,0.000000,0.026287,0.069814,-0.029558,-0.007917,0.997091
B,8.0667,R_RingTip,0.000255,0.001591,0.024064,0.000000,0.000000,0.000000,1.000000
B,8.0667,R_ThumbMetacarpal,-0.031721,-0.011787,0.032059,-0.106299,-0.470108,0.517716,0.706874
B,8.0667,R_ThumbProximal,0.000000,0.000000,0.032162,0.164426,0.055553,-0.082428,0.981368
B,8.0667,R_ThumbDistal,0.000000,0.000000,0.033428,-0.049519,-0.064324,0.083344,0.993209
B,8.0667,R_ThumbTip,0.000663,0.001016,0.024326,0.000000,0.000000,0.000000,1.000000
B,8.1333,R_Wrist,0.023872,1.354726,0.518039,-0.378687,-0.288904,-0.217114,0.852052
B,8.1333,R_IndexMetacarpal,-0.020520,-0.007341,0.035022,0.000000,0.000000,0.000000,1.000000
B,8.1333,R_IndexProximal,-0.002777,0.000103,0.059939,-0.023183,-0.001154,0.028368,0.999328
B,8.1333,R_IndexIntermediate,0.000000,0.000000,0.037518,0.148891,0.003273,-0.026319,0.988498
B,8.1333,R_IndexDistal,0.000000,0.000000,0.024042,0.020364,0.025691,-0.016548,0.999326
B,8.1333,R_IndexTip,0.000292,0.001014,0.022122,0.000000,0.000000,0.000000,1.000000
B,8.1333,R_LittleMetacarpal,0.022750,-0.009318,0.033706,0.018312,0.140343,-0.207036,0.968042
B,8.1333,R_LittleProximal,-0.000002,-0.000001,0.045158,-0.107869,0.027957,0.101423,0.988583
B,8.1333,R_LittleIntermediate,0.000000,0.000000,0.030389,0.233501,0.032152,-0.058195,0.970081
B,8.1333,R_LittleDistal,0.000000,0.000000,0.020092,0.050806,-0.049067,0.000902,0.997502
B,8.1333,R_LittleTip,-0.000244,0.001203,0.021686,0.000000,0.000000,0.000000,1.000000
B,8.1333,R_MiddleMetacarpal,-0.004485,-0.006534,0.032883,0.000000,0.000000,0.000000,1.000000
B,8.1333,R_MiddleProximal,0.002778,0.004018,0.061732,0.019328,0.075637,-0.006953,0.996924
B,8.1333,R_MiddleIntermediate,0.000000,0.000000,0.042464,0.144012,0.002692,-0.012051,0.989499
B,8.1333,R_MiddleDistal,0.000000,0.000000,0.027252,-0.001329,0.000611,-0.043495,0.999053
B,8.1333,R_MiddleTip,0.000305,0.001125,0.024696,0.000000,0.000000,0.000000,1.000000
B,8.1333,R_Palm,-0.003096,-0.004525,0.063749,0.000000,0.000000,0.000000,1.000000
B,8.1333,R_RingMetacarpal,0.014831,-0.005951,0.034400,0.000000,0.000000,0.000000,1.000000
B,8.1333,R_RingProximal,0.002446,-0.000508,0.053337,-0.034654,0.106710,-0.045171,0.992659
B,8.1333,R_RingIntermediate,0.000000,0.000000,0.038575,0.168161,-0.002698,-0.037261,0.985052
B,8.1333,R_RingDistal,0.000000,0.000000,0.026287,0.069814,-0.029558,-0.007917,0.997091
B,8.1333,R_RingTip,0.000255,0.001591,0.024064,0.000000,0.000000,0.000000,1.000000
B,8.1333,R_ThumbMetacarpal,-0.031721,-0.011787,0.032059,-0.106299,-0.470108,0.517716,0.706874
B,8.1333,R_ThumbProximal,0.000000,0.000000,0.032162,0.164426,0.055554,-0.082428,0.981368
B,8.1333,R_ThumbDistal,0.000000,0.000000,0.033429,-0.049519,-0.064324,0.083344,0.993209
B,8.1333,R_ThumbTip,0.000663,0.001016,0.024326,0.000000,0.000000,0.000000,1.000000
B,8.2000,R_Wrist,0.023872,1.354725,0.518040,-0.378687,-0.288904,-0.217114,0.852052
B,8.2000,R_IndexMetacarpal,-0.020520,-0.007341,0.035022,0.000000,0.000000,0.000000,1.000000
B,8.2000,R_IndexProximal,-0.002777,0.000103,0.059939,-0.023183,-0.001154,0.028369,0.999328
B,8.2000,R_IndexIntermediate,0.000000,0.000000,0.037518,0.148891,0.003273,-0.026319,0.988498
B,8.2000,R_IndexDistal,0.000000,0.000000,0.024042,0.020364,0.025691,-0.016548,0.999326
B,8.2000,R_IndexTip,0.000292,0.001014,0.022122,0.000000,0.000000,0.000000,1.000000
B,8.2000,R_LittleMetacarpal,0.022750,-0.009318,0.033706,0.018312,0.140343,-0.207036,0.968042
B,8.2000,R_LittleProximal,-0.000002,-0.000001,0.045158,-0.107869,0.027957,0.101423,0.988583
B,8.2000,R_LittleIntermediate,0.000000,0.000000,0.030389,0.233501,0.032152,-0.058195,0.970081
B,8.2000,R_LittleDistal,0.000000,0.000000,0.020092,0.050806,-0.049067,0.000902,0.997502
B,8.2000,R_LittleTip,-0.000244,0.001203,0.021686,0.000000,0.000000,0.000000,1.000000
B,8.2000,R_MiddleMetacarpal,-0.004485,-0.006534,0.032882,0.000000,0.000000,0.000000,1.000000
B,8.2000,R_MiddleProximal,0.002778,0.004018,0.061732,0.019328,0.075637,-0.006953,0.996924
B,8.2000,R_MiddleIntermediate,0.000000,0.000000,0.042464,0.144011,0.002692,-0.012051,0.989499
B,8.2000,R_MiddleDistal,0.000000,0.000000,0.027252,-0.001329,0.000611,-0.043495,0.999053
B,8.2000,R_MiddleTip,0.000305,0.001125,0.024696,0.000000,0.000000,0.000000,1.000000
B,8.2000,R_Palm,-0.003096,-0.004525,0.063749,0.000000,0.000000,0.000000,1.000000
B,8.2000,R_RingMetacarpal,0.014831,-0.005951,0.034400,0.000000,0.000000,0.000000,1.000000
B,8.2000,R_RingProximal,0.002446,-0.000508,0.053337,-0.034654,0.106710,-0.045171,0.992659
B,8.2000,R_RingIntermediate,0.000000,0.000000,0.038576,0.168161,-0.002698,-0.037261,0.985052
B,8.2000,R_RingDistal,0.000000,0.000000,0.026287,0.069814,-0.029558,-0.007917,0.997091
B,8.2000,R_RingTip,0.000255,0.001591,0.024064,0.000000,0.000000,0.000000,1.000000
B,8.2000,R_ThumbMetacarpal,-0.031721,-0.011787,0.032059,-0.106299,-0.470108,0.517716,0.706874
B,8.2000,R_ThumbProximal,0.000000,0.000000,0.032162,0.164426,0.055554,-0.082428,0.981368
B,8.2000,R_ThumbDistal,0.000000,0.000000,0.033429,-0.049519,-0.064324,0.083344,0.993209
B,8.2000,R_ThumbTip,0.000663,0.001016,0.024326,0.000000,0.000000,0.000000,1.000000
B,8.2667,R_Wrist,0.023872,1.354723,0.518040,-0.378687,-0.288904,-0.217114,0.852052
B,8.2667,R_IndexMetacarpal,-0.020520,-0.007341,0.035022,0.000000,0.000000,0.000000,1.000000
B,8.2667,R_IndexProximal,-0.002777,0.000103,0.059939,-0.023183,-0.001154,0.028369,0.999328
B,8.2667,R_IndexIntermediate,0.000000,0.000000,0.037518,0.148891,0.003273,-0.026319,0.988498
B,8.2667,R_IndexDistal,0.000000,0.000000,0.024042,0.020364,0.025691,-0.016548,0.999326
B,8.2667,R_IndexTip,0.000292,0.001014,0.022122,0.000000,0.000000,0.000000,1.000000
B,8.2667,R_LittleMetacarpal,0.022750,-0.009318,0.033706,0.018312,0.140343,-0.207036,0.968042
B,8.2667,R_LittleProximal,-0.000002,-0.000001,0.045158,-0.107869,0.027957,0.101423,0.988583
B,8.2667,R_LittleIntermediate,0.000000,0.000000,0.030389,0.233501,0.032152,-0.058195,0.970081
B,8.2667,R_LittleDistal,0.000000,0.000000,0.020092,0.050806,-0.049067,0.000902,0.997502
B,8.2667,R_LittleTip,-0.000244,0.001203,0.021686,0.000000,0.000000,0.000000,1.000000
B,8.2667,R_MiddleMetacarpal,-0.004485,-0.006534,0.032883,0.000000,0.000000,0.000000,1.000000
B,8.2667,R_MiddleProximal,0.002778,0.004018,0.061732,0.019328,0.075637,-0.006953,0.996924
B,8.2667,R_MiddleIntermediate,0.000000,0.000000,0.042464,0.144011,0.002692,-0.012051,0.989499
B,8.2667,R_MiddleDistal,0.000000,0.000000,0.027252,-0.001329,0.000611,-0.043495,0.999053
B,8.2667,R_MiddleTip,0.000305,0.001125,0.024696,0.000000,0.000000,0.000000,1.000000
B,8.2667,R_Palm,-0.003096,-0.004525,0.063749,0.000000,0.000000,0.000000,1.000000
B,8.2667,R_RingMetacarpal,0.014831,-0.005951,0.034400,0.000000,0.000000,0.000000,1.000000
B,8.2667,R_RingProximal,0.002446,-0.000508,0.053337,-0.034654,0.106710,-0.045171,0.992659
B,8.2667,R_RingIntermediate,0.000000,0.000000,0.038576,0.168161,-0.002698,-0.037261,0.985052
B,8.2667,R_RingDistal,0.000000,0.000000,0.026287,0.069814,-0.029558,-0.007917,0.997091
B,8.2667,R_RingTip,0.000255,0.001591,0.024064,0.000000,0.000000,0.000000,1.000000
B,8.2667,R_ThumbMetacarpal,-0.031721,-0.011787,0.032059,-0.106299,-0.470108,0.517716,0.706874
B,8.2667,R_ThumbProximal,0.000000,0.000000,0.032162,0.164426,0.055554,-0.082428,0.981368
B,8.2667,R_ThumbDistal,0.000000,0.000000,0.033428,-0.049519,-0.064324,0.083344,0.993209
B,8.2667,R_ThumbTip,0.000663,0.001016,0.024326,0.000000,0.000000,0.000000,1.000000
B,8.3333,R_Wrist,0.023872,1.354722,0.518040,-0.378687,-0.288904,-0.217114,0.852052
B,8.3333,R_IndexMetacarpal,-0.020520,-0.007341,0.035022,0.000000,0.000000,0.000000,1.000000
B,8.3333,R_IndexProximal,-0.002777,0.000103,0.059939,-0.023183,-0.001154,0.028369,0.999328
B,8.3333,R_IndexIntermediate,0.000000,0.000000,0.037518,0.148891,0.003273,-0.026319,0.988498
B,8.3333,R_IndexDistal,0.000000,0.000000,0.024042,0.020364,0.025691,-0.016548,0.999326
B,8.3333,R_IndexTip,0.000292,0.001014,0.022122,0.000000,0.000000,0.000000,1.000000
B,8.3333,R_LittleMetacarpal,0.022751,-0.009318,0.033706,0.018312,0.140343,-0.207036,0.968042
B,8.3333,R_LittleProximal,-0.000002,-0.000001,0.045158,-0.107869,0.027957,0.101423,0.988583
B,8.3333,R_LittleIntermediate,0.000000,0.000000,0.030389,0.233501,0.032152,-0.058195,0.970081
B,8.3333,R_LittleDistal,0.000000,0.000000,0.020092,0.050806,-0.049067,0.000902,0.997502
B,8.3333,R_LittleTip,-0.000244,0.001203,0.021686,0.000000,0.000000,0.000000,1.000000
B,8.3333,R_MiddleMetacarpal,-0.004485,-0.006534,0.032883,0.000000,0.000000,0.000000,1.000000
B,8.3333,R_MiddleProximal,0.002778,0.004018,0.061732,0.019328,0.075637,-0.006953,0.996924
B,8.3333,R_MiddleIntermediate,0.000000,0.000000,0.042464,0.144011,0.002692,-0.012051,0.989499
B,8.3333,R_MiddleDistal,0.000000,0.000000,0.027252,-0.001329,0.000611,-0.043495,0.999053
B,8.3333,R_MiddleTip,0.000305,0.001125,0.024696,0.000000,0.000000,0.000000,1.000000
B,8.3333,R_Palm,-0.003096,-0.004525,0.063749,0.000000,0.000000,0.000000,1.000000
B,8.3333,R_RingMetacarpal,0.014831,-0.005951,0.034400,0.000000,0.000000,0.000000,1.000000
B,8.3333,R_RingProximal,0.002446,-0.000508,0.053337,-0.034654,0.106710,-0.045171,0.992659
B,8.3333,R_RingIntermediate,0.000000,0.000000,0.038576,0.168161,-0.002698,-0.037261,0.985052
B,8.3333,R_RingDistal,0.000000,0.000000,0.026287,0.069814,-0.029558,-0.007917,0.997091
B,8.3333,R_RingTip,0.000255,0.001591,0.024064,0.000000,0.000000,0.000000,1.000000
B,8.3333,R_ThumbMetacarpal,-0.031721,-0.011787,0.032059,-0.106299,-0.470108,0.517716,0.706874
B,8.3333,R_ThumbProximal,0.000000,0.000000,0.032162,0.164426,0.055554,-0.082428,0.981368
B,8.3333,R_ThumbDistal,0.000000,0.000000,0.033429,-0.049519,-0.064324,0.083344,0.993209
B,8.3333,R_ThumbTip,0.000663,0.001016,0.024326,0.000000,0.000000,0.000000,1.000000
B,8.4000,R_Wrist,0.023872,1.354720,0.518041,-0.378687,-0.288904,-0.217114,0.852052
B,8.4000,R_IndexMetacarpal,-0.020520,-0.007341,0.035022,0.000000,0.000000,0.000000,1.000000
B,8.4000,R_IndexProximal,-0.002777,0.000103,0.059939,-0.023183,-0.001154,0.028369,0.999328
B,8.4000,R_IndexIntermediate,0.000000,0.000000,0.037518,0.148891,0.003273,-0.026319,0.988498
B,8.4000,R_IndexDistal,0.000000,0.000000,0.024042,0.020364,0.025691,-0.016548,0.999326
B,8.4000,R_IndexTip,0.000292,0.001014,0.022122,0.000000,0.000000,0.000000,1.000000
B,8.4000,R_LittleMetacarpal,0.022751,-0.009318,0.033706,0.018312,0.140343,-0.207036,0.968042
B,8.4000,R_LittleProximal,-0.000002,-0.000001,0.045158,-0.107869,0.027957,0.101423,0.988583
B,8.4000,R_LittleIntermediate,0.000000,0.000000,0.030389,0.233501,0.032152,-0.058195,0.970081
B,8.4000,R_LittleDistal,0.000000,0.000000,0.020092,0.050806,-0.049067,0.000902,0.997502
B,8.4000,R_LittleTip,-0.000244,0.001203,0.021686,0.000000,0.000000,0.000000,1.000000
B,8.4000,R_MiddleMetacarpal,-0.004485,-0.006534,0.032883,0.000000,0.000000,0.000000,1.000000
B,8.4000,R_MiddleProximal,0.002778,0.004019,0.061733,0.019328,0.075637,-0.006953,0.996924
B,8.4000,R_MiddleIntermediate,0.000000,0.000000,0.042464,0.144012,0.002692,-0.012051,0.989499
B,8.4000,R_MiddleDistal,0.000000,0.000000,0.027252,-0.001329,0.000611,-0.043495,0.999053
B,8.4000,R_MiddleTip,0.000305,0.001125,0.024696,0.000000,0.000000,0.000000,1.000000
B,8.4000,R_Palm,-0.003096,-0.004525,0.063749,0.000000,0.000000,0.000000,1.000000
B,8.4000,R_RingMetacarpal,0.014831,-0.005951,0.034400,0.000000,0.000000,0.000000,1.000000
B,8.4000,R_RingProximal,0.002446,-0.000508,0.053337,-0.034654,0.106710,-0.045171,0.992659
B,8.4000,R_RingIntermediate,0.000000,0.000000,0.038576,0.168161,-0.002698,-0.037261,0.985052
B,8.4000,R_RingDistal,0.000000,0.000000,0.026287,0.069814,-0.029558,-0.007917,0.997091
B,8.4000,R_RingTip,0.000255,0.001591,0.024064,0.000000,0.000000,0.000000,1.000000
B,8.4000,R_ThumbMetacarpal,-0.031721,-0.011787,0.032059,-0.106299,-0.470108,0.517716,0.706874
B,8.4000,R_ThumbProximal,0.000000,0.000000,0.032162,0.164426,0.055554,-0.082428,0.981368
B,8.4000,R_ThumbDistal,0.000000,0.000000,0.033429,-0.049519,-0.064324,0.083344,0.993209
B,8.4000,R_ThumbTip,0.000663,0.001016,0.024326,0.000000,0.000000,0.000000,1.000000
B,8.4667,R_Wrist,0.023872,1.354719,0.518041,-0.378687,-0.288904,-0.217114,0.852052
B,8.4667,R_IndexMetacarpal,-0.020520,-0.007341,0.035022,0.000000,0.000000,0.000000,1.000000
B,8.4667,R_IndexProximal,-0.002777,0.000103,0.059939,-0.023183,-0.001154,0.028369,0.999328
B,8.4667,R_IndexIntermediate,0.000000,0.000000,0.037518,0.148891,0.003273,-0.026319,0.988498
B,8.4667,R_IndexDistal,0.000000,0.000000,0.024042,0.020364,0.025691,-0.016548,0.999326
B,8.4667,R_IndexTip,0.000292,0.001014,0.022122,0.000000,0.000000,0.000000,1.000000
B,8.4667,R_LittleMetacarpal,0.022751,-0.009318,0.033706,0.018312,0.140343,-0.207036,0.968042
B,8.4667,R_LittleProximal,-0.000002,-0.000001,0.045158,-0.107869,0.027957,0.101423,0.988583
B,8.4667,R_LittleIntermediate,0.000000,0.000000,0.030389,0.233501,0.032152,-0.058195,0.970081
B,8.4667,R_LittleDistal,0.000000,0.000000,0.020092,0.050806,-0.049067,0.000902,0.997502
B,8.4667,R_LittleTip,-0.000244,0.001203,0.021686,0.000000,0.000000,0.000000,1.000000
B,8.4667,R_MiddleMetacarpal,-0.004485,-0.006534,0.032883,0.000000,0.000000,0.000000,1.000000
B,8.4667,R_MiddleProximal,0.002778,0.004019,0.061733,0.019328,0.075637,-0.006953,0.996924
B,8.4667,R_MiddleIntermediate,0.000000,0.000000,0.042464,0.144012,0.002692,-0.012051,0.989499
B,8.4667,R_MiddleDistal,0.000000,0.000000,0.027253,-0.001329,0.000611,-0.043495,0.999053
B,8.4667,R_MiddleTip,0.000305,0.001125,0.024696,0.000000,0.000000,0.000000,1.000000
B,8.4667,R_Palm,-0.003096,-0.004525,0.063749,0.000000,0.000000,0.000000,1.000000
B,8.4667,R_RingMetacarpal,0.014831,-0.005951,0.034400,0.000000,0.000000,0.000000,1.000000
B,8.4667,R_RingProximal,0.002446,-0.000508,0.053337,-0.034654,0.106710,-0.045171,0.992659
B,8.4667,R_RingIntermediate,0.000000,0.000000,0.038576,0.168161,-0.002698,-0.037261,0.985052
B,8.4667,R_RingDistal,0.000000,0.000000,0.026287,0.069814,-0.029558,-0.007917,0.997091
B,8.4667,R_RingTip,0.000255,0.001591,0.024064,0.000000,0.000000,0.000000,1.000000
B,8.4667,R_ThumbMetacarpal,-0.031721,-0.011787,0.032059,-0.106299,-0.470108,0.517716,0.706874
B,8.4667,R_ThumbProximal,0.000000,0.000000,0.032162,0.164426,0.055554,-0.082428,0.981368
B,8.4667,R_ThumbDistal,0.000000,0.000000,0.033429,-0.049519,-0.064324,0.083344,0.993209
B,8.4667,R_ThumbTip,0.000663,0.001016,0.024326,0.000000,0.000000,0.000000,1.000000
B,8.5333,R_Wrist,0.023872,1.354718,0.518041,-0.378687,-0.288904,-0.217114,0.852052
B,8.5333,R_IndexMetacarpal,-0.020520,-0.007341,0.035022,0.000000,0.000000,0.000000,1.000000
B,8.5333,R_IndexProximal,-0.002777,0.000103,0.059939,-0.023183,-0.001154,0.028369,0.999328
B,8.5333,R_IndexIntermediate,0.000000,0.000000,0.037518,0.148891,0.003273,-0.026319,0.988498
B,8.5333,R_IndexDistal,0.000000,0.000000,0.024042,0.020364,0.025691,-0.016548,0.999326
B,8.5333,R_IndexTip,0.000292,0.001014,0.022122,0.000000,0.000000,0.000000,1.000000
B,8.5333,R_LittleMetacarpal,0.022751,-0.009318,0.033706,0.018312,0.140343,-0.207036,0.968042
B,8.5333,R_LittleProximal,-0.000002,-0.000001,0.045158,-0.107869,0.027957,0.101423,0.988583
B,8.5333,R_LittleIntermediate,0.000000,0.000000,0.030389,0.233501,0.032152,-0.058195,0.970081
B,8.5333,R_LittleDistal,0.000000,0.000000,0.020092,0.050806,-0.049067,0.000902,0.997502
B,8.5333,R_LittleTip,-0.000244,0.001203,0.021686,0.000000,0.000000,0.000000,1.000000
B,8.5333,R_MiddleMetacarpal,-0.004485,-0.006534,0.032883,0.000000,0.000000,0.000000,1.000000
B,8.5333,R_MiddleProximal,0.002778,0.004018,0.061733,0.019328,0.075637,-0.006953,0.996924
B,8.5333,R_MiddleIntermediate,0.000000,0.000000,0.042464,0.144011,0.002692,-0.012051,0.989499
B,8.5333,R_MiddleDistal,0.000000,0.000000,0.027252,-0.001329,0.000611,-0.043495,0.999053
B,8.5333,R_MiddleTip,0.000305,0.001125,0.024696,0.000000,0.000000,0.000000,1.000000
B,8.5333,R_Palm,-0.003096,-0.004525,0.063749,0.000000,0.000000,0.000000,1.000000
B,8.5333,R_RingMetacarpal,0.014831,-0.005951,0.034400,0.000000,0.000000,0.000000,1.000000
B,8.5333,R_RingProximal,0.002446,-0.000508,0.053337,-0.034654,0.106710,-0.045171,0.992659
B,8.5333,R_RingIntermediate,0.000000,0.000000,0.038576,0.168161,-0.002698,-0.037261,0.985052
B,8.5333,R_RingDistal,0.000000,0.000000,0.026287,0.069814,-0.029558,-0.007917,0.997091
B,8.5333,R_RingTip,0.000255,0.001591,0.024064,0.000000,0.000000,0.000000,1.000000
B,8.5333,R_ThumbMetacarpal,-0.031721,-0.011787,0.032059,-0.106299,-0.470108,0.517716,0.706874
B,8.5333,R_ThumbProximal,0.000000,0.000000,0.032162,0.164426,0.055553,-0.082428,0.981368
B,8.5333,R_ThumbDistal,0.000000,0.000000,0.033429,-0.049519,-0.064324,0.083344,0.993209
B,8.5333,R_ThumbTip,0.000663,0.001016,0.024326,0.000000,0.000000,0.000000,1.000000
B,8.6000,R_Wrist,0.023872,1.354717,0.518041,-0.378687,-0.288904,-0.217114,0.852052
B,8.6000,R_IndexMetacarpal,-0.020520,-0.007341,0.035022,0.000000,0.000000,0.000000,1.000000
B,8.6000,R_IndexProximal,-0.002777,0.000103,0.059939,-0.023183,-0.001154,0.028369,0.999328
B,8.6000,R_IndexIntermediate,0.000000,0.000000,0.037518,0.148891,0.003273,-0.026319,0.988498
B,8.6000,R_IndexDistal,0.000000,0.000000,0.024042,0.020364,0.025691,-0.016548,0.999326
B,8.6000,R_IndexTip,0.000292,0.001014,0.022122,0.000000,0.000000,0.000000,1.000000
B,8.6000,R_LittleMetacarpal,0.022751,-0.009318,0.033706,0.018312,0.140343,-0.207036,0.968042
B,8.6000,R_LittleProximal,-0.000002,-0.000001,0.045158,-0.107869,0.027957,0.101423,0.988583
B,8.6000,R_LittleIntermediate,0.000000,0.000000,0.030389,0.233501,0.032152,-0.058195,0.970081
B,8.6000,R_LittleDistal,0.000000,0.000000,0.020092,0.050806,-0.049067,0.000902,0.997502
B,8.6000,R_LittleTip,-0.000244,0.001203,0.021686,0.000000,0.000000,0.000000,1.000000
B,8.6000,R_MiddleMetacarpal,-0.004485,-0.006534,0.032883,0.000000,0.000000,0.000000,1.000000
B,8.6000,R_MiddleProximal,0.002778,0.004018,0.061732,0.019328,0.075637,-0.006953,0.996924
B,8.6000,R_MiddleIntermediate,0.000000,0.000000,0.042464,0.144011,0.002692,-0.012051,0.989499
B,8.6000,R_MiddleDistal,0.000000,0.000000,0.027253,-0.001329,0.000611,-0.043495,0.999053
B,8.6000,R_MiddleTip,0.000305,0.001125,0.024696,0.000000,0.000000,0.000000,1.000000
B,8.6000,R_Palm,-0.003096,-0.004525,0.063749,0.000000,0.000000,0.000000,1.000000
B,8.6000,R_RingMetacarpal,0.014831,-0.005951,0.034400,0.000000,0.000000,0.000000,1.000000
B,8.6000,R_RingProximal,0.002446,-0.000508,0.053337,-0.034654,0.106710,-0.045171,0.992659
B,8.6000,R_RingIntermediate,0.000000,0.000000,0.038576,0.168161,-0.002698,-0.037261,0.985052
B,8.6000,R_RingDistal,0.000000,0.000000,0.026287,0.069814,-0.029558,-0.007917,0.997091
B,8.6000,R_RingTip,0.000255,0.001591,0.024064,0.000000,0.000000,0.000000,1.000000
B,8.6000,R_ThumbMetacarpal,-0.031721,-0.011787,0.032059,-0.106299,-0.470108,0.517716,0.706874
B,8.6000,R_ThumbProximal,0.000000,0.000000,0.032162,0.164426,0.055553,-0.082428,0.981368
B,8.6000,R_ThumbDistal,0.000000,0.000000,0.033429,-0.049519,-0.064324,0.083344,0.993209
B,8.6000,R_ThumbTip,0.000663,0.001016,0.024326,0.000000,0.000000,0.000000,1.000000
B,8.6667,R_Wrist,0.023872,1.354716,0.518042,-0.378687,-0.288904,-0.217114,0.852052
B,8.6667,R_IndexMetacarpal,-0.020520,-0.007341,0.035022,0.000000,0.000000,0.000000,1.000000
B,8.6667,R_IndexProximal,-0.002777,0.000103,0.059939,-0.023183,-0.001154,0.028368,0.999328
B,8.6667,R_IndexIntermediate,0.000000,0.000000,0.037518,0.148891,0.003273,-0.026319,0.988498
B,8.6667,R_IndexDistal,0.000000,0.000000,0.024042,0.020364,0.025691,-0.016548,0.999326
B,8.6667,R_IndexTip,0.000292,0.001014,0.022122,0.000000,0.000000,0.000000,1.000000
B,8.6667,R_LittleMetacarpal,0.022751,-0.009318,0.033706,0.018312,0.140343,-0.207036,0.968042
B,8.6667,R_LittleProximal,-0.000002,-0.000001,0.045158,-0.107869,0.027957,0.101423,0.988583
B,8.6667,R_LittleIntermediate,0.000000,0.000000,0.030389,0.233501,0.032152,-0.058195,0.970081
B,8.6667,R_LittleDistal,0.000000,0.000000,0.020092,0.050806,-0.049067,0.000902,0.997502
B,8.6667,R_LittleTip,-0.000244,0.001203,0.021686,0.000000,0.000000,0.000000,1.000000
B,8.6667,R_MiddleMetacarpal,-0.004485,-0.006534,0.032883,0.000000,0.000000,0.000000,1.000000
B,8.6667,R_MiddleProximal,0.002778,0.004018,0.061733,0.019328,0.075637,-0.006953,0.996924
B,8.6667,R_MiddleIntermediate,0.000000,0.000000,0.042464,0.144012,0.002692,-0.012051,0.989499
B,8.6667,R_MiddleDistal,0.000000,0.000000,0.027252,-0.001329,0.000611,-0.043495,0.999053
B,8.6667,R_MiddleTip,0.000305,0.001125,0.024696,0.000000,0.000000,0.000000,1.000000
B,8.6667,R_Palm,-0.003096,-0.004525,0.063749,0.000000,0.000000,0.000000,1.000000
B,8.6667,R_RingMetacarpal,0.014831,-0.005951,0.034400,0.000000,0.000000,0.000000,1.000000
B,8.6667,R_RingProximal,0.002446,-0.000508,0.053337,-0.034654,0.106710,-0.045171,0.992659
B,8.6667,R_RingIntermediate,0.000000,0.000000,0.038576,0.168161,-0.002698,-0.037261,0.985052
B,8.6667,R_RingDistal,0.000000,0.000000,0.026287,0.069814,-0.029558,-0.007917,0.997091
B,8.6667,R_RingTip,0.000255,0.001591,0.024064,0.000000,0.000000,0.000000,1.000000
B,8.6667,R_ThumbMetacarpal,-0.031721,-0.011787,0.032059,-0.106299,-0.470108,0.517716,0.706874
B,8.6667,R_ThumbProximal,0.000000,0.000000,0.032162,0.164426,0.055553,-0.082428,0.981368
B,8.6667,R_ThumbDistal,0.000000,0.000000,0.033429,-0.049519,-0.064324,0.083344,0.993209
B,8.6667,R_ThumbTip,0.000663,0.001016,0.024326,0.000000,0.000000,0.000000,1.000000
B,8.7333,R_Wrist,0.023872,1.354715,0.518042,-0.378687,-0.288904,-0.217114,0.852052
B,8.7333,R_IndexMetacarpal,-0.020520,-0.007341,0.035022,0.000000,0.000000,0.000000,1.000000
B,8.7333,R_IndexProximal,-0.002777,0.000103,0.059939,-0.023183,-0.001154,0.028368,0.999328
B,8.7333,R_IndexIntermediate,0.000000,0.000000,0.037518,0.148891,0.003273,-0.026319,0.988498
B,8.7333,R_IndexDistal,0.000000,0.000000,0.024042,0.020364,0.025691,-0.016548,0.999326
B,8.7333,R_IndexTip,0.000292,0.001014,0.022122,0.000000,0.000000,0.000000,1.000000
B,8.7333,R_LittleMetacarpal,0.022751,-0.009318,0.033706,0.018312,0.140343,-0.207036,0.968042
B,8.7333,R_LittleProximal,-0.000002,-0.000001,0.045158,-0.107869,0.027957,0.101423,0.988583
B,8.7333,R_LittleIntermediate,0.000000,0.000000,0.030389,0.233501,0.032152,-0.058195,0.970081
B,8.7333,R_LittleDistal,0.000000,0.000000,0.020092,0.050806,-0.049067,0.000902,0.997502
B,8.7333,R_LittleTip,-0.000244,0.001203,0.021686,0.000000,0.000000,0.000000,1.000000
B,8.7333,R_MiddleMetacarpal,-0.004485,-0.006534,0.032883,0.000000,0.000000,0.000000,1.000000
B,8.7333,R_MiddleProximal,0.002778,0.004018,0.061733,0.019328,0.075637,-0.006953,0.996924
B,8.7333,R_MiddleIntermediate,0.000000,0.000000,0.042464,0.144011,0.002692,-0.012051,0.989499
B,8.7333,R_MiddleDistal,0.000000,0.000000,0.027253,-0.001329,0.000611,-0.043495,0.999053
B,8.7333,R_MiddleTip,0.000305,0.001125,0.024696,0.000000,0.000000,0.000000,1.000000
B,8.7333,R_Palm,-0.003096,-0.004525,0.063749,0.000000,0.000000,0.000000,1.000000
B,8.7333,R_RingMetacarpal,0.014831,-0.005951,0.034401,0.000000,0.000000,0.000000,1.000000
B,8.7333,R_RingProximal,0.002446,-0.000508,0.053337,-0.034654,0.106710,-0.045171,0.992659
B,8.7333,R_RingIntermediate,0.000000,0.000000,0.038576,0.168161,-0.002698,-0.037261,0.985052
B,8.7333,R_RingDistal,0.000000,0.000000,0.026287,0.069814,-0.029558,-0.007917,0.997091
B,8.7333,R_RingTip,0.000255,0.001591,0.024064,0.000000,0.000000,0.000000,1.000000
B,8.7333,R_ThumbMetacarpal,-0.031721,-0.011787,0.032059,-0.106299,-0.470108,0.517716,0.706874
B,8.7333,R_ThumbProximal,0.000000,0.000000,0.032162,0.164426,0.055554,-0.082428,0.981368
B,8.7333,R_ThumbDistal,0.000000,0.000000,0.033429,-0.049519,-0.064324,0.083344,0.993209
B,8.7333,R_ThumbTip,0.000663,0.001016,0.024326,0.000000,0.000000,0.000000,1.000000
B,8.8000,R_Wrist,0.023872,1.354714,0.518042,-0.378687,-0.288904,-0.217114,0.852052
B,8.8000,R_IndexMetacarpal,-0.020520,-0.007341,0.035022,0.000000,0.000000,0.000000,1.000000
B,8.8000,R_IndexProximal,-0.002777,0.000103,0.059939,-0.023183,-0.001154,0.028369,0.999328
B,8.8000,R_IndexIntermediate,0.000000,0.000000,0.037518,0.148891,0.003273,-0.026319,0.988498
B,8.8000,R_IndexDistal,0.000000,0.000000,0.024042,0.020364,0.025691,-0.016548,0.999326
B,8.8000,R_IndexTip,0.000292,0.001014,0.022122,0.000000,0.000000,0.000000,1.000000
B,8.8000,R_LittleMetacarpal,0.022751,-0.009318,0.033706,0.018312,0.140343,-0.207036,0.968042
B,8.8000,R_LittleProximal,-0.000002,-0.000001,0.045158,-0.107869,0.027957,0.101423,0.988583
B,8.8000,R_LittleIntermediate,0.000000,0.000000,0.030389,0.233501,0.032152,-0.058195,0.970081
B,8.8000,R_LittleDistal,0.000000,0.000000,0.020092,0.050806,-0.049067,0.000902,0.997502
B,8.8000,R_LittleTip,-0.000244,0.001203,0.021686,0.000000,0.000000,0.000000,1.000000
B,8.8000,R_MiddleMetacarpal,-0.004485,-0.006534,0.032883,0.000000,0.000000,0.000000,1.000000
B,8.8000,R_MiddleProximal,0.002778,0.004018,0.061733,0.019328,0.075637,-0.006953,0.996924
B,8.8000,R_MiddleIntermediate,0.000000,0.000000,0.042464,0.144011,0.002692,-0.012051,0.989499
B,8.8000,R_MiddleDistal,0.000000,0.000000,0.027253,-0.001329,0.000611,-0.043495,0.999053
B,8.8000,R_MiddleTip,0.000305,0.001125,0.024696,0.000000,0.000000,0.000000,1.000000
B,8.8000,R_Palm,-0.003096,-0.004525,0.063749,0.000000,0.000000,0.000000,1.000000
B,8.8000,R_RingMetacarpal,0.014831,-0.005951,0.034401,0.000000,0.000000,0.000000,1.000000
B,8.8000,R_RingProximal,0.002446,-0.000508,0.053337,-0.034654,0.106710,-0.045171,0.992659
B,8.8000,R_RingIntermediate,0.000000,0.000000,0.038576,0.168161,-0.002698,-0.037261,0.985052
B,8.8000,R_RingDistal,0.000000,0.000000,0.026287,0.069814,-0.029558,-0.007917,0.997091
B,8.8000,R_RingTip,0.000255,0.001591,0.024064,0.000000,0.000000,0.000000,1.000000
B,8.8000,R_ThumbMetacarpal,-0.031721,-0.011787,0.032059,-0.106299,-0.470108,0.517716,0.706874
B,8.8000,R_ThumbProximal,0.000000,0.000000,0.032162,0.164426,0.055554,-0.082428,0.981368
B,8.8000,R_ThumbDistal,0.000000,0.000000,0.033429,-0.049519,-0.064324,0.083344,0.993209
B,8.8000,R_ThumbTip,0.000663,0.001016,0.024326,0.000000,0.000000,0.000000,1.000000
B,8.8667,R_Wrist,0.023872,1.354713,0.518043,-0.378687,-0.288904,-0.217114,0.852052
B,8.8667,R_IndexMetacarpal,-0.020520,-0.007341,0.035022,0.000000,0.000000,0.000000,1.000000
B,8.8667,R_IndexProximal,-0.002777,0.000103,0.059939,-0.023183,-0.001154,0.028369,0.999328
B,8.8667,R_IndexIntermediate,0.000000,0.000000,0.037518,0.148891,0.003273,-0.026319,0.988498
B,8.8667,R_IndexDistal,0.000000,0.000000,0.024042,0.020364,0.025691,-0.016548,0.999326
B,8.8667,R_IndexTip,0.000292,0.001014,0.022122,0.000000,0.000000,0.000000,1.000000
B,8.8667,R_LittleMetacarpal,0.022751,-0.009318,0.033706,0.018312,0.140343,-0.207036,0.968042
B,8.8667,R_LittleProximal,-0.000002,-0.000001,0.045158,-0.107869,0.027957,0.101423,0.988583
B,8.8667,R_LittleIntermediate,0.000000,0.000000,0.030389,0.233501,0.032152,-0.058195,0.970081
B,8.8667,R_LittleDistal,0.000000,0.000000,0.020092,0.050806,-0.049067,0.000902,0.997502
B,8.8667,R_LittleTip,-0.000244,0.001203,0.021686,0.000000,0.000000,0.000000,1.000000
B,8.8667,R_MiddleMetacarpal,-0.004485,-0.006534,0.032883,0.000000,0.000000,0.000000,1.000000
B,8.8667,R_MiddleProximal,0.002778,0.004018,0.061733,0.019328,0.075637,-0.006953,0.996924
B,8.8667,R_MiddleIntermediate,0.000000,0.000000,0.042464,0.144011,0.002692,-0.012051,0.989499
B,8.8667,R_MiddleDistal,0.000000,0.000000,0.027253,-0.001329,0.000611,-0.043495,0.999053
B,8.8667,R_MiddleTip,0.000305,0.001125,0.024696,0.000000,0.000000,0.000000,1.000000
B,8.8667,R_Palm,-0.003096,-0.004525,0.063749,0.000000,0.000000,0.000000,1.000000
B,8.8667,R_RingMetacarpal,0.014831,-0.005951,0.034401,0.000000,0.000000,0.000000,1.000000
B,8.8667,R_RingProximal,0.002446,-0.000508,0.053337,-0.034654,0.106710,-0.045171,0.992659
B,8.8667,R_RingIntermediate,0.000000,0.000000,0.038576,0.168161,-0.002698,-0.037261,0.985052
B,8.8667,R_RingDistal,0.000000,0.000000,0.026287,0.069814,-0.029558,-0.007917,0.997091
B,8.8667,R_RingTip,0.000255,0.001591,0.024064,0.000000,0.000000,0.000000,1.000000
B,8.8667,R_ThumbMetacarpal,-0.031721,-0.011787,0.032059,-0.106299,-0.470108,0.517716,0.706874
B,8.8667,R_ThumbProximal,0.000000,0.000000,0.032162,0.164426,0.055553,-0.082428,0.981368
B,8.8667,R_ThumbDistal,0.000000,0.000000,0.033429,-0.049519,-0.064324,0.083344,0.993209
B,8.8667,R_ThumbTip,0.000663,0.001016,0.024326,0.000000,0.000000,0.000000,1.000000
B,8.9333,R_Wrist,0.023872,1.354712,0.518043,-0.378687,-0.288904,-0.217114,0.852052
B,8.9333,R_IndexMetacarpal,-0.020520,-0.007341,0.035022,0.000000,0.000000,0.000000,1.000000
B,8.9333,R_IndexProximal,-0.002777,0.000103,0.059939,-0.023183,-0.001154,0.028369,0.999328
B,8.9333,R_IndexIntermediate,0.000000,0.000000,0.037518,0.148891,0.003273,-0.026319,0.988498
B,8.9333,R_IndexDistal,0.000000,0.000000,0.024042,0.020364,0.025691,-0.016548,0.999326
B,8.9333,R_IndexTip,0.000292,0.001014,0.022122,0.000000,0.000000,0.000000,1.000000
B,8.9333,R_LittleMetacarpal,0.022751,-0.009318,0.033706,0.018312,0.140343,-0.207036,0.968042
B,8.9333,R_LittleProximal,-0.000002,-0.000001,0.045158,-0.107869,0.027957,0.101423,0.988583
B,8.9333,R_LittleIntermediate,0.000000,0.000000,0.030389,0.233501,0.032152,-0.058195,0.970081
B,8.9333,R_LittleDistal,0.000000,0.000000,0.020092,0.050806,-0.049067,0.000902,0.997502
B,8.9333,R_LittleTip,-0.000244,0.001203,0.021686,0.000000,0.000000,0.000000,1.000000
B,8.9333,R_MiddleMetacarpal,-0.004485,-0.006534,0.032883,0.000000,0.000000,0.000000,1.000000
B,8.9333,R_MiddleProximal,0.002778,0.004018,0.061733,0.019328,0.075637,-0.006953,0.996924
B,8.9333,R_MiddleIntermediate,0.000000,0.000000,0.042464,0.144012,0.002692,-0.012051,0.989499
B,8.9333,R_MiddleDistal,0.000000,0.000000,0.027253,-0.001329,0.000611,-0.043495,0.999053
B,8.9333,R_MiddleTip,0.000305,0.001125,0.024696,0.000000,0.000000,0.000000,1.000000
B,8.9333,R_Palm,-0.003096,-0.004525,0.063749,0.000000,0.000000,0.000000,1.000000
B,8.9333,R_RingMetacarpal,0.014831,-0.005951,0.034401,0.000000,0.000000,0.000000,1.000000
B,8.9333,R_RingProximal,0.002446,-0.000508,0.053337,-0.034654,0.106710,-0.045171,0.992659
B,8.9333,R_RingIntermediate,0.000000,0.000000,0.038576,0.168161,-0.002698,-0.037261,0.985052
B,8.9333,R_RingDistal,0.000000,0.000000,0.026287,0.069814,-0.029557,-0.007917,0.997091
B,8.9333,R_RingTip,0.000255,0.001591,0.024064,0.000000,0.000000,0.000000,1.000000
B,8.9333,R_ThumbMetacarpal,-0.031721,-0.011787,0.032059,-0.106299,-0.470108,0.517716,0.706874
B,8.9333,R_ThumbProximal,0.000000,0.000000,0.032162,0.164426,0.055553,-0.082428,0.981368
B,8.9333,R_ThumbDistal,0.000000,0.000000,0.033429,-0.049519,-0.064324,0.083344,0.993209
B,8.9333,R_ThumbTip,0.000663,0.001016,0.024326,0.000000,0.000000,0.000000,1.000000
B,9.0000,R_Wrist,0.023872,1.354711,0.518043,-0.378687,-0.288904,-0.217114,0.852052
B,9.0000,R_IndexMetacarpal,-0.020520,-0.007341,0.035022,0.000000,0.000000,0.000000,1.000000
B,9.0000,R_IndexProximal,-0.002777,0.000103,0.059940,-0.023183,-0.001154,0.028369,0.999328
B,9.0000,R_IndexIntermediate,0.000000,0.000000,0.037518,0.148891,0.003273,-0.026319,0.988498
B,9.0000,R_IndexDistal,0.000000,0.000000,0.024042,0.020364,0.025691,-0.016548,0.999326
B,9.0000,R_IndexTip,0.000292,0.001014,0.022122,0.000000,0.000000,0.000000,1.000000
B,9.0000,R_LittleMetacarpal,0.022751,-0.009318,0.033706,0.018312,0.140343,-0.207036,0.968042
B,9.0000,R_LittleProximal,-0.000002,-0.000001,0.045158,-0.107869,0.027957,0.101423,0.988583
B,9.0000,R_LittleIntermediate,0.000000,0.000000,0.030389,0.233501,0.032152,-0.058195,0.970081
B,9.0000,R_LittleDistal,0.000000,0.000000,0.020092,0.050806,-0.049067,0.000902,0.997502
B,9.0000,R_LittleTip,-0.000244,0.001203,0.021686,0.000000,0.000000,0.000000,1.000000
B,9.0000,R_MiddleMetacarpal,-0.004485,-0.006534,0.032883,0.000000,0.000000,0.000000,1.000000
B,9.0000,R_MiddleProximal,0.002778,0.004019,0.061733,0.019328,0.075637,-0.006953,0.996924
B,9.0000,R_MiddleIntermediate,0.000000,0.000000,0.042464,0.144012,0.002692,-0.012051,0.989499
B,9.0000,R_MiddleDistal,0.000000,0.000000,0.027253,-0.001329,0.000611,-0.043495,0.999053
B,9.0000,R_MiddleTip,0.000305,0.001125,0.024696,0.000000,0.000000,0.000000,1.000000
B,9.0000,R_Palm,-0.003096,-0.004525,0.063749,0.000000,0.000000,0.000000,1.000000
B,9.0000,R_RingMetacarpal,0.014831,-0.005951,0.034401,0.000000,0.000000,0.000000,1.000000
B,9.0000,R_RingProximal,0.002446,-0.000508,0.053337,-0.034654,0.106710,-0.045171,0.992659
B,9.0000,R_RingIntermediate,0.000000,0.000000,0.038576,0.168161,-0.002698,-0.037261,0.985052
B,9.0000,R_RingDistal,0.000000,0.000000,0.026287,0.069814,-0.029557,-0.007917,0.997091
B,9.0000,R_RingTip,0.000255,0.001591,0.024064,0.000000,0.000000,0.000000,1.000000
B,9.0000,R_ThumbMetacarpal,-0.031721,-0.011787,0.032059,-0.106299,-0.470108,0.517716,0.706874
B,9.0000,R_ThumbProximal,0.000000,0.000000,0.032162,0.164426,0.055553,-0.082428,0.981368
B,9.0000,R_ThumbDistal,0.000000,0.000000,0.033429,-0.049519,-0.064324,0.083344,0.993209
B,9.0000,R_ThumbTip,0.000663,0.001016,0.024326,0.000000,0.000000,0.000000,1.000000
B,9.0667,R_Wrist,0.023872,1.354709,0.518043,-0.378687,-0.288904,-0.217114,0.852052
B,9.0667,R_IndexMetacarpal,-0.020520,-0.007341,0.035022,0.000000,0.000000,0.000000,1.000000
B,9.0667,R_IndexProximal,-0.002777,0.000103,0.059940,-0.023183,-0.001154,0.028369,0.999328
B,9.0667,R_IndexIntermediate,0.000000,0.000000,0.037518,0.148891,0.003273,-0.026319,0.988498
B,9.0667,R_IndexDistal,0.000000,0.000000,0.024042,0.020364,0.025691,-0.016548,0.999326
B,9.0667,R_IndexTip,0.000292,0.001014,0.022122,0.000000,0.000000,0.000000,1.000000
B,9.0667,R_LittleMetacarpal,0.022751,-0.009318,0.033706,0.018312,0.140343,-0.207036,0.968042
B,9.0667,R_LittleProximal,-0.000002,-0.000001,0.045158,-0.107869,0.027957,0.101423,0.988583
B,9.0667,R_LittleIntermediate,0.000000,0.000000,0.030389,0.233501,0.032152,-0.058195,0.970081
B,9.0667,R_LittleDistal,0.000000,0.000000,0.020092,0.050806,-0.049067,0.000902,0.997502
B,9.0667,R_LittleTip,-0.000244,0.001203,0.021686,0.000000,0.000000,0.000000,1.000000
B,9.0667,R_MiddleMetacarpal,-0.004485,-0.006534,0.032883,0.000000,0.000000,0.000000,1.000000
B,9.0667,R_MiddleProximal,0.002778,0.004018,0.061733,0.019328,0.075637,-0.006953,0.996924
B,9.0667,R_MiddleIntermediate,0.000000,0.000000,0.042464,0.144011,0.002692,-0.012051,0.989499
B,9.0667,R_MiddleDistal,0.000000,0.000000,0.027253,-0.001329,0.000611,-0.043495,0.999053
B,9.0667,R_MiddleTip,0.000305,0.001125,0.024696,0.000000,0.000000,0.000000,1.000000
B,9.0667,R_Palm,-0.003096,-0.004525,0.063749,0.000000,0.000000,0.000000,1.000000
B,9.0667,R_RingMetacarpal,0.014831,-0.005951,0.034401,0.000000,0.000000,0.000000,1.000000
B,9.0667,R_RingProximal,0.002446,-0.000508,0.053337,-0.034654,0.106710,-0.045171,0.992659
B,9.0667,R_RingIntermediate,0.000000,0.000000,0.038576,0.168161,-0.002698,-0.037261,0.985052
B,9.0667,R_RingDistal,0.000000,0.000000,0.026287,0.069814,-0.029558,-0.007917,0.997091
B,9.0667,R_RingTip,0.000255,0.001591,0.024064,0.000000,0.000000,0.000000,1.000000
B,9.0667,R_ThumbMetacarpal,-0.031721,-0.011787,0.032059,-0.106299,-0.470108,0.517716,0.706874
B,9.0667,R_ThumbProximal,0.000000,0.000000,0.032162,0.164426,0.055553,-0.082428,0.981368
B,9.0667,R_ThumbDistal,0.000000,0.000000,0.033429,-0.049519,-0.064324,0.083344,0.993209
B,9.0667,R_ThumbTip,0.000663,0.001016,0.024326,0.000000,0.000000,0.000000,1.000000
B,9.1333,R_Wrist,0.023872,1.354708,0.518044,-0.378687,-0.288904,-0.217114,0.852052
B,9.1333,R_IndexMetacarpal,-0.020520,-0.007341,0.035022,0.000000,0.000000,0.000000,1.000000
B,9.1333,R_IndexProximal,-0.002777,0.000103,0.059940,-0.023183,-0.001154,0.028369,0.999328
B,9.1333,R_IndexIntermediate,0.000000,0.000000,0.037518,0.148891,0.003273,-0.026319,0.988498
B,9.1333,R_IndexDistal,0.000000,0.000000,0.024042,0.020364,0.025691,-0.016548,0.999326
B,9.1333,R_IndexTip,0.000292,0.001014,0.022122,0.000000,0.000000,0.000000,1.000000
B,9.1333,R_LittleMetacarpal,0.022751,-0.009318,0.033706,0.018312,0.140343,-0.207036,0.968042
B,9.1333,R_LittleProximal,-0.000002,-0.000001,0.045158,-0.107869,0.027957,0.101423,0.988583
B,9.1333,R_LittleIntermediate,0.000000,0.000000,0.030389,0.233501,0.032152,-0.058195,0.970081
B,9.1333,R_LittleDistal,0.000000,0.000000,0.020092,0.050806,-0.049067,0.000902,0.997502
B,9.1333,R_LittleTip,-0.000244,0.001203,0.021686,0.000000,0.000000,0.000000,1.000000
B,9.1333,R_MiddleMetacarpal,-0.004485,-0.006534,0.032883,0.000000,0.000000,0.000000,1.000000
B,9.1333,R_MiddleProximal,0.002778,0.004018,0.061733,0.019328,0.075637,-0.006953,0.996924
B,9.1333,R_MiddleIntermediate,0.000000,0.000000,0.042464,0.144012,0.002692,-0.012051,0.989499
B,9.1333,R_MiddleDistal,0.000000,0.000000,0.027253,-0.001329,0.000611,-0.043495,0.999053
B,9.1333,R_MiddleTip,0.000305,0.001125,0.024696,0.000000,0.000000,0.000000,1.000000
B,9.1333,R_Palm,-0.003096,-0.004525,0.063749,0.000000,0.000000,0.000000,1.000000
B,9.1333,R_RingMetacarpal,0.014831,-0.005951,0.034401,0.000000,0.000000,0.000000,1.000000
B,9.1333,R_RingProximal,0.002446,-0.000508,0.053337,-0.034654,0.106710,-0.045171,0.992659
B,9.1333,R_RingIntermediate,0.000000,0.000000,0.038576,0.168161,-0.002698,-0.037261,0.985052
B,9.1333,R_RingDistal,0.000000,0.000000,0.026287,0.069814,-0.029558,-0.007917,0.997091
B,9.1333,R_RingTip,0.000255,0.001591,0.024064,0.000000,0.000000,0.000000,1.000000
B,9.1333,R_ThumbMetacarpal,-0.031721,-0.011787,0.032059,-0.106299,-0.470108,0.517716,0.706874
B,9.1333,R_ThumbProximal,0.000000,0.000000,0.032162,0.164426,0.055553,-0.082428,0.981368
B,9.1333,R_ThumbDistal,0.000000,0.000000,0.033429,-0.049519,-0.064324,0.083344,0.993209
B,9.1333,R_ThumbTip,0.000663,0.001016,0.024326,0.000000,0.000000,0.000000,1.000000
B,9.2000,R_Wrist,0.023873,1.354707,0.518044,-0.378687,-0.288904,-0.217114,0.852052
B,9.2000,R_IndexMetacarpal,-0.020520,-0.007341,0.035022,0.000000,0.000000,0.000000,1.000000
B,9.2000,R_IndexProximal,-0.002777,0.000103,0.059940,-0.023183,-0.001154,0.028369,0.999328
B,9.2000,R_IndexIntermediate,0.000000,0.000000,0.037519,0.148891,0.003273,-0.026319,0.988498
B,9.2000,R_IndexDistal,0.000000,0.000000,0.024042,0.020364,0.025691,-0.016548,0.999326
B,9.2000,R_IndexTip,0.000292,0.001014,0.022122,0.000000,0.000000,0.000000,1.000000
B,9.2000,R_LittleMetacarpal,0.022751,-0.009318,0.033706,0.018312,0.140343,-0.207036,0.968042
B,9.2000,R_LittleProximal,-0.000002,-0.000001,0.045158,-0.107869,0.027957,0.101423,0.988583
B,9.2000,R_LittleIntermediate,0.000000,0.000000,0.030389,0.233501,0.032152,-0.058195,0.970081
B,9.2000,R_LittleDistal,0.000000,0.000000,0.020092,0.050806,-0.049067,0.000902,0.997502
B,9.2000,R_LittleTip,-0.000244,0.001203,0.021686,0.000000,0.000000,0.000000,1.000000
B,9.2000,R_MiddleMetacarpal,-0.004485,-0.006534,0.032883,0.000000,0.000000,0.000000,1.000000
B,9.2000,R_MiddleProximal,0.002778,0.004018,0.061733,0.019328,0.075637,-0.006953,0.996924
B,9.2000,R_MiddleIntermediate,0.000000,0.000000,0.042464,0.144012,0.002692,-0.012051,0.989499
B,9.2000,R_MiddleDistal,0.000000,0.000000,0.027253,-0.001329,0.000611,-0.043495,0.999053
B,9.2000,R_MiddleTip,0.000305,0.001125,0.024696,0.000000,0.000000,0.000000,1.000000
B,9.2000,R_Palm,-0.003096,-0.004525,0.063749,0.000000,0.000000,0.000000,1.000000
B,9.2000,R_RingMetacarpal,0.014831,-0.005951,0.034401,0.000000,0.000000,0.000000,1.000000
B,9.2000,R_RingProximal,0.002446,-0.000508,0.053337,-0.034654,0.106710,-0.045171,0.992659
B,9.2000,R_RingIntermediate,0.000000,0.000000,0.038576,0.168161,-0.002698,-0.037261,0.985052
B,9.2000,R_RingDistal,0.000000,0.000000,0.026287,0.069814,-0.029558,-0.007917,0.997091
B,9.2000,R_RingTip,0.000255,0.001591,0.024064,0.000000,0.000000,0.000000,1.000000
B,9.2000,R_ThumbMetacarpal,-0.031721,-0.011787,0.032059,-0.106299,-0.470108,0.517716,0.706874
B,9.2000,R_ThumbProximal,0.000000,0.000000,0.032163,0.164426,0.055554,-0.082428,0.981368
B,9.2000,R_ThumbDistal,0.000000,0.000000,0.033429,-0.049519,-0.064324,0.083344,0.993209
B,9.2000,R_ThumbTip,0.000663,0.001016,0.024326,0.000000,0.000000,0.000000,1.000000
B,9.2667,R_Wrist,0.023873,1.354706,0.518044,-0.378687,-0.288904,-0.217114,0.852052
B,9.2667,R_IndexMetacarpal,-0.020520,-0.007341,0.035022,0.000000,0.000000,0.000000,1.000000
B,9.2667,R_IndexProximal,-0.002777,0.000103,0.059940,-0.023183,-0.001154,0.028369,0.999328
B,9.2667,R_IndexIntermediate,0.000000,0.000000,0.037519,0.148891,0.003273,-0.026319,0.988498
B,9.2667,R_IndexDistal,0.000000,0.000000,0.024042,0.020364,0.025691,-0.016548,0.999326
B,9.2667,R_IndexTip,0.000292,0.001014,0.022122,0.000000,0.000000,0.000000,1.000000
B,9.2667,R_LittleMetacarpal,0.022751,-0.009318,0.033706,0.018312,0.140343,-0.207036,0.968042
B,9.2667,R_LittleProximal,-0.000002,-0.000001,0.045159,-0.107869,0.027957,0.101423,0.988583
B,9.2667,R_LittleIntermediate,0.000000,0.000000,0.030389,0.233501,0.032152,-0.058195,0.970081
B,9.2667,R_LittleDistal,0.000000,0.000000,0.020092,0.050806,-0.049067,0.000902,0.997502
B,9.2667,R_LittleTip,-0.000244,0.001203,0.021686,0.000000,0.000000,0.000000,1.000000
B,9.2667,R_MiddleMetacarpal,-0.004485,-0.006534,0.032883,0.000000,0.000000,0.000000,1.000000
B,9.2667,R_MiddleProximal,0.002778,0.004018,0.061733,0.019328,0.075637,-0.006953,0.996924
B,9.2667,R_MiddleIntermediate,0.000000,0.000000,0.042464,0.144011,0.002692,-0.012051,0.989499
B,9.2667,R_MiddleDistal,0.000000,0.000000,0.027253,-0.001329,0.000611,-0.043495,0.999053
B,9.2667,R_MiddleTip,0.000305,0.001125,0.024696,0.000000,0.000000,0.000000,1.000000
B,9.2667,R_Palm,-0.003096,-0.004525,0.063749,0.000000,0.000000,0.000000,1.000000
B,9.2667,R_RingMetacarpal,0.014831,-0.005951,0.034401,0.000000,0.000000,0.000000,1.000000
B,9.2667,R_RingProximal,0.002446,-0.000508,0.053337,-0.034654,0.106710,-0.045171,0.992659
B,9.2667,R_RingIntermediate,0.000000,0.000000,0.038576,0.168161,-0.002698,-0.037261,0.985052
B,9.2667,R_RingDistal,0.000000,0.000000,0.026287,0.069814,-0.029558,-0.007917,0.997091
B,9.2667,R_RingTip,0.000255,0.001591,0.024064,0.000000,0.000000,0.000000,1.000000
B,9.2667,R_ThumbMetacarpal,-0.031721,-0.011787,0.032059,-0.106299,-0.470108,0.517716,0.706874
B,9.2667,R_ThumbProximal,0.000000,0.000000,0.032163,0.164426,0.055554,-0.082428,0.981368
B,9.2667,R_ThumbDistal,0.000000,0.000000,0.033429,-0.049519,-0.064324,0.083344,0.993209
B,9.2667,R_ThumbTip,0.000663,0.001016,0.024326,0.000000,0.000000,0.000000,1.000000
B,9.3333,R_Wrist,0.023873,1.354705,0.518044,-0.378687,-0.288904,-0.217114,0.852052
B,9.3333,R_IndexMetacarpal,-0.020520,-0.007341,0.035022,0.000000,0.000000,0.000000,1.000000
B,9.3333,R_IndexProximal,-0.002777,0.000103,0.059940,-0.023183,-0.001154,0.028369,0.999328
B,9.3333,R_IndexIntermediate,0.000000,0.000000,0.037519,0.148891,0.003273,-0.026319,0.988498
B,9.3333,R_IndexDistal,0.000000,0.000000,0.024042,0.020364,0.025691,-0.016548,0.999326
B,9.3333,R_IndexTip,0.000292,0.001014,0.022122,0.000000,0.000000,0.000000,1.000000
B,9.3333,R_LittleMetacarpal,0.022751,-0.009318,0.033706,0.018312,0.140343,-0.207036,0.968042
B,9.3333,R_LittleProximal,-0.000002,-0.000001,0.045159,-0.107869,0.027957,0.101423,0.988583
B,9.3333,R_LittleIntermediate,0.000000,0.000000,0.030389,0.233501,0.032152,-0.058195,0.970081
B,9.3333,R_LittleDistal,0.000000,0.000000,0.020093,0.050806,-0.049067,0.000902,0.997502
B,9.3333,R_LittleTip,-0.000244,0.001203,0.021686,0.000000,0.000000,0.000000,1.000000
B,9.3333,R_MiddleMetacarpal,-0.004485,-0.006534,0.032883,0.000000,0.000000,0.000000,1.000000
B,9.3333,R_MiddleProximal,0.002778,0.004018,0.061733,0.019328,0.075637,-0.006953,0.996924
B,9.3333,R_MiddleIntermediate,0.000000,0.000000,0.042464,0.144012,0.002692,-0.012051,0.989499
B,9.3333,R_MiddleDistal,0.000000,0.000000,0.027253,-0.001329,0.000611,-0.043495,0.999053
B,9.3333,R_MiddleTip,0.000305,0.001125,0.024696,0.000000,0.000000,0.000000,1.000000
B,9.3333,R_Palm,-0.003096,-0.004525,0.063749,0.000000,0.000000,0.000000,1.000000
B,9.3333,R_RingMetacarpal,0.014831,-0.005951,0.034401,0.000000,0.000000,0.000000,1.000000
B,9.3333,R_RingProximal,0.002446,-0.000508,0.053337,-0.034654,0.106710,-0.045171,0.992659
B,9.3333,R_RingIntermediate,0.000000,0.000000,0.038576,0.168161,-0.002698,-0.037261,0.985052
B,9.3333,R_RingDistal,0.000000,0.000000,0.026287,0.069814,-0.029558,-0.007917,0.997091
B,9.3333,R_RingTip,0.000255,0.001591,0.024064,0.000000,0.000000,0.000000,1.000000
B,9.3333,R_ThumbMetacarpal,-0.031721,-0.011787,0.032059,-0.106299,-0.470108,0.517716,0.706874
B,9.3333,R_ThumbProximal,0.000000,0.000000,0.032163,0.164426,0.055554,-0.082428,0.981368
B,9.3333,R_ThumbDistal,0.000000,0.000000,0.033429,-0.049519,-0.064324,0.083344,0.993209
B,9.3333,R_ThumbTip,0.000663,0.001016,0.024326,0.000000,0.000000,0.000000,1.000000
B,9.4000,R_Wrist,0.023873,1.354704,0.518045,-0.378687,-0.288904,-0.217114,0.852052
B,9.4000,R_IndexMetacarpal,-0.020520,-0.007341,0.035022,0.000000,0.000000,0.000000,1.000000
B,9.4000,R_IndexProximal,-0.002777,0.000103,0.059940,-0.023183,-0.001154,0.028369,0.999328
B,9.4000,R_IndexIntermediate,0.000000,0.000000,0.037519,0.148891,0.003273,-0.026319,0.988498
B,9.4000,R_IndexDistal,0.000000,0.000000,0.024042,0.020364,0.025691,-0.016548,0.999326
B,9.4000,R_IndexTip,0.000292,0.001014,0.022122,0.000000,0.000000,0.000000,1.000000
B,9.4000,R_LittleMetacarpal,0.022751,-0.009318,0.033706,0.018312,0.140343,-0.207036,0.968042
B,9.4000,R_LittleProximal,-0.000002,-0.000001,0.045158,-0.107869,0.027957,0.101423,0.988583
B,9.4000,R_LittleIntermediate,0.000000,0.000000,0.030389,0.233501,0.032152,-0.058195,0.970081
B,9.4000,R_LittleDistal,0.000000,0.000000,0.020093,0.050806,-0.049067,0.000902,0.997502
B,9.4000,R_LittleTip,-0.000244,0.001203,0.021686,0.000000,0.000000,0.000000,1.000000
B,9.4000,R_MiddleMetacarpal,-0.004485,-0.006534,0.032883,0.000000,0.000000,0.000000,1.000000
B,9.4000,R_MiddleProximal,0.002778,0.004018,0.061733,0.019328,0.075637,-0.006953,0.996924
B,9.4000,R_MiddleIntermediate,0.000000,0.000000,0.042464,0.144011,0.002692,-0.012051,0.989499
B,9.4000,R_MiddleDistal,0.000000,0.000000,0.027253,-0.001329,0.000611,-0.043495,0.999053
B,9.4000,R_MiddleTip,0.000305,0.001125,0.024696,0.000000,0.000000,0.000000,1.000000
B,9.4000,R_Palm,-0.003096,-0.004525,0.063749,0.000000,0.000000,0.000000,1.000000
B,9.4000,R_RingMetacarpal,0.014831,-0.005951,0.034401,0.000000,0.000000,0.000000,1.000000
B,9.4000,R_RingProximal,0.002446,-0.000508,0.053337,-0.034654,0.106710,-0.045171,0.992659
B,9.4000,R_RingIntermediate,0.000000,0.000000,0.038576,0.168161,-0.002698,-0.037261,0.985052
B,9.4000,R_RingDistal,0.000000,0.000000,0.026287,0.069814,-0.029558,-0.007917,0.997091
B,9.4000,R_RingTip,0.000255,0.001591,0.024064,0.000000,0.000000,0.000000,1.000000
B,9.4000,R_ThumbMetacarpal,-0.031721,-0.011787,0.032059,-0.106299,-0.470108,0.517716,0.706874
B,9.4000,R_ThumbProximal,0.000000,0.000000,0.032163,0.164426,0.055553,-0.082428,0.981368
B,9.4000,R_ThumbDistal,0.000000,0.000000,0.033429,-0.049519,-0.064324,0.083344,0.993209
B,9.4000,R_ThumbTip,0.000663,0.001016,0.024326,0.000000,0.000000,0.000000,1.000000
B,9.4667,R_Wrist,0.023873,1.354703,0.518045,-0.378687,-0.288904,-0.217114,0.852052
B,9.4667,R_IndexMetacarpal,-0.020520,-0.007341,0.035022,0.000000,0.000000,0.000000,1.000000
B,9.4667,R_IndexProximal,-0.002777,0.000103,0.059940,-0.023183,-0.001154,0.028369,0.999328
B,9.4667,R_IndexIntermediate,0.000000,0.000000,0.037519,0.148891,0.003273,-0.026319,0.988498
B,9.4667,R_IndexDistal,0.000000,0.000000,0.024042,0.020364,0.025691,-0.016548,0.999326
B,9.4667,R_IndexTip,0.000292,0.001014,0.022122,0.000000,0.000000,0.000000,1.000000
B,9.4667,R_LittleMetacarpal,0.022751,-0.009318,0.033706,0.018312,0.140343,-0.207036,0.968042
B,9.4667,R_LittleProximal,-0.000002,-0.000001,0.045159,-0.107869,0.027957,0.101423,0.988583
B,9.4667,R_LittleIntermediate,0.000000,0.000000,0.030389,0.233501,0.032152,-0.058195,0.970081
B,9.4667,R_LittleDistal,0.000000,0.000000,0.020093,0.050806,-0.049067,0.000902,0.997502
B,9.4667,R_LittleTip,-0.000244,0.001203,0.021686,0.000000,0.000000,0.000000,1.000000
B,9.4667,R_MiddleMetacarpal,-0.004485,-0.006534,0.032883,0.000000,0.000000,0.000000,1.000000
B,9.4667,R_MiddleProximal,0.002778,0.004018,0.061733,0.019328,0.075637,-0.006953,0.996924
B,9.4667,R_MiddleIntermediate,0.000000,0.000000,0.042464,0.144012,0.002692,-0.012051,0.989499
B,9.4667,R_MiddleDistal,0.000000,0.000000,0.027253,-0.001329,0.000611,-0.043495,0.999053
B,9.4667,R_MiddleTip,0.000305,0.001125,0.024696,0.000000,0.000000,0.000000,1.000000
B,9.4667,R_Palm,-0.003096,-0.004525,0.063749,0.000000,0.000000,0.000000,1.000000
B,9.4667,R_RingMetacarpal,0.014831,-0.005951,0.034401,0.000000,0.000000,0.000000,1.000000
B,9.4667,R_RingProximal,0.002446,-0.000508,0.053337,-0.034654,0.106710,-0.045171,0.992659
B,9.4667,R_RingIntermediate,0.000000,0.000000,0.038576,0.168161,-0.002698,-0.037261,0.985052
B,9.4667,R_RingDistal,0.000000,0.000000,0.026287,0.069814,-0.029558,-0.007917,0.997091
B,9.4667,R_RingTip,0.000255,0.001591,0.024064,0.000000,0.000000,0.000000,1.000000
B,9.4667,R_ThumbMetacarpal,-0.031721,-0.011787,0.032059,-0.106299,-0.470108,0.517716,0.706874
B,9.4667,R_ThumbProximal,0.000000,0.000000,0.032163,0.164426,0.055554,-0.082428,0.981368
B,9.4667,R_ThumbDistal,0.000000,0.000000,0.033429,-0.049519,-0.064324,0.083344,0.993209
B,9.4667,R_ThumbTip,0.000663,0.001016,0.024326,0.000000,0.000000,0.000000,1.000000
B,9.5333,R_Wrist,0.023873,1.354702,0.518045,-0.378687,-0.288904,-0.217114,0.852052
B,9.5333,R_IndexMetacarpal,-0.020520,-0.007341,0.035022,0.000000,0.000000,0.000000,1.000000
B,9.5333,R_IndexProximal,-0.002777,0.000103,0.059940,-0.023183,-0.001154,0.028368,0.999328
B,9.5333,R_IndexIntermediate,0.000000,0.000000,0.037519,0.148891,0.003273,-0.026319,0.988498
B,9.5333,R_IndexDistal,0.000000,0.000000,0.024042,0.020364,0.025691,-0.016548,0.999326
B,9.5333,R_IndexTip,0.000292,0.001014,0.022122,0.000000,0.000000,0.000000,1.000000
B,9.5333,R_LittleMetacarpal,0.022751,-0.009318,0.033706,0.018312,0.140343,-0.207036,0.968042
B,9.5333,R_LittleProximal,-0.000002,-0.000001,0.045159,-0.107869,0.027957,0.101423,0.988583
B,9.5333,R_LittleIntermediate,0.000000,0.000000,0.030389,0.233501,0.032152,-0.058195,0.970081
B,9.5333,R_LittleDistal,0.000000,0.000000,0.020093,0.050806,-0.049067,0.000902,0.997502
B,9.5333,R_LittleTip,-0.000244,0.001203,0.021686,0.000000,0.000000,0.000000,1.000000
B,9.5333,R_MiddleMetacarpal,-0.004485,-0.006534,0.032883,0.000000,0.000000,0.000000,1.000000
B,9.5333,R_MiddleProximal,0.002778,0.004018,0.061733,0.019328,0.075637,-0.006953,0.996924
B,9.5333,R_MiddleIntermediate,0.000000,0.000000,0.042464,0.144011,0.002692,-0.012051,0.989499
B,9.5333,R_MiddleDistal,0.000000,0.000000,0.027253,-0.001329,0.000611,-0.043495,0.999053
B,9.5333,R_MiddleTip,0.000305,0.001125,0.024696,0.000000,0.000000,0.000000,1.000000
B,9.5333,R_Palm,-0.003096,-0.004525,0.063749,0.000000,0.000000,0.000000,1.000000
B,9.5333,R_RingMetacarpal,0.014831,-0.005951,0.034401,0.000000,0.000000,0.000000,1.000000
B,9.5333,R_RingProximal,0.002446,-0.000508,0.053337,-0.034654,0.106710,-0.045171,0.992659
B,9.5333,R_RingIntermediate,0.000000,0.000000,0.038576,0.168161,-0.002698,-0.037261,0.985052
B,9.5333,R_RingDistal,0.000000,0.000000,0.026287,0.069814,-0.029558,-0.007917,0.997091
B,9.5333,R_RingTip,0.000255,0.001591,0.024064,0.000000,0.000000,0.000000,1.000000
B,9.5333,R_ThumbMetacarpal,-0.031721,-0.011787,0.032059,-0.106299,-0.470108,0.517716,0.706874
B,9.5333,R_ThumbProximal,0.000000,0.000000,0.032163,0.164426,0.055554,-0.082428,0.981368
B,9.5333,R_ThumbDistal,0.000000,0.000000,0.033429,-0.049519,-0.064324,0.083344,0.993209
B,9.5333,R_ThumbTip,0.000663,0.001016,0.024326,0.000000,0.000000,0.000000,1.000000
B,9.6000,R_Wrist,0.023873,1.354701,0.518046,-0.378687,-0.288904,-0.217115,0.852052
B,9.6000,R_IndexMetacarpal,-0.020520,-0.007341,0.035022,0.000000,0.000000,0.000000,1.000000
B,9.6000,R_IndexProximal,-0.002777,0.000103,0.059940,-0.023183,-0.001154,0.028369,0.999328
B,9.6000,R_IndexIntermediate,0.000000,0.000000,0.037519,0.148891,0.003273,-0.026319,0.988498
B,9.6000,R_IndexDistal,0.000000,0.000000,0.024042,0.020364,0.025691,-0.016548,0.999326
B,9.6000,R_IndexTip,0.000292,0.001014,0.022122,0.000000,0.000000,0.000000,1.000000
B,9.6000,R_LittleMetacarpal,0.022751,-0.009318,0.033706,0.018312,0.140343,-0.207036,0.968042
B,9.6000,R_LittleProximal,-0.000002,-0.000001,0.045159,-0.107869,0.027957,0.101423,0.988583
B,9.6000,R_LittleIntermediate,0.000000,0.000000,0.030389,0.233501,0.032152,-0.058195,0.970081
B,9.6000,R_LittleDistal,0.000000,0.000000,0.020093,0.050806,-0.049067,0.000902,0.997502
B,9.6000,R_LittleTip,-0.000244,0.001203,0.021686,0.000000,0.000000,0.000000,1.000000
B,9.6000,R_MiddleMetacarpal,-0.004485,-0.006534,0.032883,0.000000,0.000000,0.000000,1.000000
B,9.6000,R_MiddleProximal,0.002778,0.004019,0.061733,0.019328,0.075637,-0.006953,0.996924
B,9.6000,R_MiddleIntermediate,0.000000,0.000000,0.042464,0.144012,0.002692,-0.012051,0.989499
B,9.6000,R_MiddleDistal,0.000000,0.000000,0.027253,-0.001329,0.000611,-0.043495,0.999053
B,9.6000,R_MiddleTip,0.000305,0.001125,0.024696,0.000000,0.000000,0.000000,1.000000
B,9.6000,R_Palm,-0.003096,-0.004525,0.063749,0.000000,0.000000,0.000000,1.000000
B,9.6000,R_RingMetacarpal,0.014831,-0.005951,0.034401,0.000000,0.000000,0.000000,1.000000
B,9.6000,R_RingProximal,0.002446,-0.000508,0.053337,-0.034654,0.106710,-0.045171,0.992659
B,9.6000,R_RingIntermediate,0.000000,0.000000,0.038576,0.168161,-0.002698,-0.037261,0.985052
B,9.6000,R_RingDistal,0.000000,0.000000,0.026287,0.069814,-0.029558,-0.007917,0.997091
B,9.6000,R_RingTip,0.000255,0.001591,0.024064,0.000000,0.000000,0.000000,1.000000
B,9.6000,R_ThumbMetacarpal,-0.031721,-0.011787,0.032059,-0.106299,-0.470108,0.517716,0.706874
B,9.6000,R_ThumbProximal,0.000000,0.000000,0.032163,0.164426,0.055553,-0.082428,0.981368
B,9.6000,R_ThumbDistal,0.000000,0.000000,0.033429,-0.049519,-0.064324,0.083344,0.993209
B,9.6000,R_ThumbTip,0.000663,0.001016,0.024326,0.000000,0.000000,0.000000,1.000000
B,9.6667,R_Wrist,0.023873,1.354699,0.518046,-0.378687,-0.288904,-0.217115,0.852052
B,9.6667,R_IndexMetacarpal,-0.020520,-0.007341,0.035022,0.000000,0.000000,0.000000,1.000000
B,9.6667,R_IndexProximal,-0.002777,0.000103,0.059940,-0.023183,-0.001154,0.028369,0.999328
B,9.6667,R_IndexIntermediate,0.000000,0.000000,0.037519,0.148891,0.003273,-0.026319,0.988498
B,9.6667,R_IndexDistal,0.000000,0.000000,0.024042,0.020364,0.025691,-0.016548,0.999326
B,9.6667,R_IndexTip,0.000292,0.001014,0.022122,0.000000,0.000000,0.000000,1.000000
B,9.6667,R_LittleMetacarpal,0.022751,-0.009318,0.033706,0.018312,0.140343,-0.207036,0.968042
B,9.6667,R_LittleProximal,-0.000002,-0.000001,0.045159,-0.107869,0.027957,0.101423,0.988583
B,9.6667,R_LittleIntermediate,0.000000,0.000000,0.030390,0.233501,0.032152,-0.058195,0.970081
B,9.6667,R_LittleDistal,0.000000,0.000000,0.020093,0.050806,-0.049067,0.000902,0.997502
B,9.6667,R_LittleTip,-0.000244,0.001203,0.021686,0.000000,0.000000,0.000000,1.000000
B,9.6667,R_MiddleMetacarpal,-0.004485,-0.006534,0.032883,0.000000,0.000000,0.000000,1.000000
B,9.6667,R_MiddleProximal,0.002778,0.004018,0.061733,0.019328,0.075637,-0.006953,0.996924
B,9.6667,R_MiddleIntermediate,0.000000,0.000000,0.042464,0.144012,0.002692,-0.012051,0.989499
B,9.6667,R_MiddleDistal,0.000000,0.000000,0.027253,-0.001329,0.000611,-0.043495,0.999053
B,9.6667,R_MiddleTip,0.000305,0.001125,0.024696,0.000000,0.000000,0.000000,1.000000
B,9.6667,R_Palm,-0.003096,-0.004525,0.063749,0.000000,0.000000,0.000000,1.000000
B,9.6667,R_RingMetacarpal,0.014831,-0.005951,0.034401,0.000000,0.000000,0.000000,1.000000
B,9.6667,R_RingProximal,0.002446,-0.000508,0.053337,-0.034654,0.106710,-0.045171,0.992659
B,9.6667,R_RingIntermediate,0.000000,0.000000,0.038576,0.168161,-0.002698,-0.037261,0.985052
B,9.6667,R_RingDistal,0.000000,0.000000,0.026287,0.069814,-0.029558,-0.007917,0.997091
B,9.6667,R_RingTip,0.000255,0.001591,0.024064,0.000000,0.000000,0.000000,1.000000
B,9.6667,R_ThumbMetacarpal,-0.031721,-0.011787,0.032059,-0.106299,-0.470108,0.517716,0.706874
B,9.6667,R_ThumbProximal,0.000000,0.000000,0.032163,0.164426,0.055554,-0.082428,0.981368
B,9.6667,R_ThumbDistal,0.000000,0.000000,0.033429,-0.049519,-0.064324,0.083344,0.993209
B,9.6667,R_ThumbTip,0.000663,0.001016,0.024326,0.000000,0.000000,0.000000,1.000000
B,9.7333,R_Wrist,0.023873,1.354698,0.518046,-0.378687,-0.288904,-0.217114,0.852052
B,9.7333,R_IndexMetacarpal,-0.020520,-0.007341,0.035022,0.000000,0.000000,0.000000,1.000000
B,9.7333,R_IndexProximal,-0.002777,0.000103,0.059940,-0.023183,-0.001154,0.028368,0.999328
B,9.7333,R_IndexIntermediate,0.000000,0.000000,0.037519,0.148891,0.003273,-0.026319,0.988498
B,9.7333,R_IndexDistal,0.000000,0.000000,0.024042,0.020364,0.025691,-0.016548,0.999326
B,9.7333,R_IndexTip,0.000292,0.001014,0.022122,0.000000,0.000000,0.000000,1.000000
B,9.7333,R_LittleMetacarpal,0.022751,-0.009318,0.033707,0.018312,0.140343,-0.207036,0.968042
B,9.7333,R_LittleProximal,-0.000002,-0.000001,0.045159,-0.107869,0.027957,0.101423,0.988583
B,9.7333,R_LittleIntermediate,0.000000,0.000000,0.030390,0.233501,0.032152,-0.058195,0.970081
B,9.7333,R_LittleDistal,0.000000,0.000000,0.020093,0.050806,-0.049067,0.000902,0.997502
B,9.7333,R_LittleTip,-0.000244,0.001203,0.021686,0.000000,0.000000,0.000000,1.000000
B,9.7333,R_MiddleMetacarpal,-0.004485,-0.006534,0.032883,0.000000,0.000000,0.000000,1.000000
B,9.7333,R_MiddleProximal,0.002778,0.004019,0.061733,0.019328,0.075637,-0.006953,0.996924
B,9.7333,R_MiddleIntermediate,0.000000,0.000000,0.042464,0.144012,0.002692,-0.012051,0.989499
B,9.7333,R_MiddleDistal,0.000000,0.000000,0.027253,-0.001329,0.000611,-0.043495,0.999053
B,9.7333,R_MiddleTip,0.000305,0.001125,0.024696,0.000000,0.000000,0.000000,1.000000
B,9.7333,R_Palm,-0.003096,-0.004525,0.063750,0.000000,0.000000,0.000000,1.000000
B,9.7333,R_RingMetacarpal,0.014831,-0.005951,0.034401,0.000000,0.000000,0.000000,1.000000
B,9.7333,R_RingProximal,0.002446,-0.000508,0.053337,-0.034654,0.106710,-0.045171,0.992659
B,9.7333,R_RingIntermediate,0.000000,0.000000,0.038576,0.168161,-0.002698,-0.037261,0.985052
B,9.7333,R_RingDistal,0.000000,0.000000,0.026287,0.069814,-0.029558,-0.007917,0.997091
B,9.7333,R_RingTip,0.000255,0.001591,0.024064,0.000000,0.000000,0.000000,1.000000
B,9.7333,R_ThumbMetacarpal,-0.031721,-0.011787,0.032059,-0.106299,-0.470108,0.517716,0.706874
B,9.7333,R_ThumbProximal,0.000000,0.000000,0.032163,0.164426,0.055553,-0.082428,0.981368
B,9.7333,R_ThumbDistal,0.000000,0.000000,0.033429,-0.049519,-0.064324,0.083344,0.993209
B,9.7333,R_ThumbTip,0.000663,0.001016,0.024326,0.000000,0.000000,0.000000,1.000000
B,9.8000,R_Wrist,0.023873,1.354697,0.518046,-0.378687,-0.288904,-0.217115,0.852052
B,9.8000,R_IndexMetacarpal,-0.020520,-0.007341,0.035022,0.000000,0.000000,0.000000,1.000000
B,9.8000,R_IndexProximal,-0.002777,0.000103,0.059940,-0.023183,-0.001154,0.028369,0.999328
B,9.8000,R_IndexIntermediate,0.000000,0.000000,0.037519,0.148891,0.003273,-0.026319,0.988498
B,9.8000,R_IndexDistal,0.000000,0.000000,0.024042,0.020364,0.025691,-0.016548,0.999326
B,9.8000,R_IndexTip,0.000292,0.001014,0.022122,0.000000,0.000000,0.000000,1.000000
B,9.8000,R_LittleMetacarpal,0.022751,-0.009318,0.033707,0.018312,0.140343,-0.207036,0.968042
B,9.8000,R_LittleProximal,-0.000002,-0.000001,0.045159,-0.107869,0.027957,0.101423,0.988583
B,9.8000,R_LittleIntermediate,0.000000,0.000000,0.030390,0.233501,0.032152,-0.058195,0.970081
B,9.8000,R_LittleDistal,0.000000,0.000000,0.020093,0.050806,-0.049067,0.000902,0.997502
B,9.8000,R_LittleTip,-0.000244,0.001203,0.021686,0.000000,0.000000,0.000000,1.000000
B,9.8000,R_MiddleMetacarpal,-0.004485,-0.006534,0.032883,0.000000,0.000000,0.000000,1.000000
B,9.8000,R_MiddleProximal,0.002778,0.004018,0.061733,0.019328,0.075637,-0.006953,0.996924
B,9.8000,R_MiddleIntermediate,0.000000,0.000000,0.042465,0.144012,0.002692,-0.012051,0.989499
B,9.8000,R_MiddleDistal,0.000000,0.000000,0.027253,-0.001329,0.000611,-0.043495,0.999053
B,9.8000,R_MiddleTip,0.000305,0.001125,0.024696,0.000000,0.000000,0.000000,1.000000
B,9.8000,R_Palm,-0.003096,-0.004525,0.063750,0.000000,0.000000,0.000000,1.000000
B,9.8000,R_RingMetacarpal,0.014831,-0.005951,0.034401,0.000000,0.000000,0.000000,1.000000
B,9.8000,R_RingProximal,0.002446,-0.000508,0.053337,-0.034654,0.106710,-0.045171,0.992659
B,9.8000,R_RingIntermediate,0.000000,0.000000,0.038576,0.168161,-0.002698,-0.037261,0.985052
B,9.8000,R_RingDistal,0.000000,0.000000,0.026287,0.069814,-0.029558,-0.007917,0.997091
B,9.8000,R_RingTip,0.000255,0.001591,0.024064,0.000000,0.000000,0.000000,1.000000
B,9.8000,R_ThumbMetacarpal,-0.031721,-0.011787,0.032059,-0.106299,-0.470108,0.517715,0.706874
B,9.8000,R_ThumbProximal,0.000000,0.000000,0.032163,0.164426,0.055554,-0.082428,0.981368
B,9.8000,R_ThumbDistal,0.000000,0.000000,0.033429,-0.049519,-0.064324,0.083344,0.993209
B,9.8000,R_ThumbTip,0.000663,0.001016,0.024326,0.000000,0.000000,0.000000,1.000000
B,9.8667,R_Wrist,0.023873,1.354695,0.518047,-0.378687,-0.288904,-0.217115,0.852052
B,9.8667,R_IndexMetacarpal,-0.020520,-0.007341,0.035022,0.000000,0.000000,0.000000,1.000000
B,9.8667,R_IndexProximal,-0.002777,0.000103,0.059940,-0.023183,-0.001154,0.028369,0.999328
B,9.8667,R_IndexIntermediate,0.000000,0.000000,0.037519,0.148891,0.003273,-0.026319,0.988498
B,9.8667,R_IndexDistal,0.000000,0.000000,0.024042,0.020364,0.025691,-0.016548,0.999326
B,9.8667,R_IndexTip,0.000292,0.001014,0.022122,0.000000,0.000000,0.000000,1.000000
B,9.8667,R_LittleMetacarpal,0.022751,-0.009318,0.033707,0.018312,0.140343,-0.207036,0.968042
B,9.8667,R_LittleProximal,-0.000002,-0.000001,0.045159,-0.107869,0.027957,0.101423,0.988583
B,9.8667,R_LittleIntermediate,0.000000,0.000000,0.030390,0.233501,0.032152,-0.058195,0.970081
B,9.8667,R_LittleDistal,0.000000,0.000000,0.020093,0.050806,-0.049067,0.000902,0.997502
B,9.8667,R_LittleTip,-0.000244,0.001203,0.021686,0.000000,0.000000,0.000000,1.000000
B,9.8667,R_MiddleMetacarpal,-0.004485,-0.006534,0.032883,0.000000,0.000000,0.000000,1.000000
B,9.8667,R_MiddleProximal,0.002778,0.004018,0.061733,0.019328,0.075637,-0.006953,0.996924
B,9.8667,R_MiddleIntermediate,0.000000,0.000000,0.042465,0.144012,0.002692,-0.012051,0.989499
B,9.8667,R_MiddleDistal,0.000000,0.000000,0.027253,-0.001329,0.000611,-0.043495,0.999053
B,9.8667,R_MiddleTip,0.000305,0.001125,0.024696,0.000000,0.000000,0.000000,1.000000
B,9.8667,R_Palm,-0.003096,-0.004525,0.063750,0.000000,0.000000,0.000000,1.000000
B,9.8667,R_RingMetacarpal,0.014831,-0.005951,0.034401,0.000000,0.000000,0.000000,1.000000
B,9.8667,R_RingProximal,0.002446,-0.000508,0.053337,-0.034654,0.106710,-0.045171,0.992659
B,9.8667,R_RingIntermediate,0.000000,0.000000,0.038576,0.168161,-0.002698,-0.037261,0.985052
B,9.8667,R_RingDistal,0.000000,0.000000,0.026287,0.069814,-0.029558,-0.007917,0.997091
B,9.8667,R_RingTip,0.000255,0.001591,0.024064,0.000000,0.000000,0.000000,1.000000
B,9.8667,R_ThumbMetacarpal,-0.031721,-0.011787,0.032059,-0.106299,-0.470108,0.517716,0.706874
B,9.8667,R_ThumbProximal,0.000000,0.000000,0.032163,0.164426,0.055554,-0.082428,0.981368
B,9.8667,R_ThumbDistal,0.000000,0.000000,0.033429,-0.049519,-0.064324,0.083344,0.993209
B,9.8667,R_ThumbTip,0.000663,0.001016,0.024326,0.000000,0.000000,0.000000,1.000000
B,9.9333,R_Wrist,0.023873,1.354694,0.518047,-0.378687,-0.288904,-0.217115,0.852052
B,9.9333,R_IndexMetacarpal,-0.020520,-0.007341,0.035022,0.000000,0.000000,0.000000,1.000000
B,9.9333,R_IndexProximal,-0.002777,0.000103,0.059940,-0.023183,-0.001154,0.028368,0.999328
B,9.9333,R_IndexIntermediate,0.000000,0.000000,0.037519,0.148891,0.003273,-0.026319,0.988498
B,9.9333,R_IndexDistal,0.000000,0.000000,0.024042,0.020364,0.025691,-0.016548,0.999326
B,9.9333,R_IndexTip,0.000292,0.001014,0.022122,0.000000,0.000000,0.000000,1.000000
B,9.9333,R_LittleMetacarpal,0.022751,-0.009318,0.033707,0.018312,0.140343,-0.207036,0.968042
B,9.9333,R_LittleProximal,-0.000002,-0.000001,0.045159,-0.107869,0.027957,0.101423,0.988583
B,9.9333,R_LittleIntermediate,0.000000,0.000000,0.030390,0.233501,0.032152,-0.058195,0.970081
B,9.9333,R_LittleDistal,0.000000,0.000000,0.020093,0.050806,-0.049067,0.000902,0.997502
B,9.9333,R_LittleTip,-0.000244,0.001203,0.021686,0.000000,0.000000,0.000000,1.000000
B,9.9333,R_MiddleMetacarpal,-0.004485,-0.006534,0.032883,0.000000,0.000000,0.000000,1.000000
B,9.9333,R_MiddleProximal,0.002778,0.004018,0.061733,0.019328,0.075637,-0.006953,0.996924
B,9.9333,R_MiddleIntermediate,0.000000,0.000000,0.042465,0.144012,0.002692,-0.012051,0.989499
B,9.9333,R_MiddleDistal,0.000000,0.000000,0.027253,-0.001329,0.000611,-0.043495,0.999053
B,9.9333,R_MiddleTip,0.000305,0.001125,0.024696,0.000000,0.000000,0.000000,1.000000
B,9.9333,R_Palm,-0.003096,-0.004525,0.063750,0.000000,0.000000,0.000000,1.000000
B,9.9333,R_RingMetacarpal,0.014831,-0.005951,0.034401,0.000000,0.000000,0.000000,1.000000
B,9.9333,R_RingProximal,0.002446,-0.000508,0.053337,-0.034654,0.106710,-0.045171,0.992659
B,9.9333,R_RingIntermediate,0.000000,0.000000,0.038576,0.168161,-0.002698,-0.037261,0.985052
B,9.9333,R_RingDistal,0.000000,0.000000,0.026287,0.069814,-0.029558,-0.007917,0.997091
B,9.9333,R_RingTip,0.000255,0.001591,0.024064,0.000000,0.000000,0.000000,1.000000
B,9.9333,R_ThumbMetacarpal,-0.031721,-0.011787,0.032059,-0.106299,-0.470108,0.517716,0.706874
B,9.9333,R_ThumbProximal,0.000000,0.000000,0.032163,0.164426,0.055553,-0.082428,0.981368
B,9.9333,R_ThumbDistal,0.000000,0.000000,0.033429,-0.049519,-0.064324,0.083344,0.993209
B,9.9333,R_ThumbTip,0.000663,0.001016,0.024326,0.000000,0.000000,0.000000,1.000000
